# Resource object code (Python 3)
# Created by: object code
# Created by: The Resource Compiler for Qt version 6.11.2
# WARNING! All changes made in this file will be lost!

from PySide6 import QtCore

qt_resource_data = b"\
\x00\x00\x03\xa6\
<\
svg xmlns=\x22http:\
//www.w3.org/200\
0/svg\x22  viewBox=\
\x220 0 48 48\x22 widt\
h=\x2248px\x22 height=\
\x2248px\x22><path fil\
l=\x22#4191fd\x22 d=\x22M\
35,43c-5.514,0-1\
0-4.486-10-10c0-\
3.562,1.916-6.88\
,5-8.66l3,5.196c\
-1.233,0.712-2,2\
.039-2,3.464 c0,\
2.168,1.832,4,4,\
4s4-1.832,4-4c0-\
1.425-0.767-2.75\
2-2-3.464l3-5.19\
6c3.084,1.78,5,5\
.099,5,8.66C45,3\
8.514,40.514,43,\
35,43z\x22/><path f\
ill=\x22#f52537\x22 d=\
\x22M29,22.629l-3-5\
.196c1.233-0.712\
,2-2.04,2-3.464c\
0-2.168-1.832-4-\
4-4s-4,1.832-4,4\
 c0,1.425,0.767,\
2.752,2,3.464l-3\
,5.196c-3.084-1.\
781-5-5.1-5-8.66\
1c0-5.514,4.486-\
10,10-10s10,4.48\
6,10,10 C34,17.5\
3,32.084,20.849,\
29,22.629z\x22/><pa\
th fill=\x22#6dd669\
\x22 d=\x22M13.001,43.\
028c-3.459,0-6.8\
27-1.793-8.678-4\
.997c-2.757-4.77\
6-1.115-10.903,3\
.66-13.661 c3.08\
5-1.781,6.917-1.\
781,10,0l-3,5.19\
6c-1.234-0.713-2\
.766-0.713-4,0c-\
1.878,1.084-2.54\
8,3.586-1.465,5.\
464 c1.084,1.877\
,3.586,2.549,5.4\
65,1.464c1.233-0\
.712,2-2.04,2-3.\
464h6c0,3.561-1.\
916,6.879-5,8.66\
 C16.413,42.598,\
14.695,43.028,13\
.001,43.028z\x22/><\
/svg>\
\x00\x00\x02H\
<\
svg t=\x22176507532\
9235\x22 class=\x22ico\
n\x22 viewBox=\x220 0 \
1024 1024\x22 versi\
on=\x221.1\x22 xmlns=\x22\
http://www.w3.or\
g/2000/svg\x22 p-id\
=\x222199\x22 width=\x222\
00\x22 height=\x22200\x22\
><path d=\x22M810.6\
66667 128H213.33\
3333c-47.061333 \
0-85.333333 38.2\
72-85.333333 85.\
333333v597.33333\
4c0 47.061333 38\
.272 85.333333 8\
5.333333 85.3333\
33h597.333334c47\
.061333 0 85.333\
333-38.272 85.33\
3333-85.333333V2\
13.333333c0-47.0\
61333-38.272-85.\
333333-85.333333\
-85.333333zM213.\
333333 213.33333\
3h384v597.333334\
H213.333333V213.\
333333z m469.333\
334 597.333334V2\
13.333333h128l0.\
085333 597.33333\
4H682.666667z\x22 p\
-id=\x222200\x22 fill=\
\x22#0064FF\x22></path\
></svg>\
\x00\x00\x01\xe4\
<\
?xml version=\x221.\
0\x22 encoding=\x22UTF\
-8\x22?><svg width=\
\x2232\x22 height=\x2232\x22\
 viewBox=\x220 0 48\
 48\x22 fill=\x22none\x22\
 xmlns=\x22http://w\
ww.w3.org/2000/s\
vg\x22><path fill-r\
ule=\x22evenodd\x22 cl\
ip-rule=\x22evenodd\
\x22 d=\x22M44 40.8361\
C39.1069 34.8632\
 34.7617 31.4739\
 30.9644 30.6682\
C27.1671 29.8625\
 23.5517 29.7408\
 20.1182 30.303V\
41L4 23.5453L20.\
1182 7V17.167C26\
.4667 17.2172 31\
.8638 19.4948 36\
.3095 24C40.7553\
 28.5052 43.3187\
 34.1172 44 40.8\
361Z\x22 fill=\x22none\
\x22 stroke=\x22#0064f\
f\x22 stroke-width=\
\x223\x22 stroke-linej\
oin=\x22miter\x22/></s\
vg>\
\x00\x00\x03\xfa\
\x00\
\x00\x0d{x\xda\xadV\xdbn\xe36\x10}\xcfW\x08\
\xda\x97\x16\xb0h\xde/\x8e\x9d\x05\x8aE\xbf`\xfb\x5c\
h%\xda\x16\x22\x8b\x86\xa4\xc4I\xbe\xbeC\xdd,[\
\xf6\x22N-A\x0f\x9c9C\x9e\x99\xc3!\xb5\xfc\xfe\
\xb6\xcb\x83W[V\x99+V!A8\x0cl\x91\xb8\
4+6\xab\xf0\x9f\x9f\x7fG:\x0c\xaa:.\xd28\
w\x85]\x85\x85\x0b\xbf?=,\xab\xd7\xcdC\x10\x04\
5\x84(L\x15\xc5\x9c`\xccx\xe8\x8dI\x1eW\xd5\
*\xcc\x12W4\xe3\xd7\xcc\x1e\xfero\xab\x10\x078\
0\x8a#\xa3\x89Q\x81\x91\x04\x09-\xb5nAG\x0a\
\xa41\xec\xa3,\x85\x11\xd7\xac\x19\x1e\xb2\xb4\xde\xc2\xd8\
`\xc4\xa9$\xb21nm\xb6\xd9z\x0eZ!\x8d\x8d\
\x11\x8d\xd5\xc7\x01\xbf\x96L\x05\xa9\xec\xe1[\xa4.)\
\xe2\x1dd\x90l\xe3\xa2\xb0\xf9\xbf\x9b2~G\x80k\
c\x8a\xe7*\x89\xf7v1\xe2\xc1\x82?\xb0%\x02\xdb\
T&|\x16PLY\x84UD\xc9\x9fM\x08\x14\xae\
\xa8\x16}\xe0*\xdc\xd6\xf5~1\x9f\x1f\x0e\x07\xd4\x1b\
\x91+7s\xbfj\xb5\x8f\x13[\xcd{\xfb(\xbe\xe7\
7\xc4\xf7\x06T\xb9\x972\xb1k\x98\xc2\xa2\xc2\xd6\xf3\
\x1f?\x7f\x0c\xce\x08\xa3\xb4N\x8f\xd3\x9c\xac~`\xcd\
\xba\x14c<\xef\xf3\xeb\x16{\xdd\xfc\x16\xf9\x04\xd0e\
j\xd7\x95\x0fi\x0b\xe9G<\x0c\xe6\x8dk(\xa6\xcf\
)\xf5\xba\x1e\x81\x83\xa9\xad;\x08\x18ol\xe2rW\
\xae\xc2o\xeb\xe6\xe9\x1c\xbf\x5c\x99\xda\xb2w\xe1\xe69\
q9\xa8VV\xbf\xc3\x86ATt\x9eA\xa0j\xeb\
\x0e~\xeaj\x1b\xa7\xee\xb0\x0a\xe99\xc0;G3\xe0\
K\xfedk\x93g[\xferq\x09\xd4'\x90\xd4V\
\xcf=\xbf\x94\xf8\xb7C\xf8\xc57/\x19\xf8Wa]\
\xbe\xd8\xf3\xc0\x0f\xe7v~\xeb\x18n4W\xe7\xde\x04\
z@\x11D\xb5\x92|\x92W\x02l9E\x8c\x10L\
&9\x1d\xb2\x02\x92\x8d\xba&\xa0B\xe2+\x88\xa1#\
\x18\xe3W @\x22\x22\xe4\x8a\x13H0|m\xf9]\
\xfc\x96\xed\xb2\x0f\xeb\xfbrB\xff\xa5,mQGy\
\xfcn\xcb\xae\xff\x9e\x1a\xccq\xd74\x95k\xe3`{\
\xb8*\xab\x9bNc\x86!!\xa9\x923\x8d\x15\x12\x94\
\x8a\x9e@\x10\xb82\x83Y\xe3\x16\x88g\x11\x19<~\
\xcf5\x13\x8a\xa3\xa9'\x93;P\x17\xfc\xeb8\xafl\
\xb7y?A\x842\x85\xb0Q\x9a\xce(Pb\xa0 \
\xbb\x85\x88\xbc\x1b\x11\xc5\x0d\x22Lc>c\x12*\x22\
\xb9\xb9\x85\x87\xba\x1b\x8f\xa32Jjd\x0c\xef\x0e\xeb\
\x09\x112\xc3S\x1e\xfa\x8e\xc2h\x04\x17\x8c\xe2 \x0c\
Gp\xd7\x10s\x03\x0fs?]\x04\xdc>\x02\x1b\xd0\
E\x09\xc49\xe5\xfc\x06\x1e\x04\x7f\x8e\xc8r>=g\
\x1b\xfb>\xae\xb7\xed\x0c\x10\xb1\x83\x0b\x09#\xad\x8d\xe4\
3\xe2\xab\xa2\x84\xa0A\x1c\x10C\xa1\x87\x98V`e\
\xc8HE9\x5c\xbb\x04>\xa6\x05\xd4\x0e\x94\x9c\xe1\xdf\
\xa0\xa21\xec\xa3c\xbc\xce\xf2\xdc\x9f\x85\x9aX\xdco\
\xf3\xe1\x82\xee\x0d~\xe8)\xb2\xa8\xafJU\xbf\xe7p\
3\xfa\xe8\xc57\xa3\xfc\xfb\xe8\x07Qw>/ \x01\
\xce\x08ST>Vu\xe9\x9em{\xc4-(\x92\x98\
R\xd6\x17\xe4<q%\x91\x12\x84\x9b\x96<!\xca\xf8\
\xc4\x89\x84\xd9$\x88\x03\x06\xa4(5\xb2K\x892\x86\
\xa4a\x9a\xf9\xc4\xaf\xa2\xa21\xeck\x89\x9f\xa6}\x92\
\x11\xfc\xeb(\xc3\xe4c[\x0b\x1e\xfb\xf7\xb4\x16\xe4J\
\xb6B\x1bd\x18\xa7t&5\xdc,D*1\x92Y\
\x0f\x02\x8aS\x99\xd5H\xe5)(\x1a\xa1\xbe*r\x84\
o\x95\xf9\x16\x91\xa5\x14H\x19@4i+\x01\xd7\xd2\
Hd1\xc8\xa7NE6#\x8d\xa7\xa0h\x84\xfab\
\xda\xfaR\xd2\x17\xf5|\xbc\xb4\x01\xaed\x0b\x12\xb7\x8f\
\x8d\xfca\x0b\x87\xbeP\x84}\xa6\x9d\x15m\xff\xa00\
\xf9T[\x9f\xc0\xbf\xae\xfcm-N\xb4\xe4\xb7h\x0f\
\x87\xab\x96\x10\xd4T\x02.!~\xb1\xbd\xf5Y{\xab\
\x8b\xed\xad\xcf\xdb\xfb\x7fly\x1d\x89;\xa8\xbf\xf4\xff\
\xdaO\x0f\xff\x01\xbd\x08\x88\x04\
\x00\x00\x04\x05\
\x00\
\x00\x0dzx\xda\xadV\xc9n\xe38\x10\xbd\xe7+\x04\
\xf5\xa5\x07\xb0h\xee\x8bc\xa7\x81Fc\xbe\xa0\xe7<\
\x90%\xda\x16\x22\x8b\x86\xa4\xc4I\xbe~\x8a\xda,o\
\x0d;\x13\x09:\xb0\xea\x15\xf9\xaa\x1e\x8b\xd4\xfc\xc7\xdb\
6\x0f^mYe\xaeX\x84\x04\xe10\xb0E\xe2\xd2\
\xacX/\xc2\x7f~\xff\x1d\xe90\xa8\xea\xb8H\xe3\xdc\
\x15v\x11\x16.\xfc\xf1\xf40\xaf^\xd7\x0fA\x10\xd4\
\x10\xa20U\x14s\x821\xe3\xa17&y\x5cU\x8b\
0K\x5c\xd1\x8c_3\xbb\xff\xe9\xde\x16!\x0ep`\
\x14GF\x13\xa3\x02#\x09\x12Zj\xdd\x82\x0e\x14H\
c\xd8EY\x0a#\xaeY3\xdcgi\xbd\x81\xb1\xc1\
\x88SIdc\xdc\xd8l\xbd\xf1\x1c\xb4B\x1a\x1b#\
\x1a\xab\x8f\x03~-\x99\x0aR\xd9\xc17K]R\xc4\
[\xc8 \xd9\xc4Ea\xf3\x7f\xd7\x08@m@\xf1\x5c\
%\xf1\xce\xceF$X\xf0\x1d[\x22\xb0Me\xc2'\
\x01\xc5\x94EXE\x94\xfc\xd5\x84@\xd5\x8aj\xd6\x07\
.\xc2M]\xeff\xd3\xe9~\xbfG\xbd\x11\xb9r=\
\xf5KV\xbb8\xb1\xd5\xb4\xb7\x8f\xe2{rC|o\
@\x95{)\x13\xbb\x82),*l=\xfd\xf5\xfb\xd7\
\xe0\x8c0J\xeb\xf40\xcd\xd1\xea{\xd6\xacK1\xc6\
\xd3>\xbfn\xb1\xd7\xf5\x1f\x91O\x00\x9d\xa7vU\xf9\
\x90\xb6\x8a~\xc4\xc3`\xda\xb8\x86J\xfa\x9cR/\xea\
\x018\x98\xda\xa2\x83z\xf1\xda&.w\xe5\x22\xfc\xb6\
j\x9e\xce\xb1tej\xcb\xde\x85\x9b\xe7\xc8\xe5\xa0Z\
Y\xfd\x0e\xbb\x05Q\xd1y\x06\x81\xaa\x8d\xdb\xfb\xa9\xab\
M\x9c\xba\xfd\x22\xa4\xa7\x00\xef\x1c\xcd\x80/\xf9\x93\x8d\
M\x9em\xb9tq\x09\xd4\xcf \xa9\xad\x9e{~)\
\xf1o\x87\xf0\x8b\xaf_2\xf0/\xc2\xba|\xb1\xa7\x81\
\x1f\xcem\xfd\xd61\xdch\xaeN\xbd\x094\x80\x22\x88\
j%\xb9<s\x02[N\x11#\x04\x13v\xea\xdcg\
\x05$\x1bu\x1d@\x85\xc4W\x10C;0\xc6\xaf@\
\x80DD\xc8\x15'\x90`\x98^qn\xe3\xb7l\x9b\
}X\xdf\x94g\xf4_\xca\xd2\x16u\x94\xc7\xef\xb6\xec\
\x9a\xef\xa9\xc1\x1cvMS\xb96\x0e\xb6\x87\xab\xb2\xba\
\xe94f\x18\x12\x92*9\xd1X!A\xa9\xe8\x09\x04\
\x81+3\x985n\x81x\x12\x91\xc1\xe3\xf7\x5c3\xa1\
8\x98z2\xb9\x03u\xc1\xbf\x8a\xf3\xcav\x9b\xf7\x06\
\x22\x94)\x84\x8d\xd2tB\x81\x12\x03\x05\xd9=D\xe4\
\x97\x11Q\xdc \xc24\xe6\x13&\xa1\x22\x92\x9b{x\
\xa8/\xe3qPFI\x8d\x8c\xe1\xddI}F\x84L\
\xf09\x0f\xfd\x85\xc2h\x04\xb7\x8b\xe2 \x0cGp\xd1\
\x10s\x07\x0f\xf3u\xba\x08\xb8z\x046\xa0\x8b\x12\x88\
s\xca\xf9\x1d<\x08\xbe\x8d\xc8|z~\xce6\xf6]\
\x5co\xda\x19 b\x0b\x17\x12FZ\x1b\xc9'\xc4W\
E\x09A\x838 \x86B\x0f1\xad\xc0\xca\x90\x91\x8a\
r\xb8s\x09|L\x0b\xa8\x1d(9\xc1\x7f@Ec\
\xd8G\xc7x\x95\xe5\xb9?\x0b5\xb1\xb8\xdf\xe6\xc3\xed\
<\x1ce0\xf4\x14Y\xd4W\xa5\xaa\xdfs\xb8\x19}\
\xf4\xec\x9bQ\xfe}\xf4\x83\xa8;\x9fg\x90\x00g\x84\
)*\x1f\xab\xbat\xcf\xb6=\xe2f\x14IL)\xeb\
\x0br\x9a\xb8\x92H\x09\xc2MK\x9e\x10e|\xe2D\
\xc2l\x12\xc4\x01\x03R\x94\x1a\xd9\xa5D\x19C\xd20\
\xcd|\xe2WQ\xd1\x18\xf6\xb9\xc4\x8f\xd3>\xca\x08~\
t\x94a\xf2\xb1\xad\x05\x8f\xfd{\x5c\x0br%[\xa1\
\x0d2\x8cS:\x91\x1an\x16\x22\x95\x18\xc9\xac\x07\x01\
\xc5\xb1\xccj\xa4\xf29(\x1a\xa1>+r\x84\xef\x95\
\xf9\x1e\x91\xa5\x14H\x19@4i+\x01\xd7\xd2Hd\
1\xc8\xa7\x8eE6#\x8d\xcfA\xd1\x08\xf5\xc9\xb4\xf5\
\xa5\xa4/\xea\xf9xi\x03\x5c\xc9\x16$n\x1f\x1b\xf9\
\xc3\x16\x0e}\xa1\x08\xbb\xa5\x9d\x15m\xff\xa00\xb9\xa9\
\xad\x8f\xe0\x9fW\xfer\x8bS\xbdT\xd4\x9cj/\xa8\
fLrr\x8f\xfap\xbcjIt[\x0b\xb8\x86\xf8\
\xc5\x06\xd7'\x0d\xae.6\xb8>m\xf0\xff\xb1\xe9u\
$.&\x8e\x97Kr\xbb\xfes\xff\xb7\xfd\xf4\xf0\x1f\
\xe5\xb8\x872\
\x00\x00\x08\xe9\
<\
svg fill=\x22#0064f\
f\x22 viewBox=\x220 0 \
56 56\x22 xmlns=\x22ht\
tp://www.w3.org/\
2000/svg\x22 stroke\
=\x22#0064ff\x22><g id\
=\x22SVGRepo_bgCarr\
ier\x22 stroke-widt\
h=\x220\x22></g><g id=\
\x22SVGRepo_tracerC\
arrier\x22 stroke-l\
inecap=\x22round\x22 s\
troke-linejoin=\x22\
round\x22></g><g id\
=\x22SVGRepo_iconCa\
rrier\x22><path d=\x22\
M 27.9999 54.402\
4 C 41.0546 54.4\
024 51.9063 43.5\
742 51.9063 30.4\
961 C 51.9063 18\
.9649 43.4687 9.\
1914 32.5234 7.0\
351 L 32.5234 3.\
7070 C 32.5234 2\
.0430 31.3749 1.\
5976 30.0858 2.5\
117 L 22.6093 7.\
7383 C 21.5546 8\
.4883 21.5312 9.\
6133 22.6093 10.\
3867 L 30.0624 1\
5.6367 C 31.3749\
 16.5742 32.5234\
 16.1289 32.5234\
 14.4414 L 32.52\
34 11.0898 C 41.\
3827 13.1055 47.\
8983 21.0039 47.\
8983 30.4961 C 4\
7.8983 41.5586 3\
9.0390 50.4180 2\
7.9999 50.4180 C\
 16.9374 50.4180\
 8.0546 41.5586 \
8.0780 30.4961 C\
 8.1014 23.8398 \
11.3358 17.9570 \
16.3280 14.3945 \
C 17.2890 13.668\
0 17.5936 12.566\
4 16.9843 11.582\
0 C 16.4218 10.6\
211 15.1327 10.3\
633 14.1014 11.1\
602 C 8.0546 15.\
5430 4.0937 22.6\
211 4.0937 30.49\
61 C 4.0937 43.5\
742 14.9218 54.4\
024 27.9999 54.4\
024 Z M 35.8749 \
40.3633 C 39.765\
5 40.3633 42.320\
2 36.6836 42.320\
2 31.0586 C 42.3\
202 25.3867 39.7\
655 21.6602 35.8\
749 21.6602 C 31\
.9609 21.6602 29\
.4296 25.3867 29\
.4296 31.0820 C \
29.4296 36.7070 \
31.9843 40.3633 \
35.8749 40.3633 \
Z M 19.9374 40.3\
867 C 24.2733 40\
.3867 26.6405 36\
.8945 26.6405 30\
.5664 C 26.6405 \
27.4961 25.9843 \
25.1289 24.7187 \
23.6992 C 23.664\
0 22.4102 22.117\
1 21.7070 20.218\
7 21.7070 C 16.4\
921 21.7070 14.1\
014 24.1680 14.1\
014 28.0351 C 14\
.1014 31.4570 16\
.3749 33.8711 19\
.5390 33.8711 C \
21.5312 33.8711 \
23.0546 32.9102 \
23.8280 31.3867 \
C 23.8280 35.160\
2 22.2812 37.691\
4 19.9140 37.691\
4 C 18.7890 37.6\
914 17.8514 37.1\
289 17.3124 36.1\
680 C 16.9140 35\
.5351 16.5155 35\
.2773 15.9062 35\
.2773 C 15.1796 \
35.2773 14.5702 \
35.9102 14.5702 \
36.6367 C 14.570\
2 36.9180 14.593\
6 37.1524 14.757\
7 37.4805 C 15.2\
265 38.4414 16.8\
436 40.3867 19.9\
374 40.3867 Z M \
20.3358 31.3867 \
C 18.3905 31.386\
7 17.0546 30.003\
9 17.0546 27.894\
5 C 17.0546 25.6\
914 18.3671 24.3\
086 20.3358 24.3\
086 C 22.2577 24\
.3086 23.5936 25\
.8086 23.5936 27\
.9414 C 23.5936 \
29.9805 22.2343 \
31.3867 20.3358 \
31.3867 Z M 35.8\
749 37.5273 C 33\
.8124 37.5273 32\
.4765 35.0664 32\
.4765 31.0586 C \
32.4765 26.9805 \
33.7890 24.4961 \
35.8749 24.4961 \
C 37.9843 24.496\
1 39.2499 26.957\
0 39.2499 31.058\
6 C 39.2499 35.0\
664 37.9609 37.5\
273 35.8749 37.5\
273 Z\x22></path></\
g></svg>\
\x00\x00\x08\xd9\
<\
svg fill=\x22#0064f\
f\x22 viewBox=\x220 0 \
56 56\x22 xmlns=\x22ht\
tp://www.w3.org/\
2000/svg\x22><g id=\
\x22SVGRepo_bgCarri\
er\x22 stroke-width\
=\x220\x22></g><g id=\x22\
SVGRepo_tracerCa\
rrier\x22 stroke-li\
necap=\x22round\x22 st\
roke-linejoin=\x22r\
ound\x22></g><g id=\
\x22SVGRepo_iconCar\
rier\x22><path d=\x22M\
 27.9999 54.4024\
 C 41.0546 54.40\
24 51.9063 43.57\
42 51.9063 30.49\
61 C 51.9063 22.\
6211 47.9219 15.\
5430 41.8983 11.\
1602 C 40.8671 1\
0.3633 39.5780 1\
0.6211 38.9921 1\
1.5820 C 38.4062\
 12.5664 38.7109\
 13.6680 39.6483\
 14.3945 C 44.64\
05 17.9570 47.89\
83 23.8398 47.92\
19 30.4961 C 47.\
9454 41.5586 39.\
0390 50.4180 27.\
9999 50.4180 C 1\
6.9374 50.4180 8\
.1014 41.5586 8.\
1014 30.4961 C 8\
.1014 21.0039 14\
.6171 13.1055 23\
.4765 11.0898 L \
23.4765 14.4649 \
C 23.4765 16.128\
9 24.6249 16.574\
2 25.8905 15.660\
2 L 33.3905 10.4\
102 C 34.4452 9.\
6836 34.4687 8.5\
586 33.3905 7.78\
51 L 25.9140 2.5\
351 C 24.6249 1.\
5976 23.4765 2.0\
430 23.4765 3.73\
05 L 23.4765 7.0\
351 C 12.5077 9.\
1680 4.0937 18.9\
649 4.0937 30.49\
61 C 4.0937 43.5\
742 14.9218 54.4\
024 27.9999 54.4\
024 Z M 35.9452 \
40.3633 C 39.835\
8 40.3633 42.390\
5 36.6836 42.390\
5 31.0586 C 42.3\
905 25.3867 39.8\
358 21.6602 35.9\
452 21.6602 C 32\
.0312 21.6602 29\
.4999 25.3867 29\
.4999 31.0820 C \
29.4999 36.7070 \
32.0546 40.3633 \
35.9452 40.3633 \
Z M 20.0077 40.3\
867 C 24.3202 40\
.3867 26.7109 36\
.8945 26.7109 30\
.5664 C 26.7109 \
27.4961 26.0546 \
25.1289 24.7655 \
23.6992 C 23.734\
3 22.4102 22.187\
4 21.7070 20.289\
0 21.7070 C 16.5\
624 21.7070 14.1\
718 24.1680 14.1\
718 28.0351 C 14\
.1718 31.4570 16\
.4452 33.8711 19\
.6093 33.8711 C \
21.5780 33.8711 \
23.1249 32.9102 \
23.8983 31.3867 \
C 23.8983 35.160\
2 22.3280 37.691\
4 19.9609 37.691\
4 C 18.8593 37.6\
914 17.9218 37.1\
289 17.3593 36.1\
680 C 16.9843 35\
.5351 16.5858 35\
.2773 15.9765 35\
.2773 C 15.2265 \
35.2773 14.6405 \
35.9102 14.6405 \
36.6367 C 14.640\
5 36.9180 14.664\
0 37.1524 14.828\
0 37.4805 C 15.2\
733 38.4414 16.9\
140 40.3867 20.0\
077 40.3867 Z M \
20.4062 31.3867 \
C 18.4609 31.386\
7 17.1249 30.003\
9 17.1249 27.894\
5 C 17.1249 25.6\
914 18.4374 24.3\
086 20.4062 24.3\
086 C 22.3046 24\
.3086 23.6640 25\
.8086 23.6640 27\
.9414 C 23.6640 \
29.9805 22.3046 \
31.3867 20.4062 \
31.3867 Z M 35.9\
452 37.5273 C 33\
.8827 37.5273 32\
.5468 35.0664 32\
.5468 31.0586 C \
32.5468 26.9805 \
33.8593 24.4961 \
35.9452 24.4961 \
C 38.0312 24.496\
1 39.3202 26.957\
0 39.3202 31.058\
6 C 39.3202 35.0\
664 38.0077 37.5\
273 35.9452 37.5\
273 Z\x22></path></\
g></svg>\
\x00\x00\x04H\
<\
svg xmlns=\x22http:\
//www.w3.org/200\
0/svg\x22 width=\x2214\
\x22 height=\x2216\x22 fi\
ll=\x22none\x22>\x0a    <\
path fill=\x22red\x22 \
fill-rule=\x22eveno\
dd\x22\x0a        d=\x22M\
7 0h-.094c-.44 0\
-.826 0-1.183.08\
7a3 3 0 0 0-1.81\
7 1.31c-.197.311\
-.319.677-.458 1\
.095L3.28 3H0v2h\
14V3h-3.28l-.168\
-.508c-.14-.418-\
.26-.784-.458-1.\
095A3 3 0 0 0 8.\
277.087C7.92 0 7\
.535 0 7.094 0H7\
Zm1.612 3c-.127-\
.376-.166-.468-.\
208-.534a1 1 0 0\
 0-.606-.437C7.7\
08 2.007 7.588 2\
 7 2c-.588 0-.70\
9.007-.798.03a1 \
1 0 0 0-.606.436\
c-.042.066-.08.1\
58-.208.534h3.22\
4Z\x22\x0a        clip\
-rule=\x22evenodd\x22>\
</path>\x0a    <pat\
h fill=\x22red\x22\x0a   \
     d=\x22m2.993 6\
.383.585 4.968c.\
102.866.169 1.42\
2.27 1.829.095.3\
8.19.5.266.567.0\
76.068.206.148.5\
94.198.417.053.9\
76.055 1.849.055\
h.886c.873 0 1.4\
32-.002 1.849-.0\
55.388-.05.518-.\
13.594-.198.076-\
.067.171-.188.26\
6-.567.101-.407.\
168-.963.27-1.83\
l.585-4.967 1.98\
6.234-.591 5.028\
c-.093.789-.174 \
1.473-.31 2.019-\
.146.587-.385 1.\
14-.877 1.578-.4\
92.438-1.07.61-1\
.67.687C8.987 16\
 8.298 16 7.504 \
16H6.496c-.794 0\
-1.483 0-2.041-.\
071-.6-.077-1.17\
8-.25-1.67-.687-\
.492-.438-.731-.\
99-.877-1.578-.1\
36-.546-.217-1.2\
3-.31-2.02l-.591\
-5.027 1.986-.23\
4Z\x22>\x0a    </path>\
\x0a</svg>\
\x00\x000\xc8\
\x89\
PNG\x0d\x0a\x1a\x0a\x00\x00\x00\x0dIHDR\x00\
\x00\x02\x00\x00\x00\x02\x00\x08\x06\x00\x00\x00\xf4x\xd4\xfa\
\x00\x00 \x00IDATx^\xed\xdd\x0b\xbcu\xd5\
\xb8\xc7\xf1\xff!r)%\xba\x11]\x84\x10\xa2r\xa8\
(\x94k.\x07\xa1r)\x878\xaaC*\xa4PR\
.]\x94\xfb\xe5\x10\xba\x22r\x09\xb9v/t\xa7R\
\x8a:\xdd\xa5\x14\xa7R)\xce\xe7\xd9\x8d9\xac\xf6\xbb\
\xdfw\xef\xbd\xd6\x9ck=\xcf3\x7f\xdf\xcfg}\xde\
w\x8d\x8e\xb3\xc6\x98s\xefw\xfc\xd7\x98s>\xe3\xdf\
\x04\x00\xe8\xb35$m*iyI+IZA\xd2\
*\xe5\x80\x5cS^WH\xbaR\xd2I\xe5\x85\x04\xfe\
-\xc1\x18\x00\x00\xf3\xb3\xb1\xa4\x17\x96\x89\x7f\xf5\xda:\
7\xd7I:Z\xd2\xf7\xcb\x9f\xb7\xd6\xff\x82P\x08\x00\
\x00\xd0\x0fKI\xdaR\xd2\x16\x92\xd6oi\xc8gK\
:\xac\xbcl\x85\x00\x81\x10\x00\x00 ?\x9b\xf4\xede\
\xdf\xfa\xbbp\xdc@\x10\xb8\xb9\xb6\xc25\x02\x00\x00\xe4\
\xf5\x10I\xef\x90\xb4\xe3\x98\x86\xf8\x05I\xfbK\xba`\
L\x9f\x87\x11\x10\x00\x00 \xa7\xb5\xcb\xc4\xbf\xf9\x98\x87\
g\xf7\x06\xec'\xe9\xd81\x7f.\xe6\x89\x00\x00\x00\xf9\
\xd8\x9d\xfc?\x94\xb4\xd6\x84\x86fO\x0el\xc6\x13\x03\
\xbe\x11\x00\x00 \x97\xf5$\xed+\xe9i\x13\x1e\x96]\
\x06\xd8\xa9<-\x00\x87\x08\x00\x00\x90\xc7\xaae\xf2\x7f\
\x99\x93!\xd9e\x00\x0b\x01g:\xe9\x0f\x06\x10\x00\x00\
 \x87\xfb\x94\xc9\x7f[g\xc3\xb1'\x03,\x04\x5c\xed\
\xac_\xbdG\x00\x00\x80\x1c^*\xe9(\xa7C\xb1`\
\xb2\xb3\xd3\xbe\xf5\x16\x01\x00\x00\xe2{\x8c\xa4C$=\
\xd9\xe9P.\x93\xf4\x1aI':\xed_/\x11\x00\x00\
 \xbe\x0fJ\xda\xd5\xf90>'\xe9-\xce\xfb\xd8+\
\x04\x00\x00\x88\xcd\xca\xfa\xda\xb7\xfff\x03\x1f\xafn*\
\xab\x00\xdf\xf1\xda\xc1\xbe!\x00\x00@l\xbbI\xda3\
\xc8\x10\x8e\x91\xf4\xfc }M\x8f\x00\x00\x00q\xdd\xab\
\x14\xdbyJ\x90!\xd8\xbd\x00\x1bH\xba<H\x7fS\
#\x00\x00@\x5c\x1b\x05,\xb9k\xa5\x89\x8f\x88{\xc8\
\xf3 \x00\x00@\x5c\xef\x91\xb4W\xb0\xee\x7fR\xd2\xf6\
\xc1\xfa\x9c\x12\x01\x00\x00\xe2\xb2\xe7\xfe\xed\xf9\xffH\xae\
\x93\xb4l\xa4\x0egE\x00\x00\x80\xb8~/i\xb5`\
\xdd\xff\xbb\xa4\x15%]\x1f\xac\xdf\xe9\x10\x00\x00 \xa6\
\xa5$]%\xe9~\x01\xbb\xbf\xa6\xa4\xf3\x02\xf6;\x15\
\x02\x00\x00\xc4\xf4hij\xc7\xbd\x886\x96\xf4\xb3\x88\
\x1d\xcf\x84\x00\x00\x001m(\xe9\xb8\x98]\xd7kK\
\xf1\x22L\x10\x01\x00\x00b\x8a\xf8\x08`c\x0fI\xbb\
\xd7w\x98\x08\x02\x00\x00\xc4\xe4y\xf7\xbf\xd9\xec \xe9\
\x80\xfa\x0e\x13A\x00\x00\x80\x98\x08\x00\x18\x09\x01\x00\x00\
b\x22\x00`$\x04\x00\x00\x88\x89\x00\x80\x91\x10\x00\x00\
 &\x02\x00FB\x00\x00\x80\x98\x08\x00\x18\x09\x01\x00\
\x00b\x22\x00`$\x04\x00\x00\x88\x89\x00\x80\x91\x10\x00\
\x00 &\x02\x00FB\x00\x00\x80\x98\x08\x00\x18\x09\x01\
\x00\x00b\x22\x00`$\x04\x00\x00\x88\x89\x00\x80\x91\x10\
\x00\x00 &\x02\x00FB\x00\x00\x80\x98\x08\x00\x18\x09\
\x01\x00\x00b\x22\x00`$\x04\x00\x00\x88\x89\x00\x80\x91\
\x10\x00\x00 &\x02\x00FB\x00\x00\x80\x98\x08\x00\x18\
\x09\x01\x00\x00b\x22\x00`$\x04\x00\x00\x88\x89\x00\x80\
\x91\x10\x00\x00 &\x02\x00FB\x00\x00\x80\x98\x08\x00\
\x18\x09\x01\x00\x00\xda\xb7\x84\xa4\x15$\xadT[\xda\xb7\
\x96\xa4\x8f\xd5w\xb1|Y\xd2W:\xec\xf2u\x92\xae\
)\x7fb!\x08\x00\x000\x1a\x9b\xe4\x9f'\xe9\x85\x92\
\xd6(\x13\xff\xd2\xf5\xbfb\x92n-A\xe0\x02I\xc7\
K\xfav\xf9;\x08\x00\x000\x14\x9b\xe0\xb7\x93\xf4\x12\
I\xeb\xd4VDp\xb1\xa4\xa3%}J\x9a\xfa{o\
\xb1\x02\x00\x00s\xf7\x18I[\x96\xd7*\xb5\x15\x11\xfd\
I\xd2\xa1\xe5uz\xc4\x01\x8c\x8a\x00\x00\x00sc7\
\xdd\xed#i\xf5\xda\x82\x0cn\x94\xb4\x97\xa4\x03$\xdd\
\x91a@sE\x00\x00\x80E[U\xd2\x8e\x92\xb6\xad\
-\xc8\xe8`I\xfbI:'\xe3\xe0fB\x00\x00\x80\
\x85[\xafL\xfe/\xab-\xc8\xec\xa7%\x04\x1c\x93y\
\x90\x0d\x02\x00\x00\xcc\xcc\xee\xe6?\xb6\xdc\xd9\x8f\xfe\xb8\
I\xd2\xf3%\x9d\x94}\xc8\x04\x00\x00X\xd0\xda\x92\xf6\
\x95\xb4QmA\x9f\xfc\xba\xac\xfc\xd8\x8a@Z\x04\x00\
\x00\xb8\xbb\x15\xcb2\xf0\xe6\xb5\x05}d\x97\x01v\x92\
t^\xd6\xc1\x13\x00\x00\xe0\xee\xec\x9b\xbf}\xfb\x03\x0e\
*!\xe0\xcf\x19\x0f\x05\x01\x00\x00\xfee\x8b\xf2\x5c8\
\xd0x\xbb\xa4\x03\xeb\xbbD\x08\x00\x00p\x97\xa5\xca\xe4\
o%}\x81\xc6\xafJ\xe1\xa7tU\x03\x09\x00\x00p\
\x97\xb7\x96\xf2\xb0\xc0t\xef\x97\xf4\x81\xfa.\x09\x02\x00\
\x00H+\x97o\xff\xebs00\x83\x0b\xcb*\xc0\x19\
\xb5%\x01\x02\x00\x00H[IS7|\x01\x0b\xb3\x8b\
\xa4\x0f\xd7w\x09\x10\x00\x00@\xfa\x82\xa47r \xb0\
\x08\xb6\x83\xe0\x8b\xea\xbb\x04\x08\x00\x00\xfa\xee\x81\x92N\
.;\xfd\x01\x0bs\x83\xa4\x0d$\x9d_[\x82#\x00\
\x00\xe8\xbbM%}\xaf\xef\x07\x01s\xb2MY-J\
\x81\x00\x00\xa0\xef\xac\xd0\x8bm\xf3\x0b\xcc\xe6\xdb\x92\xfe\
\xa3\xbe\x0b\x8e\x00\x00\xa0\xef\xb8\xfe\x8f\xb9\xfa\x91\xa4\xe7\
\xd5w\xc1\x11\x00\x00\xf4\x9d-\xff\xdbe\x00`6\xe7\
HZ\xab\xbe\x0b\x8e\x00\x00\xa0\xefN/\xbb\xff\x01\xb3\
\xb9V\xd2C$\xddY[\x02#\x00\x00\xe8\xbb+\xcb\
?\xea\xc0\x5c\xac$M\xfd\xcc\x84G\x00\x00\xd0w\x97\
HZ\xa5\xef\x07\x01s\xb6\xaa\xa4K\xeb\xbb\xc0\x08\x00\
\x00\xfa\xee\xacL\xd7u\xd1\xa9\xeb\xcbj\xd1\xed\xb5%\
0\x02\x00\x80\xbe\xfba\xa6;\xbb\xd1\xa9\xf3$\xadY\
\xdf\x05G\x00\x00\xd0w_\x92\xb4u\xdf\x0f\x02\xe6\xe4\
\xa7\x926\xa9\xef\x82#\x00\x00\xe8\xbb\xdd$\xed\xd9\xf7\
\x83\x8099F\xd2\xf3\xeb\xbb\xe0\x08\x00\x00\xfa\xee\xe5\
\x92\x8e\xec\xfbA\xc0\x9cl/\xe9\x93\xf5]p\x04\x00\
\x00}\xb7\x82\xa4\x93$=\xa2\xef\x07\x02\x8btK\xd9\
\x0c\xc8n\x1aM\x81\x00\x00\x00\xd2W%\xbd\x96\x03\x81\
E\xf8\x89\xa4\xe7\xd4w\x09\x10\x00\x00@z\xb3\xa4\xcf\
r \xb0\x08\xbbK\xda\xa3\xbeK\x80\x00\x00\x00\xd2}\
\xa4\xa9\x82@v9\x00\x98\xc9\x93$\x9d]\xdf%@\
\x00\x00\x80\xbb\xec,\xe9\xa3\x1c\x0c\xcc\xc0~.\xdeU\
\xdf%A\x00\x00\x80\xbb<T\xd2\xa1\x926\xe4\x80`\
\x80\x15\xff\xd9\xb2\xec\x04\x98\x0a\x01\x00\x00\xfee\x1bI\
\x9f\xab\xef\x00iWI{g<\x10\x04\x00\x00\xb8\xbb\
\xa3$\xbd\xb4\xbeC\x9f],i]I7f<\x08\
\x04\x00\x00\xb8\xbb5$\xed+\xe9\x85\xb5\x05}t\x8a\
\xa4\x9d$\x9d\x9au\xf0\x04\x00\x00X\xd03%\xedW\
\xee\xfcF\xff\xd8v\xbf6\xf9\x7f3\xf3\xd0\x09\x00\x00\
03\xab\xfaf;\x05.Q[\xd0\x17;H: \
\xfb`\x09\x00\x00\xb0pv\x19`\xc7\xb2\x22\x80\xfc\xce\
,\x97\x7f\x0e\xcf?T\x11\x00\x00`\x16O.!`\
\x8b\xda\x82\x8c\x8e.\x97}\x8e\xcb8\xb8\x99\xb0\x02\x00\
\x00\xb3[L\xd2>\x92\xb6+\x7fG.6\xf9\xbfI\
\xd25\xb9\x86\xb5h\x04\x00\x00\x98\xbbg\x94\xa20\xf6\
\xba\x7fmETV\xf8\xc9^v\xafG\xef\x10\x00\x00\
`\xfe6*\x05b\xecOV\x04\xe2\xb1\x9a\xfe\x07J\
\xfar\xbc\xae\xb7\x87\x00\x00\x00\xc3{\xb8\xa4\xf5$\xad\
_^<6\xe8\xd3\xf9\x92N\x96\xa6\x9e\xed\xb7?/\
\xf2\xd9\xcd\xf1\x22\x00\x00@{l7A{\xad4\xf0\
gWV\x96\xb4U}\x17\x8b\xddhw|\x87]\xbe\
\xae\x5c\xcf\xbf\xa2\xfci\xcf\xf5c\x1a\x02\x00\x00\xc4d\
\xe5\x8a\xadlqD\xbdx\xce\xde;\x02\x00\x00\xc4D\
\x00\xc0H\x08\x00\x00\x10\x13\x01\x00#!\x00\x00@L\
\x04\x00\x8c\x84\x00\x00\x001\x11\x000\x12\x02\x00\x00\xc4\
D\x00\xc0H\x08\x00\x00\x10\x13\x01\x00#!\x00\x00@\
L\x04\x00\x8c\x84\x00\x00\x001\x11\x000\x12\x02\xc0\xec\
\xeeS*z5\xee(\xd5\xa5\x00`\x92\x08\x00\x18\x09\
\x01`A\xebHz\x9e\xa4\xb5%\xadQ^3\xb1\xd2\
\x92\xb6\xa1\xc4/%\x9d$\xe9\x17%\x1c\x00\xc08\x10\
\x000\x12\x02\xc0]V\x97\xb4\xad\xa4WO\xfb\xb6?\
\x1fV{\xdav\x96\xfa\x8a\xa4sk+\x00t\x83\x00\
\x80\x91\xf4=\x00\xd8\xc4\xff\xa1\xf2\x8b\xd4\xe6\x96\x9eG\
J\xdaE\xd2\xc5\xb5\x05\x00\xdaE\x00\xc0H\xfa\x1c\x00\
\xec\xdb\xfe\x17$-Q\x8fF\xbbn\x95t\x80\xa4\xbd\
$\xddT[\x01\xa0\x1d\x04\x00\x8c\xa4\x8f\x01\xc0\xae\xf1\
o'\xe9\xf5\xf5(t\xcb\xee\x0f\xf8\x9fri\x00\x00\
\xdaB\x00\xc0H\xfa\x16\x00\xb6(\x93\xff\xd3\xea\x11\x18\
\x8f\xdbK\x08\xb0\xd7Y\xe3\xf9H\x00\xc9\x11\x000\x92\
>\x05\x00\xbb\xb3\xff\x1b\x1d.\xf9\xcf\x85=>h\xfb\
`\xdb=\x02\x000\x0a\x02\x00F\xd2\x97\x00\xf0rI\
\x1f\x93\xf4\xb0:\xf2\xc9:\xa8\xac\x06\x9c2\xd9n\x00\
\x08\x8c\x00\x80\x91\xf4!\x00<E\xd2\xfe\x92\xd6\xaf\xa3\
\xf6\xe1\xfcr\x13\xa2\x05\x01n\x12\x040_\x04\x00\x8c\
${\x00\xb0g\xfa\xed\x9b\xbf\xdd\xf1\xef\xd5\x11%\x04\
\xfc\xcck\x07\x01\xb8D\x00\xc0H\xb2\x07\x80\x8fHz\
g\x1d\xad_\x97\x94\x10`+\x02\x7f\xf2\xdbM\x00\x8e\
\x10\x000\x92\xcc\x01`-I\xa7\xb5\x5c\xe0\xa7kV\
NxkI\x17\xd4\x16\x00\x98\x19\x01\x00#\xc9\x1a\x00\
\x16\x97\xa6\x96\xd6\xed\x17$\x9ak\x06V\x03.\x8b\xd6\
y\x00c\xb3\x91\xa4c\xc7\xf6i\xed\xdaC\xd2\xee\xf5\
\x1d&\x22k\x00\xb0b?\xf6\xed?2\xdbO\xe0M\
eU\x00\x00\xa6{V\xe0{\x87\xb6\xa28\xda\xe4e\
\x0d\x00\xf6\xed\xffU\x93?\xbc#\xfb\xcb\xc0\x93\x02\x17\
\xd6V\x00\x90\x1e+\xe9\xbc\xa0\x07\xc2\xea\xb2\xfc(h\
\xdf\xd3\xc8\x18\x00\x1e'\xe9\xe7\x92\x96Ks\x96\xa4\x13\
K\x08\xf8j\xa21\x01\x18\xcd2\x92\xae\x92\xa6.y\
F\xf3DI\xbf\x8e\xd6\xe9l2\x06\x80\xc87\xc6\xcc\
\xc6\xb6\x1b\xb6J\x827\xd6\x16\x00}v\xa9\xa4\x95\x83\
\x1d\x80\x7fHZQ\xd2\xb5\xc1\xfa\x9dN\xc6\x00`\x93\
\xe4\xb86\xfa\x99\x84\xd3\xcbj\x80\xbd\xee\x9cD\x07\x00\
\xb8\xf1Cij9=\x12\xdb)\xf5\xbe\x91:\x9cU\
\xc6\x00p\xa6\xa4'e=a\x03\xac\x9c\xb0\xdd\x1fp\
jm\x01\xd07\x1f\x90\xf4\xde`\x83\xb6\x7f\xb7\xb6\x09\
\xd6\xe7\x94\xb2\x05\x00\xdb\xe8\xe7\x86`\xcf\xfe\x8f\xc2.\
\x05\xd8%\x01[\xf5\x00\xd0?\xcf\x95tL\xb0a[\
\xad\x13\xfe\xcdr [\x00x\xba\xa4\x13\x1c\x1c\xd7q\
;\xbc\x5c\x12\xb0\x9b\x1f\x01\xf4\xc7\x92\xe5&a\xbb\xa9\
.\x02\xbb\xee\xbf\x81\xa4\x8b\x22t6\xbbl\x01\xe0\x85\
\x92\x8e\xce~\xd2\x16\xe2\x0f\x03\xf7\x06PN\x18\xe8\x8f\
OH\xda.\xc8p\xcf\xee\xc9%\xda\x10\xb2\x05\x80-\
$\x1d\x1a\xe2\xc8w\xe7;%\x04\xf45\x08\x01}\xf3\
\x1cI\x87HZ6\xc0\xc0_\xc3\xbf\xd1~d\x0b\x00\
\xf6\xc3u\xb0\x9f\xc3;1wH\xdaK\xd2\x07\xa5\xa9\
\xbf\x03\xc8\xcdv=}\xbb\xf3!\xda\x973\xfb7\x1a\
Nd\x0b\x00V^\xd2\xee\x8e\xc7]~\x5c\x9e\x148\
\x92\x03\x02\xa4\xb6nY\x05x\x94\xd3Q^/\xe9\xb5\
\xd2\xd4c\x8bp\x22[\x00\xb0\xbbK\xbf\xe4\xe4\xd8z\
aO\x0a4\xf7\x06PN\x18\xc8\xeb\xdd\x92>\xe4t\
xvI\xf2EN\xfb\xd6[\x04\x80\xfe\xa0\x9c0\x90\
\x9b\x95?\xdf\xb7|\xd3\xf6\xe4\xfb\x92vb\x9bs\x7f\
\xb2\x05\x807H\xfa\xa2\xbf\xc3\xec\xc6m\x03\xab\x01v\
7.\x80\x5c\xecq@\x0b\x01\x1b;\x19\xd6\x19\x92v\
\x0e\xbcmqj\x04\x80~j\xca\x09\xdb\xfd\x01V\x97\
\x1b@\x1eV\x1a\xd8B\x80m\x8c6I\xb6Q\x91M\
\xfe\x87M\xb2\x13X\xb8l\x01\xe0?\xcb\xc4\x86\xb9\xb1\
\xfb%\xecxQN\x18\xc8\xc5\x8a\xed\xd8\x0dwV\x1d\
u\x12\xec\xe9#\x9b\xfc\x0f\x98\xc4\x87cn\x08\x00\xb0\
\xfd\xc4\x9b\xd5\x80\x9b9\x1c@\x1a\x9bHz\xc7\x046\
\x0b:E\xd2\xfe\x92\xbe\x99\xe6H&E\x00@\x83r\
\xc2@>v\x19`Gi\xea\x09\xa9q\xb0I\x7f?\
V\x15c\xc8\x16\x00\xdeX\xbe\xc9b8M9a;\
\x86\xd7\xd5V\x00\x91-VJ\x05\xef*\xe9\xc1\x1d\x0d\
\xc4\x96\xfc?)i\x8f\xb2I\x19\x02 \x00`&\xdf\
.A\xc0\x1e\xdf\x01\x90\xc3\xea\xd2T\xb9t{=\xba\
\xa5!]Qn\xf2\xb3\xd79\xb5\x15!d\x0b\x00o\
\x92\xf4\xf9\x10G\xde\xbf\xab\x07V\x03.\xf7\xdf]\x00\
s\xb4\x82\xa4m%m*i\xad\xda:?\x97\x96\xfd\
F\xec\xb1k\x1e)\x0e\x8a\x00\x80\xd9\xfc\xa8\x04\x01\xca\
\x09\x03\xf9\xacT\x82\x80\xed\xa4j\xc1\xc0\xde\xdb\x9f\x83\
lI\xdf\xbe\xe9\xdb\xeb\xe4\xb2Bxn\xfd\xaf\x08+\
[\x00\xd8F\xd2\xe7\xc2\x9e\x0d\xbf\x9ar\xc2\xb6\x1a\xf0\
;\xbf\xdd\x04\xd0\x92U\xca\x9f\xd7H\xba\xb5\xfc\x1d\xc9\
\x10\x000\x1f'\x94 \xc0\x8e\x8b\x00\x10\x1c\x01\x00\xf3\
\xd5\x94\x13\xb6\xd5\x00n\xfa\x01\x80\xa0\xb2\x05\x807K\
\xfal\xd0s\x11\xcdi%\x08\xd8\x8br\xc2\x00\x10\x0c\
\x01\x00\xa3\xb2r\xc2\xb6\x1a\xf0\x8b\xda\x02\x00p/[\
\x00x\x8b\xa4\xcf\xb8?\xea\xf9\xd8\x1d\xc1\xcdj\x00\xe5\
\x84\x01 \x00\x02\x00\xdad\xe5\x84m5\xe0\xd8\xda\x02\
\x00p)[\x00\xf8/I\x9fvy\xa4\xfb\xe3\xf7\x03\
\xab\x01\x94\x13\x06\x00\xa7\x08\x00\xe8\x8a\x15\x0b\xb1\xd5\x80\
\x1f\xd4\x16\x00\x80\x1b\x04\x00t\xe9\xaa\x81\xd5\x00\xca\x09\
\x03\x80#\xd9\x02\xc0[%}\xca\xd1\xf1\xc5]\xac\x9c\
\xb0\xad\x06\xb0?8\x008A\x00\xc0\xb8\xdc0\xb0\x1a\
@9a\x00\x98\xb0l\x01\xc0v\xb8\xb2=\xa9\xe1\x17\
\xe5\x84\x01\xc0\x01\x02\x00&\xc16\x17iV\x03('\
\x0c\x00\x13\x90-\x00l'\xe9\x13\x138\x8e\x18NS\
N\xd8\xee\x0f\xf8gm\x05\x00t\x8e\x00\x00\x0f\xbeX\
\x82\x00\xe5\x84\x01`L\x08\x00\xf0\xa2)'l\xab\x01\
\xb7x\xe9\x14\x00d\x95-\x00l/\xe9\xe3YOV\
O\x1cV\x82\x00\xe5\x84\x01\xa0C\x04\x00x\xd4\x94\x13\
\xb6\xd5\x80\xeb=v\x10\x00\xa2\xcb\x16\x00\xfe[\xd2\x81\
\xd1O\x0a\xaa\xa3J\x10\xa0\x9c0\x00\xb4\x8c\x00\x00\xef\
\x9ar\xc2\xb6\x1ap\x85\xf7\xce\x02@\x14\xd9\x02\xc0\xdb\
$\x1d\x10\xe5\xe0c^\x8e)A\x80r\xc2\x00\xd0\x02\
\x02\x00\x22i\xca\x09\xdbj\xc0E\x91:\x0e\x00\xded\
\x0b\x00o\x97\xf41o\x07\x19\xad;\xbe\x04\x81Cj\
\x0b\x00`^\x08\x00\x88\xaa)'l\xab\x01\xbf\x8e:\
\x08\x00\x98\x14\x02\x00\xa2\xfbU\x09\x02\xf6\xa2\x9c0\x00\
\xccQ\xb6\x00\xb0\x83\xa4\xfd\xeb\xe8\xd0'VN\xd8V\
\x03~\xd9\xa7A\x03\xc0\xb0\x08\x00\xc8\xe47\x03\xab\x01\
\x94\x13\x06\x80E\xc8\x16\x00\xde!i\xbf::\xf4\x95\
\x95\x13\xb6\xd5\x80\xe3\xfaz\x00\x00`6\x04\x00du\
\xf1\xc0j\x00\xe5\x84\x01`\x9al\x01`+I\x07\xd5\
\xd1\xc5\xb2\xb3\xa4-%\xad\x15\xab\xdb\xee\xd9\x16\xc3[\
K\xba\xc0}O\x01`\x8c\x08\x00~<S\xd2I\x92\
\xde-iWI\xf7\xf1\xd3\xb5\xf0\xec\x91\xc1\xbd$}\
X\xd2\x1d\xe1G\x03\x00-\xc8\x16\x00v\x92\xb4O\x1d\
],\x1b\x95\x027\xe6Y\x92\xde(i\xf3XCp\
\x8fr\xc2\x00P\x10\x00\xfc\xd8P\xd2\x09\x03\xddY\xa2\
\x84\x00{=\xae\xb6bT\x7f\x1e\xb87\x80r\xc2\x00\
z+[\x00\xb0\xeb\xe8\x1f\x0dz6\xa7\x07\x80\xc6\xd3\
J\x08xCmA\x1b('\x0c\xa0\xd7\x08\x00~<\
C\xd2\x89\x0b\xe9\xce=\x07V\x03\xd6\xa9\xad\x18\xd5\xdf\
\x06V\x03('\x0c\xa0W\xb2\x05\x80wJ\xfaH\xd0\
3\xb8\xa8\x00\xd0\xb0'\x04\x9a \xb0xm\xc5\xa8\x9a\
r\xc2V;\x00\x00z\x81\x00\xe0\xc7\xd3\xcbS\x00s\
\xf1\xba\x12\x02\xec\x7f\x83\xf64\xab\x01\x94\x13\x06\x90\x1e\
\x01\xc0\x8f\xf9\x04\x00\xf3\xe8\x81\xd5\x80\xa5k+F\xd5\
\x94\x13\xb6\xd5\x00\xbbD\x00\x00)e\x0b\x00\xef*\xcf\
zG\xb4\x81\xa4\x93\x87\xe8\xf8f%\x04<\xa7\xb6\xa0\
\x0d\x87\x96 @9a\x00)\x11\x00\xfc\x186\x00\x98\
\x87\x0f\xac\x06\xacX[1\xaa\xa6\x9c\xb0\xad\x06\xd8\xe3\
\x83\x00\x90F\xb6\x00`U\xf4>\x14\xf4\xec\x8c\x12\x00\
\x1a\x9b\x96\x10\xf0\x92\xda\x826|\xab\x04\x81\x1f\xd6\x16\
\x00\x08\x8e\x00\xe0\xc7\xfa\x92Ni\xa1;\xcb\x0e\xac\x06\
\xacV[1\xaa+\x07V\x03\xec\xef\x00\x10Z\xb6\x00\
\xb0\x8b\xa4\xbd\x83\x9e\x91\xb6\x02@\xe3\xd9%\x04\xbc\xba\
\xb6\xa0\x0d\xb6\x0a`A\xc0V\x05\x00 ,\x02\x80\x1f\
\xebI:\xb5\xe5\xeePN\xb8\x1bM9a[\x0d\xb0\
\xfb\x04\x00 \x9cl\x01\xe0=e\xd7\xb7\x88\xba\x08\x00\
\x0d\xfb\xffm\xab\x01\xb6-.\xdacO\x08X\x10\xb0\
'\x06\x00 \x14\x02\x80\x1fV\xf3\xdf\xf6\xae\xef\x0a\xe5\
\x84\xbb\xd1\x94\x13\xb6\xd5\x00\xab!\x00\x00!\x10\x00\xfc\
\xe8:\x004\x9e4p\x93\xe0\xbdk+Fe\xd5\x03\
-\x08\xd8\x0b\x00\xdc\xcb\x16\x00v\x95\xf4A\xf7G}\
fO\x1ds\x09Z\xca\x09w\xa3Y\x0d\xb0\xfd\x05\x00\
\xc0-\x02\x80\x1f\xe3\x0e\x00f\x8d\x81\xd5\x80\xa5\xfc\x1c\
\x8a\xf0lg\xc1f5\x80r\xc2\x00\x5c\xca\x16\x00v\
\x93\xb4\xa7\xcb#=\xbbI\x04\x80\x06\xe5\x84\xbbA9\
a\x00n\x11\x00\xfc\xf8\xf7\x09/\x1b\xaf<\xb0\x1a\xb0\
\x82\x9f\xc3\x12\xdeE\x03\xab\x01\x94\x13\x06\xe0F\xb6\x00\
\xf0^I\x1fpst\xe7g\xd2\x01\xa0A9\xe1n\
PN\x18\x80+\x04\x00?\x9e\x22\xe94'\xddYn\
`5`U'}\xca\xe0\x8a\x81\xd5\x00\xca\x09\x03\x98\
\xa8l\x01\xe0}\x92\xf6\x98\xe8\x11\x1d\x9e\xa7\x00\xd0\xa0\
\x9cp7('\x0c`\xe2\x08\x00~\xac+\xe9t?\
\xdd\xa9\x96\x1cX\x0dxlm\xc5\xa8\xae\x1fX\x0d\xa0\
\x9c0\x80\xb1#\x00\xf8\xe15\x004('\xdc\x0d\xca\
\x09\x03\x98\x88l\x01\xe0\xfd\x92v\x9f\xc8\x91\x1c\xdd:\
\x92\xce\xa8\xef|Zl`5`m\x9f]\x0c\xe9\x96\
\x81\xd5\x00\xca\x09\x03\x18\x0b\x02\x80\x1f\x11\x02@\xa3)\
'\xfc&I\xf7\xaa\xad\x18\x15\xe5\x84\x01\x8cM\xb6\x00\
`\xdf\xfem\x15 \x22\xfbF}f\xb0\x8e\xbf\xbe\x04\
\x81\x0d\x82\xf5\xdb;+%l\xab\x01\x94\x13\x06\xd0\x19\
\x02\x80\x1f\x11\x03\x80\xa1\x9cp7\x9ar\xc2\x16\x06n\
\xad\xad\x00\xd0\x92l\x01\xc0\x1e\x01\xb4G\x01#\x8a\x1a\
\x00\x1a\xaf,\xab\x01\x9b\xd4\x16\xb4\xe1\x90\x12\x04\x8e\xaf\
-\x00\xd0\x02\x02\x80\x1fO\x96t\x96\x9f\xee\x0c\x85r\
\xc2\xddh\xca\x09\xdbj\xc0\x0d\xb5\x15\x00F@\x00\xf0\
#C\x00h\xbc\xa8\xac\x06\xbc\xb8\xb6\xa0\x0d\xdf,A\
\xe0\x98\xda\x02\x00C\xca\x16\x00l\x1f\x00\xdb\x0f \x22\
\xbb\xb3\xfe\xec\x88\x1d_\x88\xa6\x9c\xb0=)\xb0Jm\
\xc5\xa8\x9ar\xc2\xb6\x1apUm\x05\x80y\x22\x00\xf8\
\x91-\x0046.A\xe0U\xb5\x05m\xf8A\x09\x02\
G\xd5\x16\x00\x98\x87l\x01`OI\xbb\xd5\xd1\xc5\xb2\
\x96\xa4sbuy\xce\x9ar\xc2\xb6\x1a\xf0\x98\xda\x8a\
Q5\xe5\x84m5\xe0\xf7\xb5\x15\x00\xe6\x80\x00\xe0G\
\xe6\x00\xd0X\xbf\x04\x81\xadj\x0b\xdapl\x09\x02\x87\
\xd5\x16\x00\x98E\xb6\x00\xf0AI\xbb\xd6\xd1\xc5\xd2\x87\
\x00`('\xdc\x8d\xa6\x9c\xb0\xad\x06\x9c[[\x01`\
!\x08\x00~<\xb1\x14\x7f\xe9\x0b{\xea\xc1V\x03\xec\
E9\xe1\xf6\xfc\xa2\x04\x81/\xd6\x16\x00\x98A\xb6\x00\
\xb0\x97\xa4\xf7\xd4\xd1\xc5\xd2\xb7\x00\xd0\xa0\x9cp\xfb\xfe\
YB\x80\xbd('\x0c`F\x04\x00?\x9e\xd0\xe3\x9d\
\xe0\xec\xc6\xc0f5\xe0\x01~NIxvSi\x13\
\x04('\x0c\xe0n\x08\x00~\xf49\x004\xac\x9c\xb0\
=)`\x8f\x0e\xa2=\x94\x13\x06\xb0\x80l\x01`o\
I\xbb\xd4\xd1\xc5\xf2xn\xde\x9abE\x83\x9a\xd5\x80\
\xe5c\x9dB\xd7~7\xb0\x1a@9a\x00\x04\x00G\
\x08\x00wG9\xe1nPN\x18\xc0\x94l+\x00\x1f\
\x92\xf4\xee\xa0\xe7\x96\x00\xb0 [\x01hV\x03('\
\xdc\x9e\xcb\x07V\x03('\x0c\xf4\x14\x01\xc0\x8f5%\
\x9d\xe7\xa7;\xaePN\xb8\x1b\x94\x13\x06z,[\x00\
\xf8\xb0\xa4w\x05=\x9f\x04\x80E\xb3\xa7\x03\x9a\xd5\x00\
\xca\x09\xb7\xe7\xba\x81\xd5\x00\xca\x09\x03=B\x00\xf0\xe3\
q\x92\xce\xf7\xd3\x1d\xb7('\xdc\x0d\xca\x09\x03=\x93\
-\x00|D\xd2;\x83\x9eC\x02\xc0\xdcY\xe5\xc0f\
5\xc0*\x0a\xa2\x1dVN\xd8J\x09\xdbj\x00\xe5\x84\
\x81\xe4\x08\x00~<V\xd2o\xfdt'\x84\xa6\x9c\xb0\
\xd5\x0e\xb0=\x06\xd0\x0e\xca\x09\x03=@\x00\xf0\x83\x00\
0<\xdb]\xd0\x82\x80]\x1e@;\xac\x9cp\xb3\x1a\
pZm\x05\x90F\xb6\x00\xf0QI;\x07=;v\
c\xdb\x05A\xfb\xeeASN\xd8V\x03\x96\xf4\xd0\xa1\
$\x9ar\xc2\x16\x06nK2&\x00\x09\xeb\x00\x10\x00\
\xf0\xaa\x12\x04('\xdc\xae\x83K\x108\xa1\xb6\x00\x08\
-\xdb\x0a\xc0>\x92v\x0azFX\x01hOSN\
\xd8V\x03\x96\xab\xad\x18USN\xd8V\x03n\xac\xad\
\x00B\x22\x00\xf8\xb1\x86\xa4\x0b\xfdt'\x85\x17\x97 \
`e\x85\xd1\x9e#K\x10\xf8Qm\x01\x10N\xb6\x00\
\xb0\xaf\xa4\x1d\xc3\x9d\x85\xbb\x10\x00\xbaa\xe5\x84m%\
\xc0\x82\xc0\xca\xb5\x15\xa3j\xca\x09\xdbj\xc0\xd5\xb5\x15\
@\x18\x04\x00?\x1e]\x96X\xd1\x8dMJ\x08\xb0-\
\x87\xd1\x9e\xef\x97 \xf0\xed\xda\x02 \x84l\x01`?\
I\xef\x08q\xe4\x17D\x00\xe8^SN\xd8V\x04l\
\xc5\x05\xedh\xca\x09\xdbj\xc0\x1fj+\x00\xd7\x08\x00\
~<J\xd2E~\xba\x93\xda\x06%\x08\xbc>\xf5(\
\xc7\xef\xe7%\x08\x1c>\xfe\x8f\x060_\xd9\x02\xc0\xfe\
\x92v\xa8\xa3\x8b\x85\x000^M9a[\x0dx\xd2\
x?:\xb5\x9b\x07V\x03\xd8\xdd\x12p\x8c\x00\xe0\x07\
\x01`2\xd6.A\xc0^\x94\x13n\xcf\xa9%\x08|\
\xa9\xb6\x00p\x85\x00\xe0\xc7#%]\xec\xa7;\xbdc\
\xe5\x84m5`\xbd\xde\x8d\xbc;\xff(!\xc0^\x94\
\x13\x06\x9c\xc9\x16\x00>&\xe9\xed\xce\x8e\xf1\x5c\x11\x00\
&\xcf\xf6chV\x03('\xdc\x9e\xb3\x07\x82\x00\xe5\
\x84\x01'\x08\x00~\xac.\xe9\xf7~\xba\xd3kVN\
\xd8V\x03\x9e\xdd\xeb\xa3\xd0>\xca\x09\x03\x8ed\x0b\x00\
\x07Hz\x9b\xa3\xe3;\x1f\x04\x00_V\x1dX\x0d\xa0\
\x9cp{\xac\xdae\xb3\x1a@9a`\x82\x08\x00~\
<\x82g\xa8]zI\x09\x01\x9b\xba\xec]\x5c\x94\x13\
\x06&,[\x008P\xd2\x7fO\xf8\x98\x0e\x8b\x00\xe0\
\xd7\x0a\x03\xab\x01\x94\x13n\xcfe\x03\xab\x01\x94\x13\x06\
\xc6\x8c\x00\xe0\xc7j\x92.\xf1\xd3\x1d\xcc\xc0\xca\x09\xdb\
\xbd\x01\x9b\xd5\x16\xb4\x81r\xc2\xc0\x04\x10\x00\xfc \x00\
\xc4\xb0\xd4\xc0j\x00\xe5\x84\xdb\xf3\xa7\x81\xd5\x00\xca\x09\
\x03c\x90-\x00|\x5c\xd2\xf6c8n] \x00\xc4\
\xf2\xf4\x12\x02^\x17\xab\xdb\xeeQN\x18\x18\x13\x02\x80\
\x1fv\xd7\xf9\xa5~\xba\x839\xb8\xf7\xc0j\x00\xe5\x84\
\xdbc\xe5\x84\xad\x94\xb0\xad\x06PN\x18\xe8H\xb6\x00\
\xf0\x09I\xdb\xd5\xd1\xc5B\x00\x88\xcb\xca\x09\xdb\xbd\x01\
\x16\x04\xee\x19w\x18\xeePN\x18\xe8\x10\x01\xc0\x8fU\
$\xfd\xaf\x9f\xee`\x08[\x97\x10@9\xe1\xf6X9\
\xe1f5\xe0\xf4\xda\x0a`d\xd9\x02\xc0'%m[\
G\x17\x0b\x01 \x07+'\xdc\xac\x06,\x91cH.\
4\xe5\x84-\x0c\xdc\xee\xa2G@p\x04\x00?\xec\xf9\
r{.\x1a9\xbc\xba\x84\x00\xca\x09\xb7\xeb\xab%\x08\
\x9cX[\x00\x0c%[\x00\xf8\x94\xa4\xb7\xd6\xd1\xc5B\
\x00\xc8\xc7\xee\xebhV\x03\x96\xcd7\xbc\x89i\xca\x09\
\xdbj\xc0_&\xd6\x0b 8\x02\x80\x1f\x04\x80\xbc(\
'\xdc\x8do\x94 \xf0\xe3\xda\x02`\xce\x08\x00~<\
\x5c\xd2\xe5~\xba\x83\x96Y9\xe1f5\xc0\xce5\xda\
\xd1\x94\x13\xb6\xd5\x80kj+\x80Ye\x0b\x00\x9f\x96\
\xf4_ut\xb1\x10\x00\xfa\xe19%\x04PN\xb8]\
G\x97 \xf0\x9d\xda\x02`\x91\x08\x00~<L\xd2\x15\
~\xba\x83\x0e-]B\x80\xbd\x1e][1\xaa\xa6\x9c\
\xb0\xad\x06\xb0\xaf\x060\x8bl\x01\xe03\x92\xdeRG\
\x17\x0b\x01\xa0\x7f('\xdc\x8d\x9f\x95 pDm\x01\
\xb0\x00\x02\x80\x1f+I\xba\xd2Ow0&\x8b\x0f\xac\
\x06\xac5\xa6\xcf\xec\x83\x9bJ\x08\xb0\x17\xe5\x84\x81\x19\
d\x0b\x00\x9f\x95\xf4\xe6:\xbaX\x08\x00\xfd\xb6\xce@\
\x10\xa0\x9cp{N)!\xe0\xa0\xda\x02`\x0a\x01\xc0\
\x0f\x02\x00\xcc\x1bJ\x08x\x1a\x87\xa35w\x0e\xac\x06\
PN\x18(\x08\x00~<T\xd2U~\xba\x83\x09z\
\xdc\xc0j\x00\xe5\x84\xdbs\xd6@\x10\xa0\x9c0z/\
[\x00\xf8\x9c\xa4m\x82\x9eU\x02\x00\xa6\xdb\xbc\x84\x80\
g\xd5\x16\xb4\x81r\xc2@\xc2\x15\x80\xc8\x01\xe0!\x92\
\xae\xe6\xa7\x12\xd3\xac6\xb0\x1a@9\xe1\xf6\x5c0\xb0\
\x1a@9a\xf4R\xb6\x15\x80\xcf\x97jk\x11\x11\x00\
\xb0(/-!\xe0\x85\xb5\x05m\xa0\x9c0z\x8b\x00\
\xe0\xc7\x8a\x942\xc5,\xecg\xa4Y\x0d\xa0\x9cp{\
\xfew`5\x80r\xc2\xe8\x8dl\x01\xc0*\x80\xd9?\
\x8e\x11\x11\x000W\xcf-?\xe7\xaf\xa8-h\x03\xe5\
\x84\xd1+\x04\x00?l\xb3\x98?\xfa\xe9\x0e\x9c\xa3\x9c\
p7\xae\x1dX\x0d\xa0\x9c0R\xcb\x16\x00\xec\x97\xf6\
?\x83\x9e1\x02\x00\x86\xf1\x8c\xb2\x1a\xf0\xda\xda\x826\
PN\x18\xe9\x11\x00\xfc \x00`X\x94\x13\xee\x86\x95\
\x13\xb6\xcb\x8a\xf6\xc5\xe2\xfc\xda\x0a$A\x00\xf0c\xf9\
\xb2\xfc\x08\x0ck\xdd\x81\x9b\x04\xefQ[1*\xca\x09\
#\xa5l\x01\xe0\x8b\xa5\x94jD\x04\x00\xb4\x85r\xc2\
\xed\xb3r\xc2\xcdj\xc0\x19\xb5\x15\x08\x8c\x00\xe0\xc7r\
e?s\xa0\x0dk\x0e\xac\x06\xdc\xbf\xb6bTM9\
a\x0b\x03\x7f\xaf\xad@@\xd9\x02\xc0\x97$m\x1d\xf0\
<\x18\x02\x00\xba@9\xe1n|\xa5\x04\x81\x93j\x0b\
\x10\x0c\x01\xc0\x0f+\xf3z\x9d\x9f\xee \x91G\x0c\xac\
\x06<8\xd1\xb8&\xad)'l\xab\x01\x7f\x9dtg\
\x80\xf9\xca\x16\x00l\xcf\xef\xad\xea\xe8b!\x00\xa0k\
\x94\x13\xee\xc6\xd7K\x10\xf8Im\x01\x02 \x00\xf8A\
\x00\xc08\xd8\x9e\x13\xcdj\xc0\xc3\xc6\xf1\x81=\xd1\x94\
\x13\xb6\xd5\x00\x0az!\x04\x02\x80\x1f\xb64{\xbd\x9f\
\xee 9\xca\x09w\xe3{%\x08|\xb7\xb6\x00Ne\
\x0b\x00_\x96\xf4z\xa7\xc7z6\x04\x00\x8c\xdb\x03\x07\
V\x03\x1e5\xee\x0fO\xac)'l\xab\x01\x97&\x1e\
'\x82#\x00\xf8\xf1 I\x7f\xf6\xd3\x1d\xf4\x08\xe5\x84\
\xbb\xf1\xd3\x12\x04\xbeV[\x00G\xb2\x05\x00{4\xe7\
u\x8e\x8e\xef|\x10\x000I\xf7\x19X\x0dx\xe2$\
;\x92\xcc\xff\x95\x10`/\xca\x09\xc3\x15\x02\x80\x1f\xcb\
H\xba\xc1Ow\xd0S\x94\x13\xee\xc6\xc9%\x04\xd8e\
J\xc0\x85l\x01\xe0\xab\x81wE#\x00\xc0\x13\xdbU\
\xd3V\x03\x9e\xea\xa9S\xc1\xdd1\xb0\x1a@9aL\
\x1c\x01\xc0\x0f\x02\x00\xbc\xa1\x9cp7\xce\x1c\x08\x02\x94\
\x13\xc6\xc4\x10\x00\xfc\xb0;\xb2o\xf4\xd3\x1d\xa0\xda\xa2\
\xac\x06<\xb3\xb6\xa0\x0d\x94\x13\xc6De\x0b\x00\x07K\
z\xcdD\x8f\xe8\xf0\x08\x00\xf0\x8cr\xc2\xdd\xf8\xed\xc0\
j\x00\xe5\x841V\x04\x00?\x96\x96\xf4\x17?\xdd\x01\
f\xf4\x1fe5\xe0\x05\xb5\x05m\xa0\x9c0\xc6.[\
\x008D\xd2\x96c?\x8a\xed \x00 \x0a\xca\x09w\
\xc3\x8a\x065\xab\x01\x94\x13F\xe7\x08\x00~,\xc5\x12\
 \x82y^Y\x0dxy\xb0~{G9a\x8cE\
\xb6\x00ph\xb9a)\x22\x02\x00\x22\xa2\x9cp7l\
\x05\xa0Y\x0d\xa0\x9c0:A\x00\xf0\xe3\x01\xd2T\xd5\
0 \xa2\x0d\xcbj@\xd4\x9bp\xbd\xa2\x9c0:C\
\x00\xf0\x83\x00\x80\xe8('\xdc\x0d\xfbb`\x1b\x0b\xd9\
j\x80=5\x00\xb4\x22[\x008L\xd2\xe6ut\xb1\
\x10\x00\x90\xc5S\xcaj\x80\xbd\xb2\xfd\x1b3I\x94\x13\
F\xab\xb2\xfdrF\x0e\x00KJ\xba\xa9\x9e\x19 >\
\xca\x09\xb7\xcf\xca\x097\xab\x01VQ\x10\x18Z\xb6\x00\
p\xb8\xa4W\xd7\xd1\xc5B\x00@F\x8f\x1fX\x0d\xb8\
_\xc6\x01NHSN\xd8\xc2\x80\x85\x02`\xde\x08\x00\
~,!\xe9f?\xdd\x01ZE9\xe1n\xd8\xee\x82\
\x16\x04\xec\xf2\x000/\xd9\x02\xc0\x11\x92^UG\x17\
\x0b\x01\x00\xd9\xad>\xb0\x1a\xf0\xa0\xec\x83\x1d\xa3\xa6\x9c\
\xb0\xad\x06\xf0$\x11\xe6\x8c\x00\xe0\xc7\xfd%\xdd\xe2\xa7\
;@g('\xdc\x8d\xaf\x95 `\x8f\x0e\x02\xb3\xca\
\x16\x00\xec\x17\xe0\x95ut\xb1\x10\x00\xd0'\x0f\x1dX\
\x0dX\xa9O\x03\xef\x18\xe5\x841g\x04\x00?\x08\x00\
\xe8#\xca\x09w\xe3\xbbe5\xc0\xca\x0a\x033\x22\x00\
\xf8awH\xff\xcdOw\x80\xb1Yf`5\xe0\x91\
c\xfb\xd4\xfc('\x8cE\xca\x16\x00lK\xcd\xcd\xea\
\xe8b!\x00\xa0\xef('\xdc\x8d\x9f\x94\xd5\x00\xfb\xf7\
\x11\xa8\x08\x00~\xdcW\xd2\xad~\xba\x03L\x84\xfd\x1e\
4\xab\x01O\x98H\x0fr\xfak\x09\x01\xf6\xa2\x9c0\
\xa6d\x0b\x00\xdf\x90\xf4\x8a\xa0\xe7\x96\x00\x00\xfcKS\
N\xf8M\xb5\x05m8\xa9\x84\x80\xaf\xd4\x16\xf4\x16\x01\
\xc0\x0f\xdbH\xe56?\xdd\x01\x5chV\x03\xfe\xddE\
or\xf8\xfb\xc0j\x00\xe5\x84{,[\x008R\xd2\
\xcb\x83\x9eO\x02\x0003\xca\x09w\xe3\x8c\x81 @\
9\xe1\x1e\x22\x00\xf8\xb1\xb8\xa4\xdb\xfdt\x07pg\xcb\
\xb2\x1a\xb0\x91\xbb\x9e\xc5F9\xe1\x9e\x22\x00\xf8A\x00\
\x00fG9\xe1n\xd8\x8d\x81\xcd.\x83\x94\x13\xee\x89\
l\x01\xe0\x9b\x92^\x16\xf4\xdc\x11\x00\x80\xb9\xb3\xdfs\
[\x0dx~mA\x1b('\xdc#\x04\x00?\xee-\
M\xdd\x9c\x03`n('\xdc\x0d+'\xdc\xac\x06\x5c\
[[\x91N\xb6\x00\xf0\xad\xb2\xd1HD\x04\x00`8\
\xb6\x0a`\xab\x01QW\xff\xbc\xb2\xddU?.\xe9T\
\xaf\x1d\xc4h\x08\x00~\xdc\x8b;q\x81\xa15\xe5\x84\
\xadn\x80\xdd'\x80v\xfcJ\xd2\x81\x92\x0e\xab-H\
#[\x008H\xd2VA\xcf\xce\xaae\xe9\x0d\xc0\xf0\
l\xf2\xb7\xe5k\x9e\x14h\x8f=\x22\xb8\xb94\xf5\x98\
5\x12\xc9\x16\x00\x8e\x92\xf4\xd2\xa0\xe7g1Iw\x06\
\xed;0\x0e\xf6-\x7f\x05I\xcbO{Mo\xb3\xf7\
\xf6\xfb\x84\xf6\x5c#i7I_\xac-\x08/[\x00\
`\x05\x00\x88i\xe92q\xdbk\x95\x81I}z\x9b\
\x15\xcc\xc2d\xdcT\xee\xb7\xb0r\xc2H [\x00\xf8\
\xb6\xa4\x97\x04=/\xf7\x94\xf4\x8f\xa0}\x07f\xf2\xc0\
\x81\x89|\xfa7\xf4\xe9\xef\xed\x1e\x18\xf8\xf7KIo\
\xa5\x84p\x0e\x04\x00?\x08\x00\x88\xc2&\xf6\x85M\xe6\
\xd3\xdb\xec\xe9\x16\xe4b\x8f\x07Z\x08\xe0\xb1\xe5\xe0\xb2\
\x05\x00.\x01\x00\xa3Y\xa2L\xe0+\x95W3\x99O\
o\xb3\xff;\xf4\x97=maA\x00\x81e\x0b\x00\xdf\
\x91\xf4\xe2\xa0\xe7\xe3\x1e\x92\xfe\x19\xb4\xef\xf0\xcd\xae\xaf\
\xcf\xf4\xed|\xa6\xf7V\x91\x12\x98\x8d=\x1e\xb8\x99\xa4\
\xcbj\x0b\xc2\xc9\x16\x00\xbe+\xe9E\xe1\xce\xc2]\xb2\
\x9d\x0btopbo^\xd3'\xf4\xa6\x8d\x89\x1dm\
\xdbQ\xd2\xfe\xf5\x1d\xc2\xc96\xe9D\x0d\x00\xf6\xcd\xdf\
V\x00\x00\xb3\xd4\x22&\xf4\xe9\xef\xb9+\x1e\x93b\x15\
\x02m\x15\xe0\xcaIu\x00\xa3\xc9\x16\x00\xbe'i\xd3\
:\xba8\x08\x00\xfd08\xb17\xaf\xe9\x13z\xd3\xc6\
\xc4\x8e\x08\xb6\x90tx\x84\x8ebA\x04\x00\x1f\x08\x00\
\xb1=`\x11\x13\xfa\xf4\xf7\xf7\x8d=T\xe0n>S\
\x9e\x08@@\x04\x00\x1f\xec\xf9\x7f{\x0c\x10\xbe\x0cN\
\xec\xcdk\xfa\x84\xde\xbcgbG\x1f\x9d+\xe9\x19\x92\
n\xe8\xe3\xe0\xa3\xcb\x16\x00\x22?\x06\x98\xed\x5cxg\
K\xec6y7\x15\xe6\x9a\x89|z\x9b\xddh\x07`\
\xe16\x91\xf4\xd3\xfa\x0ead\x9bt\xbe/\xe9\x05a\
\x8e\xfe\xbf\xb0\x02\xd0\x9d\x07Iz\x9c\xa45\xcb\x9f\xcd\
\xdf\xad\x1d\xc0\xe8\xb6)\x1b0!\x18\x02\x80\x0f\xb6\x09\
\x10\x9b\x97\xb4\xeb\x89\xe5\x86P{=\xb5\xb6\x02h\xdb\
G$\xbd\xbb\xbeC\x18\xd9\x02\x00\x97\x00`\x95\xea\xb6\
-{\xc3?\x98\xc3\x01t\xce\x96\xff\xed2\x00\x82\xc9\
\x16\x00~Pv\xab\x8a\xc6\xf6\xdbf3\x94\xd1\xd8\xf5\
\xfa7\x97\xe5\xc8\x87\xd4V\x00]#\x00\x04E\x00\xf0\
\xc16\xd5`\xd3\x94\xe1\xd9}\x1f6\xf9G-\x03\x0d\
DvL\xd0/^\xbd\x97-\x00p\x09\xa0\x7f6\x90\
\xa6\x0a@q\xb7>0\x19\xc7Iz\xe6d>\x1a\xa3\
 \x00\xf8\x91\xed\x5c\x8c\x83M\xfe?dg:`\xa2\
\xb8\x04\x10T\xb6I\xc7\x96\xa2\x9e\x1b\xf0\x5c\xdc\xcef\
-\xf3f\xd5\xc7\xf6\xe0F?`\xe2\xf6\x92\xb4\xdb\xc4\
{\x81y\xcb\x16\x00\xb8\x04\xd0\x0f|\xf3\x07\xfc\xd8A\
\xd2\x01~\xba\x83\xb9\xca\x16\x00~$\xe99utq\
\xb0\x020w\xf6\x5c\xbfmA\xfa\xc8\xda\x02`\x92\xec\
\xfa\xbf\xdd\x07\x80`\xb2\x05\x00V\x00r\xb3\xf2\xbd'\
JZ'\xf70\x810\xec\x11\xe6\x15%]\x17\xa6\xc7\
\xa8\xb2\x05\x80\x1f\x07-Hq\x1b\xdb\xbf\xce\xca\x8a\xfa\
\xd87\xff\xd7\xd6\x16\x00\x93\xf6eI[O\xba\x13\x18\
\x0e\x01\xc0\x87[\xd9MnV{K\xda\xa5\xbe\x03\xe0\
\xc1\x1b\xa4\xa9\x95W\x04\x94-\x00p\x09 \xa7\x8d$\
\xfd\x84\xfd\x12\x00Wl\xf9\x7fUIW\xb8\xea\x15\xe6\
,[\x00\xb0Ib\xe3:\xbb^\x0d\xb5\x00\x00\x10g\
IDAT\xba8\xfe&\xe9~q\xba;VV\xdd\
o?I\xab\x8f\xf5S\x01\xcc\xe6\x83\x92\xde[\xdf!\
\x1c\x02\x80\x0f\xb7H\xba\xbf\x8f\xae\xb8\xf2\xe42\xf9\xdb\
\x0a\x00\x00?~+\xe9U\x92~\xe3\xa7K\x98\xafl\
\x01\x80K\x00\xb9\x1c,\xe95\xb9\x86\x04\xa4\xf0?\x92\
\xde\x94b$=\x96-\x00XI\xcag\x07<\x9f\xac\
\x00,\xe8C\xec1\x0e\xb8t\x94\xa4\xff\xe6\xda\x7f|\
\x04\x00\x1fn\xa6\x9e\xfd\xddl[\x1e\xf9c\x87D\xc0\
\x97\xf3%m/\xe9\xe7\xbe\xba\x85ad\x0b\x00\x5c\x02\
\x88o\x15I\xa7Q\xe3\x1fp\x89\xb2\xbf\x89d\x0b\x00\
\x96J#nK\xc9\x0a\xc0]\xd6.\xdf\xfc\x9f\x91\xe8\
w\x0c\xc8\xe0&I\xef/\xbf\x9fH\x82\x00\xe0\x83\xfd\
r-\xe9\xa3+\x13\xb3|\xf9\xc7e\x8b\x89\xf5\x00\xc0\
L\xec1e\x9b\xfc\xf7\xa9-H![\x00\xe0\x12@\
\x5c;\xf1\x0f\x0c\xe0\x8e\x15\xfb\xb1\xed~ww\xd73\
\x8c,[\x0086\xe83\xe3\xff'\xe9\x01\xf5\xac\xf4\
\x8f\xddTd\xcf\xfb\xdf\xab\x7fC\x07\xdc\xb2\xddU?\
.\xe9\x07n{\x88\x91d\x0b\x00\xac\x00\xc4\xc3M\x7f\
\x80/\xf6\xad\xff\x90\xb2\xf7\xc65\xbe\xba\x866e\x0b\
\x00QW\x00\xfe*i\xa9zV\xfac\xdd\xf2\xcd\xff\
\xe9\xfd\x192\xe0\xd6\xb5\x92\x8e\x90t\xb8\xa4_\xb8\xed\
%Z\x93-\x00\x1c'i\xc3:\xba8\xfa\x18\x00l\
\x0fq\x9b\xfc7\x8fs\x9a\x80tn\x97\xf4\xb3\xf2\x5c\
\xbf\xbd\xceL7B,T\xb6\x00\x10u\x05 \xe3\xb9\
\x98\xcdn\x92\xf6\xac\xef\x00\x8c\x83\xed\xdcw\xb1\xa4s\
%](\xe9t\xbe\xed\xf7W\xb6\x00p|\xd0g\xc8\
\xff\x22i\xe9\x1e\xfd\x18Z\x19Q{\xe4\xef\x9e=\x1a\
3\xd0\x85;%\xfd\xb1\xbc\xecz}\xf3\xf7\xc1W\xd3\
~]\xfd_\x01\x09W\x00\xa2\x06\x80\x1b%=\xb0'\
?\x91/+\x93\xff\xca=\x19/0\x8cfb\x9fm\
R\xb7\x17\x13;\x86\xc2\x0a\x80\x0f}\x09\x00O)\x93\
\xff\xfa>\x0e;0vL\xecp#[\x008!\xe8\
\x1d\xe5}\x08\x00\x0f)\x93\xbf\xed!\x0edc\x13\xfb\
\x5c\xbe\xad\xdb\x8bo\xecp\x81\x00\xe0\xc3\x0d\x92\x96\xf1\
\xd1\x95\xce\xec+i\xc7\xfa\x0e\x88\x81\x89\x1die\x0b\
\x00'J\xda \xe0\xd9\xca\x1e\x00\xde^\xbe\xfdg\xfb\
yC\x5c\x0b\x9b\xd8gj\xe3\x1b;R\xca\xf6\x0fr\
\xd4\x00\xf0gI\x0fJ\xf9\x13&\xbd\xa2<\xef\xff\xf0\
\xa4\xe3\x83/V\xc5n\xfa\x04n/&v`\x9al\
\x01\xe0\xa4\xa07\x98e\x0d\x00O-\x93\xffz\xf5'\
\x0e\x18\xceL\x13\xfbL\x93\xba\xbd\xf8\xc6\x0e\xcc\x01\x01\
\xc0\x87\x8c\x01`\xa52\xf9\xbf\xd2\xc7!\x86SL\xec\
\xc0\x84d\x0b\x00'\x07\xfd\xb6y\xbd\xa4\x07O\xe8g\
\xa0+6\xf9\xbf\xa3\xbeC\xdf0\xb1\x03\xce\x11\x00|\
\xc8\x16\x00v(7\xfd!\x9f\xe9\x13\xfb\xc2\x96\xe1\xad\
\xdd~\xae\x018\x95-\x00\x9c\x22\xe9iN\x8f\xf5\xa2\
\xd85\xcbe\xeb\xbb\xd86+\x93\xbf]\x02@\x1cL\
\xec@\xcf\x10\x00|\xc8\x12\x00,|\xd9\xe4o7\xff\
\xc1\x87\xc1\x89}Q\xdf\xd6\xedO\xbe\xb1\x03=B\x00\
\xf0!C\x00xX\x99\xfc\xed\xb1?to\xb6\x89}\
\xb0\x8d\x89\x1d\xc0\x02\xb2\x05\x80S\x83~\xfb\xfc\x93\xa4\
\xe5\xeaY\x89\xc7~\x8el\xf2\xb7\x82?\x18M3\xb1\
\xcf4\xa9Oogb\x0704\x02\x80\x0f\xd1\x03\x80\
\x95\xf8\xb5R\xbfX8\x9b\xd8\x176\xa9\xdb\x8b\x89\x1d\
\xc0Xe\x0b\x00\xbf\x90\xf4\xefc=\x82\xed\xb8V\xd2\
\xf2\xf5],\xb6\xb9\x8f}\xfb\xb7\xcd~\xfahQ\x13\
\xfb\xf4v\xbe\xb1\x03p#[\x008V\xd2Fn\x8e\
\xee\xfcD<\x17KH:M\xd2\x1au\x14\xb9],\
\xe9PIW\x94\xc9\xbdy\xd9{\x00\x08%\xe2\xa4\xb3\
(\xbf\x94\xa6\xf6\x9c\x8f\xc6\xbe\x1d\xae\x10\xac\xd3+\x97\
b?/\x0f\xd6\xefa\xd9\xcf\x96\x156\xb2GM\x01\
 <\x02\x80\x0f\xf6-rE\x1f]\x99\x93{\x96\xc9\
\xffm\xb5%\xb7+\xcb\xe4\xff\xf5\xdc\xc3\x04\xd0'\x04\
\x00\x1f\xa2\x05\x80\x9d$\xed\xe3\xe3\xd0\x8d\x85\xdd\xe4H\
eC\x00\xa9d\x0b\x00\xbf\x92\xb4n\xc03\x14)\x00\
\xbc\xbaL\x86\x91V,F\xf11i*\x00\xfc\xb3\xb6\
\x00@\x02\x04\x00\x1f\xae\x0er\x17\xfd\x06e\xf2\x8f\x18\
\xb2\x86\xf1\x8d2\xf9_^[\x00 \x89l\x01\xc0\xee\
H_'\xe0\xb9\x89\x10\x00V)\x93\xff\x7f\x04<\xbe\
\xc3\xb0GJ\xed\xba\xbf\x15\x97\x02\x80t\x08\x00>\x5c\
%\xe9\xa1>\xba2\xa3\xc5\xca\xe4\xbf}m\xc9\xcd\x1e\
\xeb\xb3\xc9\xdfV\x00\x00 \xa5l\x01\xe0tIk\x07\
<S\xde\x03\xc0;%}$\xe0q\x1d\x96M\xfev\
\xed\x1f\x00\xd2\x22\x00\xf8`\x8f\x99y\xdd>w\x8b\xf2\
\xc8_\xb4:\x05\xc3\xb2\x95\x0e\xbb\xee\x0f\x00\xa9\x11\x00\
|\xf0\x1a\x00\x9eQ&\xff\x88\xf7U\x0c\xc3\x9e\xf3\xb7\
\xc9\x9f\xca~\x00\xd2\xcb\x16\x00\xce\x90\xf4\xe4\x80g\xcd\
&\x1c\xdbN\xd7\x93\xd5\xca\xe4\xffRO\x9d\xea\x90U\
\xf8\xb3\xc9\xdfn\xfe\x03\x80\xf4\x08\x00>x\x0b\x00\xf7\
.\x93\xffv>\x0eO\xe7.+\x93\xff\x91\x9d\x7f\x12\
\x008\x91-\x00\x9c)\xe9IN\x8e\xed|x\x0b\x00\
\xef\x92\xf4\xe1\xda\xbb\xdc\xfeQ&\xff\x03r\x0f\x13\x00\
\xee\x8e\x00\xe0\x83\x15\x9ay\xb8\x8f\xaeh\xcbr#\xdc\
rN\xfa\xd35[\xe9\xb0\xd2\xc6\x00\xd0+\xd9\x02\xc0\
Y\x92\xd6\x0ax\x06\xbd\x04\x80\x0d\xcb\xe4\x1f\xf1>\x8a\
a|\xad<\xf2g\x8fa\x02@\xaf\x10\x00|\xb0k\
\xd0\xb6\xbd\xee$=\xa2L\xfe/\x9ed'\xc6\xe8\xe4\
2\xf9\xdb\xfe\x11\x00\xd0;\x04\x00\x1f&\x1d\x00\x16/\
\x93\xff[}\x1c\x8e\xce\xfdo\x99\xfc\xbf\xd5\xf9'\x01\
\x80S\xd9\x02\xc0\xd9\x92\x9e\xe8\xf4X/\x8aMHV\
k\x7fRv\x91\xb4\xf7\xa4>|\xcc\xee,7\xfd\x1d\
8\xe6\xcf\x05\x00W\x08\x00>L2\x00\xbc\xb6\xdc\x08\
\xb7\xac\x8fC\xd1\xb9}%\xed\xdc\xf9\xa7\x00\x80s\xd9\
\x02\xc09\x92\x9e\xe0\xfc\x98\xcf\xe4RI\xab\xd6w\xe3\
\xf3\xcc2\xf9G|tr\x18G\x94\xa5\x7f\xdb}\x11\
\x00z\x8d\x00\xe0\xc3$\x02\xc0#\xcb\xe4\xff\x22\x1f\x87\
\xa0s'\x95\xc9\xdf\xb6\x8c\x06\x80\xde\xcb\x16\x00~-\
\xe9\xf1\x01\xcf\xea\xb8\x03\xc0}\xcb\xe4\xff_\x01\x8f\xd5\
0\xec\xf8\xda\xe4\x7fTm\x01\x80\x9e#\x00\xf8p\x89\
4U{\x7f\x5c\xde#i\xafq}\xd8\x84\xddQ&\
\xffOL\xb8\x1f\x00\xe0J\xb6\x00\xf0\x1bIk\xba:\
\xc2s3\xce\x00\xf0\xba\xf2\xc8\xdf\x83\xea\xa7\xe7\xf6Q\
i\xaa\xb41\x00`\x00\x01\xc0\x87?HS\x85x\xba\
\xf6\xac2\xf9G|Tr\x18\x87\x95G\xfe\xae\xa9-\
\x00\x80)\x04\x00\x1f\xc6\x11\x00\x1eU&\xff\x17\xfa\x18\
r\xe7N(\x93\xff\xe9\x9d\x7f\x12\x00\x04\x94-\x00\x9c\
+\xe9q\x01\xcf\xc3\xef%\xad\xdea\xbf\xefW&\xff\
7\xd7\x96\xdc\xec\x92\x8a]\xf7\xffv\xeea\x02\xc0\xf0\
\x08\x00>t\x1d\x00v\x93\xb4g}\x97\xdb\xdf\xcb\xe4\
\xff\xc9\xdc\xc3\x04\x80\xd1d\x0b\x00\xe7Izl\x1d]\
\x1c]\x06\x80\xad\xca#\x7f\xcb\xd4\x96\xdc>\x22\xe9\xdd\
\xb9\x87\x08\x00\xa3#\x00\xf8p\xb14U\x98\xa7m\x1b\
\x97\xc9?bu\xc4a\x1cZ\xae\xfb\xff\xb1\xb6\x00\x00\
f\x94-\x00\x9c/\xe91utqt\x11\x00\xd6(\
\x93\xff\x0bjKn\xc7\x97\xc9\xff\x8c\xdc\xc3\x04\x80v\
\x10\x00|\xb8H\x9a\xbaK\xbf-K\x94\xc9\x7f\x9b\xda\
\x92\x9b]B\xb1\xc9\xff;\xb9\x87\x09\x00\xed\xc9\x16\x00\
~[\xbe\xf9F\xd3v\x00x\xaf\xa4\x0f\xd4w\xb9\xdd\
V&\xffO\xe5\x1e&\x00\xb4\x8b\x00\xe0\xc3\xef$=\
\xba\xa5\xael]\x1e\xf9[\xba\xb6\xe4\xf6aI\xbb\xe4\
\x1e\x22\x00\xb4\x8f\x00\xe0C[\x01`\x932\xf9G,\
\x87<\x8cC\xca#\x7f\x7f\xaa-\x00\x809\xc9\x16\x00\
.hi\x22\x1d\xb7\x0b[\xb8ta7?\xda\xe4\xff\
\xbc\xda\x92\xdbqe\xf2?+\xf70\x01\xa0\x1b\x04\x00\
\x1fF\x0d\x00K\x96\xc9\xff\x8d\xb5%7{j\xc2&\
\xff\xef\xe5\x1e&\x00t'[\x00\xb0\x89\xb4\xcd\x9b\xe9\
\xc6e\xd4\x00\xf0~I\xbb\xd7w\xb9\xddZn\xfa\xfb\
t\xeea\x02@\xb7\x08\x00>\xd8\xa5\x8ba\xeb\x17\xfc\
gy\xe4o\xa9\xda\x92\xdb\xde\x92v\xcd=D\x00\xe8\
^\xb6\x00`7\xd3\xb5]Pg\x1c\x86\x0d\x00\xcf-\
\x93\x7f\xc4\x0d\x90\x86qpY\xfa\xbf\xae\xb6\x00\x00\x86\
B\x00\xf0\xc1\xea\x17\xccw\x0f\x03\x9b\xf4m\xf2\xb7\x10\
\xd0\x07\xc7\x96\xc9\xff\xec>\x0c\x16\x00\xba\x96-\x00X\
A\x9d\xae6\xd5\xe9\xd2|\x03\x80-\xf7\xdb\xe4o\xcb\
\xff}`\xe7\xd5&\xff\xa3\xfb0X\x00\x18\x07\x02\x80\
\x0f\xb6\x87\xc1|\x96\xf1\xed\x86?\xbb\xf1\xaf\x0f\xfeV\
&\xff\xcf\xf6a\xb0\x000.\x04\x00\x1f\xe6\x13\x00\xec\
Q?{\xe4\xcf\x1e\xfd\xeb\x83\xbd$\xed\xd6\x87\x81\x02\
\xc08e\x0b\x00\xf6|\xf8#\xc6y\x00[2\xd7\x00\
`E~l\xf2\x1f\xe6\x86\xc1\x88\xbeR\x1e\xf9\xbb>\
b\xe7\x01\xc03\x02\x80\x0f\xe7\xcd\xa1|\xef\xe3\xcbu\
\x7f+\xf7\xdb\x07?+\x93\xff9}\x18,\x00\x8c[\
\xb6\x00`\xdb\xc2\xae6\xee\x83\xd8\x82\xd9\x02\xc0\x03\xcb\
\xe4o\x1b\xfd\xf4\x81\x15F\xb2\xc9\xff\xfb}\x18,\x00\
L\x02\x01\xc0\x87s\xcb7\xfc\x85\xb1\xad}m\x8b\xdf\
>\xb8\xa5\xdc\xf4\xf7\xb9>\x0c\x16\x00&%[\x00\xf8\
\x83\xa4U'u0G\xb0\xa8\x00\xb0M\xf9\xf6\xbfD\
m\xc9\xed\x83=\x0a;\x0001\x04\x00\x1f~#\xe9\
\x093t\xe5\x05e\xf2\x1fe\x9f\x80H\xbe\x5c\x96\xfe\
\xff\x1c\xa9\xd3\x00\x10Q\xb6\x00p\x89\xa4U\x02\x9e\x88\
\x99\x02\x80\xbd\xb7\xc9\x7f\xe3\xda\x92\xdbO\xcb\xe4\xff\xeb\
\xdc\xc3\x04\x00\x1f\x08\x00>\xd8\xa4\xf7\xc4\x81\xae,S\
&\xff\xadjKn\xb6\x17\x82M\xfe?\xc8=L\x00\
\xf0\x83\x00\xe0\xc3\xf4\x00\xb0g\x8f\x8a\xdf\xdcT&\xff\
\xcf\xd7\xd1\x03\x00:\x97-\x00\x5c*i\xe5\xce\x8fZ\
\xfb\x06\x03\xc0\x9bK\xb1\x9f\xfb\x95\xf7\xd9Y\xd8y_\
\xf6A\x02\x807\xd9\x02@\xd4{\x00,\xb8\xd8\xd3\x0b\
+I:M\xd2\x0a\xde~P:r\xba\xa4\xa7K\xba\
\xb5\xb6\x00\x00\xc6\x82\x00\xe0\x83\x05\x00+\xef{\xa2\xa4\
u|t\xa9s\xd7HZW\xd2\x15\x9d\x7f\x12\x00`\
\x01\x04\x00\x1f,\x00\x1c\xd7\xa3\x9b\xfe\xee(%\x8dm\
\xcc\x00\x80\x09 \x00`\x12\xb6\x97\xf4\xc9I|0\x00\
\xe0.\xd9\x02\xc0e\x92\x1e\xc6\xc9um\x0fI\xbb\xbb\
\xee!\x00\xf4@\xb6\x00py\xb9\x91\x0e>}\xa9\xd4\
\xf9\xff\x8b\xcf\xee\x01@\x7f\x10\x000.?.\x93\xbf\
\xed|\x08\x00\x98\xb0l\x01\xc0\xee(\x7f\xe8\x84\x8f)\
\x16t~\x99\xfc\x7fT[\x00\x00\x13E\x00@\xd7\xfe\
Z&\xff/\xd6\x16\x00\xc0\xc4\x11\x00\xd05\xbb\xe1\xcf\
n\xfc\x03\x008\x92-\x00\x5c)\xe9!\x8e\x8eo\xdf\
\xfdO\xa9\xf3o\xab\x00\x00\x00G\x08\x00\xe8\xca1e\
\xf2\xb7\xeb\xff\x00\x00g\xb2\x05\x80\xab$\xad\xe8\xec\x18\
\xf7\xd1\xb9e\xf2\xb7;\xff\x01\x00\x0e\x11\x00\xd0\xb6\x1b\
\xcb\xe4o\xcf\xfc\x03\x00\x9c\xca\x16\x00\xae\xee\xd1Nz\
^\xbd_\xd2\x07\xbcv\x0e\x00p\x17\x02\x00\xda\xf4\x85\
\xf2\xc8\xdfM\xb5\x05\x00\xe0R\xb6\x00`[\xcc.\xef\
\xf2H\xe7\xf7\xc32\xf9_\x90\x7f\xa8\x00\x10\x1f\x01\x00\
m\xf8M\xb9\xee\xff\x93\xda\x02\x00p\x8d\x00\x80Q\xdd\
P&\xff\x83j\x0b\x00\xc0\xbdl\x01\xe0\x8f\x92\x96s\
\x7f\xd4sy\x9f\xa4=s\x0d\x09\x00\xf2#\x00`\x14\
\x9f/\xd7\xfdo\xae-\x00\x80\x10\xb2\x05\x80k%-\
\x1b\xe2\xc8\xc7\xf7\x832\xf9_\x18\x7f(\x00\xd0?\x04\
\x00\x0c\xe3\xd7e\xf2\xffYm\x01\x00\x84\x92-\x00\xfc\
I\xd2\x83C\x9d\x81x\xfe\x5c&\xff\xaf\xc4\xeb:\x00\
\xa0A\x00\xc0|\xed&i\xaf\xfa\x0e\x00\x10R\xb6\x00\
p\x9d\xa4\x07\x85<\x131|\xb6<\xf2wK\x8c\xee\
\x02\x00\x16\x86\x00\x80\xb9\xfa~Y\xfa\xff]m\x01\x00\
\x84E\x00\xc0\x5c\x9cS&\xff\x9f\xd7\x16\x00@h\xd9\
\x02\xc0\xf5\x92\x96\x09}F\xfc\xb1cj\x93\xffW\xfd\
u\x0d\x000,\x02\x00f\xb3\xab\xa4\xbd\xeb;\x00@\
\x0a\xd9\x02\x80=\xa2\xf6\xc0\x14g\xc6\x87\xcf\x94\x9b\xfe\
\xfe\xe6\xa3;\x00\x80\xb6\x10\x00\xb00\xdf+\x93\xffE\
\xb5\x05\x00\x90F\xb6\x00`;\xd3-\x9d\xe6\xecL\xce\
Ye\xf2?vr]\x00\x00t\x89\x00\x80\xe9\xac\x9a\
\xa2M\xfe\x07\xd7\x16\x00@:\xd9\x02\xc0\x8d\x92\x96J\
w\x96\xc6\xeb=\x92>4\xde\x8f\x04\x00\x8c\x1b\x01\x00\
\x83>]\x1e\xf9\xbb\xad\xb6\x00\x00R\x22\x00\xa0\xf1\xdd\
2\xf9\xff\xbe\xb6\x00\x00\xd2\xca\x16\x00\xfe\x22\xe9\x01i\
\xcfVw\xce,\x93\xff\xf1\xb5\x05\x00\x90\x1a\x01\x00\xd7\
\x96\x9b\xfe\x0e\xe1P\x00@\x7fd\x0b\x00\x7f\x95\xb4d\
\x7fN_+v\x91\xf4\xe1\xfa\x0e\x00\xd0\x0b\x04\x80~\
\xfbTY\xfa\xbf\xbd\xdf\x87\x01\x00\xfa'[\x00\xf8?\
IK\xf4\xef4\x0e\xe5;e\xf2\xffCm\x01\x00\xf4\
\x06\x01\xa0\x9f\xce(\x93\xff\x09\xfd\x1c>\x00 [\x00\
\xb8I\xd2\xfd9\xad\x8b\xf4\xc72\xf9\x1fV[\x00\x00\
\xbdC\x00\xe8\x9fwI\xfah\xff\x86\x0d\x00\x18\x94-\
\x00\xdc,\xe9~ut\x98\xee\x13\xe5\x91\xbf\xbf\xd7\x16\
\x00@/\x11\x00\xfa\xe3\xa82\xf9_\xd2\x9f!\x03\x00\
\x16\x86\x00\xd0\x0f\xa7\x95\xc9\xff\xc4~\x0c\x17\x000\x9b\
l\x01\xe0\x16I\xf7\xad\xa3\x83\xb9\xbaL\xfe\x87s8\
\x00\x00\x0d\x02@~\xef\x94\xb4O\xfea\x02\x00\xe6#\
[\x00\xf8\x9b\xa4\xfb\xd4\xd1\xe1\xe3\xe5\xdb\xff\x1d\x1c\x0a\
\x00\xc0 \x02@^\xdf*\x93\xff\xa5y\x87\x08\x00\x18\
V\xb6\x00p\xab\xa4\xc5\xeb\xe8\xfa\xebWe\xf2?\xa9\
\xbf\x87\x00\x00\xb0(\x04\x80|\xae*\x93\xff\x11\xf9\x86\
\x06\x00hK\xb6\x00p\x9b\xa4{\xd7\xd1\xf5\xd3\xce\x92\
\xf6\xed\xe7\xd0\x01\x00sE\x00\xc8\xe5\xc0R\xe7\xff\x1f\
\xb9\x86\x05\x00h\x1b\x01 \x8fo\x96\xc9\xff\xb2<C\
\x02\x00t%[\x00\xb8]\xd2\xbd\xea\xe8\xfa\xe3\x97e\
\xf2?\xa5?C\x06\x00\x8c\x82\x00\x10\xdf\x95e\xf2\xff\
z\xfc\xa1\x00\x00\xc6%[\x00\xb0]\xee\x16\x1b\xd7\xc1\
s\xc2\xee\xf8\xdf\xdfI_\x00\x00A\x10\x00b\xfbX\
y\xe4\xef\x9f\xb1\x87\x01\x00\x18\xb7l\x01\xc0J\xde\xde\
s\xdc\x07qB\x8e,K\xff\x97O\xe8\xf3\x01\x00\x81\
\x11\x00b\xfaE\x99\xfcO\x8d\xd9}\x00\xc0\xa4e\x0b\
\x00wJ\xba\xc7\xa4\x0fj\xc7\xae(\x93\xff7j\x0b\
\x00\x00\xf3D\x00\x88\xc7&\x7f\xbb\xf6\x0f\x00\xc0\xd0\x08\
\x00\xb1\xd8\xdd\xfev\xd3\x1f\x00\x00#\xc9\x16\x00\xac\x04\
n\xb615\xec9\x7f\x9b\xfc\xed\x12\x00\x00\x00#\xc9\
6Yf\x0d\x00V\xe1\xcf&\x7f\xbb\xf9\x0f\x00\x80\x91\
e\x0b\x00\x19\x9f\x87\xb7\xda\xfe6\xf9\xdbc\x7f\x00\x00\
\xb4\x22[\x00\xb8D\xd2*ut9\xec!i\xf7\x1c\
C\x01\x00x\x91-\x00XQ\x9c\x95\xbc\x1c\xdc\x16\xec\
'i\xa7\xfa\x0e\x00\x80\x96d\x0b\x00gIZ\xab\x8e\
.\xb6\xaf\x95\xa5\x7f\xdb\xec\x07\x00\x80Ve\x0b\x00?\
\x91\xb4q\x1d]\x5c'\x97\xc9\xdf\xb6\xf9\x05\x00\xa0u\
\xd9\x02\xc0'$mWG\x17\xd7\x8b$\x1d\x1d\xb7\xfb\
\x00\x00\xef\xb2\x05\x80\xb7J\xfa\x94\xf7\x83\xbe\x08V\xca\
\xd8\xbe\xf9\x1fX[\x00\x00\xe8@\xb6\x00\xb0\x9e4\xb5\
|\x1e\xd5\xbe\x92v\x8e\xday\x00@\x1c\xd9\x02\x80\x89\
\xfa$\xc0\x05\x92\xd6\x95tS\x9c\x1f\x1f\x00@T\x19\
\x03\xc0>\x01\x1f\x9d;\xa9\xec\xf0wZ\xd4\x1f$\x00\
@,\x19\x03\xc0F\xe5\x06\xba\xfb\x079\x15\x97\x96\xc9\
\xff\xa8 \xfd\x05\x00$\x901\x00\x18\xdb8g\xb3\x00\
\xe7\xe7\x8e2\xf9\xdb\xd3\x0b\x00\x00\x8cM\xd6\x00\xf0T\
I\xa7\x8e\xed(\x0e\xcf\xea\xfbG\x08*\x00\x80d\xb2\
\x06\x00\xf3\x19Ioq|\xbe\x0e+\x8f\xfc]\xe3\xb8\
\x8f\x00\x80\xa42\x07\x80\xa7I\xfa\xb2\xa4G9<w\
'\x94\xc9\xfft\x87}\x03\x00\xf4@\xe6\x00`^#\
\xe9`g\xe7\xd1\xae\xfb[\xa5\xbfc\x9c\xf5\x0b\x00\xd0\
#\xd9\x03\x80\xd9S\xd2n\x8e\xce\xe9\x0e\x92\x0ep\xd4\
\x1f\x00@\x0f\xf5!\x00\x98oHz\x85\x83\xf3\xcb\xe4\
\x0f\x00p\xa1/\x01\xe0\xa1\x92\xde=\xc1\x8d\x82\xecF\
\xbf=$}\xd6\xc5Y\x07\x00\xf4^_\x02\x80\xb1\xc2\
@\x16\x02\xec\xb5\xd8\x18\xcf<\x93?\x00\xc0\x9d>\x05\
\x80\x86\xdd\x18h\x85w\x96\xae-\xdd\xb1*\x7f\xdb\xb3\
\xb5/\x00\xc0\x9b>\x06\x00\xf3$Io,\xaf{w\
pR~+\xe9 I_\x92t}m\x05\x00\xc0\x89\
\xbe\x06\x80\xc6\xc6\xe5y\xfc\xe7\xd5\x96\xd1\x1dW\xbe\xf5\
\x9f[[\x00\x00p\xa6\xef\x01\xa0\xb1\xa6\xa4\xb7I\xda\
T\xd2\x0a\xb5u\xee\xce\x96\xf4MIGH\xba\xb8\xb6\
\x02\x00\xe0\x14\x01`A\xeb\x94\x95\x81\x0d%\xad\x22i\
\x09I+\x95\xffv\x93\xa4+\x06^\x17\x96\x82>\x16\
\x00\x00\x00\x08\xe3\xff\x01\xe0\xfa\xffy\x9c6\xfa\x11\x00\
\x00\x00\x10deBGFF52A10AB\
571E6DA\xca\x0e\x0el\x00\x00\x00\x00I\
END\xaeB`\x82\
\x00\x00\x05\xaa\
<\
svg t=\x22170048307\
9280\x22 class=\x22ico\
n\x22 viewBox=\x220 0 \
1024 1024\x22 versi\
on=\x221.1\x22 xmlns=\x22\
http://www.w3.or\
g/2000/svg\x22 p-id\
=\x222546\x22\x0a    widt\
h=\x22200\x22 height=\x22\
200\x22>\x0a    <path\x0a\
        d=\x22M333.\
985684 353.44168\
4l123.580632-123\
.957895v499.1730\
53c0 14.228211 1\
1.533474 25.7616\
84 25.761684 25.\
761684H538.94736\
8a25.761684 25.7\
61684 0 0 0 25.7\
61685-25.761684V\
225.118316l125.2\
51368 126.652631\
c22.689684 22.04\
2947 51.092211 2\
7.055158 73.8357\
9 5.066106 22.68\
9684-22.042947 2\
1.018947-52.7090\
53-1.670737-74.7\
52l-210.728421-2\
12.938106C528.70\
7368 47.104 496.\
909474 48.774737\
 474.219789 70.7\
63789l-215.74063\
1 209.650527c-22\
.689684 21.98905\
3-24.414316 52.7\
09053-1.670737 7\
4.752 22.689684 \
21.989053 54.433\
684 20.318316 77\
.177263-1.724632\
z\x22\x0a        fill=\
\x22#0178f1\x22 p-id=\x22\
2547\x22></path>\x0a  \
  <path\x0a        \
d=\x22M835.368421 4\
31.157895h-161.6\
8421a53.894737 5\
3.894737 0 0 0 0\
 107.789473h107.\
789473a53.894737\
 53.894737 0 0 1\
 53.894737 53.89\
4737v269.473684a\
53.894737 53.894\
737 0 0 1-53.894\
737 53.894737H24\
2.526316a53.8947\
37 53.894737 0 0\
 1-53.894737-53.\
894737v-269.4736\
84a53.894737 53.\
894737 0 0 1 53.\
894737-53.894737\
h107.789473a53.8\
94737 53.894737 \
0 0 0 0-107.7894\
73H188.631579c-6\
5.589895 0-107.7\
89474 43.708632-\
107.789474 117.5\
98316v357.645473\
C80.842105 990.8\
00842 130.533053\
 1024 188.631579\
 1024h646.736842\
c86.393263 0 107\
.789474-52.76294\
7 107.789474-117\
.598316v-357.645\
473C943.157895 4\
78.100211 894.32\
9263 431.157895 \
835.368421 431.1\
57895z\x22\x0a        \
fill=\x22#0178f1\x22 p\
-id=\x222548\x22></pat\
h>\x0a</svg>\
\x00\x00\x052\
<\
?xml version=\x221.\
0\x22 encoding=\x22utf\
-8\x22?>\x0d\x0a<!-- Gene\
rator: Adobe Ill\
ustrator 28.3.0,\
 SVG Export Plug\
-In . SVG Versio\
n: 6.00 Build 0)\
  -->\x0d\x0a<svg vers\
ion=\x221.1\x22 id=\x22\xe5\x9b\
\xbe\xe5\xb1\x82_1\x22 xmlns=\x22h\
ttp://www.w3.org\
/2000/svg\x22 xmlns\
:xlink=\x22http://w\
ww.w3.org/1999/x\
link\x22 x=\x220px\x22 y=\
\x220px\x22\x0d\x0a\x09 viewBox\
=\x220 0 24 24\x22 sty\
le=\x22enable-backg\
round:new 0 0 24\
 24;\x22 xml:space=\
\x22preserve\x22>\x0d\x0a<st\
yle type=\x22text/c\
ss\x22>\x0d\x0a\x09.st0{fill\
:#0064FF;stroke:\
#0064FF;stroke-w\
idth:0.384;}\x0d\x0a</\
style>\x0d\x0a<g id=\x22S\
VGRepo_bgCarrier\
\x22>\x0d\x0a</g>\x0d\x0a<g id=\
\x22SVGRepo_tracerC\
arrier\x22>\x0d\x0a</g>\x0d\x0a\
<path class=\x22st0\
\x22 d=\x22M7.5,15H1V1\
h16v4.5l-1,1V2H2\
v7.2l1.4-1.4c0.1\
-0.1,0.4-0.1,0.5\
,0c0.1,0.1,0.4,0\
.1,0.5,0c0,0,0,0\
,0,0l2.7-2.7\x0d\x0a\x09C\
7.3,5,7.5,5,7.7,\
5.1l2.7,2.3c0.1,\
0.1,0.3,0.1,0.5,\
0l1.6-1.2C12.6,6\
,12.8,6,13,6.2l1\
.7,1.7L14,8.6l-1\
.3-1.3l-1.2,0.9\x0d\
\x0a\x09c-0.5,0.4-1.2,\
0.4-1.7,0L7.5,6.\
2L5.2,8.5c-0.3,0\
.3-0.6,0.4-1,0.4\
c-0.1,0-0.3,0-0.\
4-0.1L2,10.6V14h\
6.5L7.5,15z M10.\
5,3.5L10.5,3.5\x0d\x0a\
\x09c0,0.6,0.4,1,1,\
1h0c0.5,0,1-0.4,\
1-1c0-0.6-0.5-1-\
1-1C10.9,2.5,10.\
5,2.9,10.5,3.5L1\
0.5,3.5z M21.5,4\
.5c-0.4-0.4-1-0.\
4-1.4-0.1\x0d\x0a\x09c0,0\
,0,0,0,0L7,17.6l\
-1.8,4.1c-0.1,0.\
2,0,0.4,0.2,0.5c\
0.1,0,0.2,0,0.3,\
0l4.1-1.8L23,7.3\
c0.4-0.4,0.4-1,0\
-1.4c0,0,0,0,0,0\
L21.5,4.5z\x0d\x0a\x09 M6\
.8,20.7l1-2.2L9,\
19.7L6.8,20.7z M\
9.8,19.1l-1.4-1.\
4L18.7,7.4l1.4,1\
.4L9.8,19.1z M22\
,6.9l-1.2,1.2l-1\
.4-1.4l1.2-1.2\x0d\x0a\
\x09c0.2-0.2,0.4-0.\
2,0.6,0c0,0,0,0,\
0,0L22,6.3C22.1,\
6.5,22.1,6.8,22,\
6.9z\x22/>\x0d\x0a</svg>\x0d\
\x0a\
\x00\x00\x01z\
<\
?xml version=\x221.\
0\x22 encoding=\x22UTF\
-8\x22?><svg width=\
\x2232\x22 height=\x2232\x22\
 viewBox=\x220 0 48\
 48\x22 fill=\x22none\x22\
 xmlns=\x22http://w\
ww.w3.org/2000/s\
vg\x22><path d=\x22M7 \
42H43\x22 stroke=\x22#\
0064ff\x22 stroke-w\
idth=\x223\x22 stroke-\
linecap=\x22square\x22\
 stroke-linejoin\
=\x22miter\x22/><path \
d=\x22M11 26.7199V3\
4H18.3172L39 13.\
3081L31.6951 6L1\
1 26.7199Z\x22 fill\
=\x22none\x22 stroke=\x22\
#0064ff\x22 stroke-\
width=\x223\x22 stroke\
-linejoin=\x22miter\
\x22/></svg>\
\x00\x00\x01z\
<\
?xml version=\x221.\
0\x22 encoding=\x22UTF\
-8\x22?><svg width=\
\x2232\x22 height=\x2232\x22\
 viewBox=\x220 0 48\
 48\x22 fill=\x22none\x22\
 xmlns=\x22http://w\
ww.w3.org/2000/s\
vg\x22><path d=\x22M7 \
42H43\x22 stroke=\x22#\
0064ff\x22 stroke-w\
idth=\x223\x22 stroke-\
linecap=\x22square\x22\
 stroke-linejoin\
=\x22miter\x22/><path \
d=\x22M11 26.7199V3\
4H18.3172L39 13.\
3081L31.6951 6L1\
1 26.7199Z\x22 fill\
=\x22none\x22 stroke=\x22\
#0064ff\x22 stroke-\
width=\x223\x22 stroke\
-linejoin=\x22miter\
\x22/></svg>\
\x00\x00\x02\x95\
<\
?xml version=\x221.\
0\x22 encoding=\x22UTF\
-8\x22?><svg width=\
\x2232\x22 height=\x2232\x22\
 viewBox=\x220 0 48\
 48\x22 fill=\x22none\x22\
 xmlns=\x22http://w\
ww.w3.org/2000/s\
vg\x22><path d=\x22M9 \
10V44H39V10H9Z\x22 \
fill=\x22none\x22 stro\
ke=\x22#0064ff\x22 str\
oke-width=\x223\x22 st\
roke-linejoin=\x22m\
iter\x22/><path d=\x22\
M20 20V33\x22 strok\
e=\x22#0064ff\x22 stro\
ke-width=\x223\x22 str\
oke-linecap=\x22squ\
are\x22 stroke-line\
join=\x22miter\x22/><p\
ath d=\x22M28 20V33\
\x22 stroke=\x22#0064f\
f\x22 stroke-width=\
\x223\x22 stroke-linec\
ap=\x22square\x22 stro\
ke-linejoin=\x22mit\
er\x22/><path d=\x22M4\
 10H44\x22 stroke=\x22\
#0064ff\x22 stroke-\
width=\x223\x22 stroke\
-linecap=\x22square\
\x22 stroke-linejoi\
n=\x22miter\x22/><path\
 d=\x22M16 10L19.28\
9 4H28.7771L32 1\
0H16Z\x22 fill=\x22non\
e\x22 stroke=\x22#0064\
ff\x22 stroke-width\
=\x223\x22 stroke-line\
join=\x22miter\x22/></\
svg>\
\x00\x00\x02\x89\
<\
svg viewBox=\x220 0\
 24 24\x22 fill=\x22no\
ne\x22 xmlns=\x22http:\
//www.w3.org/200\
0/svg\x22><g id=\x22SV\
GRepo_bgCarrier\x22\
 stroke-width=\x220\
\x22></g><g id=\x22SVG\
Repo_tracerCarri\
er\x22 stroke-linec\
ap=\x22round\x22 strok\
e-linejoin=\x22roun\
d\x22></g><g id=\x22SV\
GRepo_iconCarrie\
r\x22> <path d=\x22M12\
 17V11\x22 stroke=\x22\
#0064ff\x22 stroke-\
width=\x221.5\x22 stro\
ke-linecap=\x22roun\
d\x22></path> <circ\
le cx=\x221\x22 cy=\x221\x22\
 r=\x221\x22 transform\
=\x22matrix(1 0 0 -\
1 11 9)\x22 fill=\x22#\
0064ff\x22></circle\
> <path d=\x22M7 3.\
33782C8.47087 2.\
48697 10.1786 2 \
12 2C17.5228 2 2\
2 6.47715 22 12C\
22 17.5228 17.52\
28 22 12 22C6.47\
715 22 2 17.5228\
 2 12C2 10.1786 \
2.48697 8.47087 \
3.33782 7\x22 strok\
e=\x22#0064ff\x22 stro\
ke-width=\x221.5\x22 s\
troke-linecap=\x22r\
ound\x22></path> </\
g></svg>\
\x00\x00\x02H\
<\
?xml version=\x221.\
0\x22 encoding=\x22UTF\
-8\x22?><svg width=\
\x2232\x22 height=\x2232\x22\
 viewBox=\x220 0 48\
 48\x22 fill=\x22none\x22\
 xmlns=\x22http://w\
ww.w3.org/2000/s\
vg\x22><path d=\x22M24\
 44C35.0457 44 4\
4 35.0457 44 24C\
44 12.9543 35.04\
57 4 24 4C12.954\
3 4 4 12.9543 4 \
24C4 35.0457 12.\
9543 44 24 44Z\x22 \
fill=\x22none\x22 stro\
ke=\x22#0064ff\x22 str\
oke-width=\x223\x22 st\
roke-linejoin=\x22m\
iter\x22/><path d=\x22\
M29.6567 18.3432\
L18.343 29.6569\x22\
 stroke=\x22#0064ff\
\x22 stroke-width=\x22\
3\x22 stroke-lineca\
p=\x22square\x22 strok\
e-linejoin=\x22mite\
r\x22/><path d=\x22M18\
.3433 18.3432L29\
.657 29.6569\x22 st\
roke=\x22#0064ff\x22 s\
troke-width=\x223\x22 \
stroke-linecap=\x22\
square\x22 stroke-l\
inejoin=\x22miter\x22/\
></svg>\
\x00\x00\x02\xe9\
<\
?xml version=\x221.\
0\x22 standalone=\x22n\
o\x22?><!DOCTYPE sv\
g PUBLIC \x22-//W3C\
//DTD SVG 1.1//E\
N\x22 \x22http://www.w\
3.org/Graphics/S\
VG/1.1/DTD/svg11\
.dtd\x22><svg t=\x2217\
62069762070\x22 cla\
ss=\x22icon\x22 viewBo\
x=\x220 0 1024 1024\
\x22 version=\x221.1\x22 \
xmlns=\x22http://ww\
w.w3.org/2000/sv\
g\x22 p-id=\x2218765\x22 \
width=\x22200\x22 heig\
ht=\x22200\x22 xmlns:x\
link=\x22http://www\
.w3.org/1999/xli\
nk\x22><path d=\x22M92\
8 301.76L584 561\
.28l243.2 302.72\
H228.864L96 386.\
304 475.136 96z\x22\
 fill=\x22#0064FF\x22 \
opacity=\x22.1\x22 p-i\
d=\x2218766\x22></path\
><path d=\x22M827.1\
36 896H228.864l-\
30.848-23.424L65\
.152 394.88l11.6\
48-33.984L455.68\
 70.4l32.704-3.7\
12 452.864 205.9\
52 6.016 54.656-\
317.696 239.616 \
222.464 277.056z\
 m-573.952-64h50\
7.2L559.04 581.3\
12l5.696-45.632 \
300.8-227.072L47\
9.36 133.056 132\
.608 398.592z\x22 f\
ill=\x22#0064FF\x22 p-\
id=\x2218767\x22></pat\
h></svg>\
\x00\x00\x03\xb2\
<\
svg t=\x22176507562\
9392\x22 class=\x22ico\
n\x22 viewBox=\x220 0 \
1024 1024\x22 versi\
on=\x221.1\x22 xmlns=\x22\
http://www.w3.or\
g/2000/svg\x22 p-id\
=\x225054\x22 width=\x222\
00\x22 height=\x22200\x22\
><path d=\x22M843.2\
51 424.407l43.82\
8-74.898c10.194-\
17.946 32.596-22\
.158 48.956-11.5\
98 16.298 10.499\
 23.44 32.658 14\
.223 49.566l-113\
.11 195.212-61.1\
64-40.044-126.41\
8-82.285c-16.115\
-11.598-20.632-3\
4.428-10.194-51.\
702 9.705-17.397\
 31.009-23.501 4\
7.857-13.734l89.\
67 59.028C748.57\
6 295.547 615.81\
 180.667 461.008\
 180.667c-177.38\
7 0-320.042 148.\
758-320.042 331.\
335 0 183.613 14\
3.692 331.334 31\
9.981 331.334 10\
7.861 0.184 208.\
58-56.158 268.03\
4-149.858 1.099-\
1.038 1.099-2.07\
5 2.075-2.075 6.\
348-9.949 17.092\
-15.871 28.568-1\
5.81 19.35 0 35.\
648 16.848 35.64\
8 36.93 0 7.508-\
2.137 14.833-6.1\
04 21.059-72.823\
 114.698-196.066\
 183.675-328.099\
 183.614-216.088\
 0-391.4-181.478\
-391.4-405.195 0\
-223.718 175.312\
-405.195 391.339\
-405.195 183.125\
-0.427 342.016 1\
31.606 382.243 3\
17.601z\x22 p-id=\x225\
055\x22 fill=\x22#0064\
FF\x22></path></svg\
>\
\x00\x00\x07=\
\x00\
\x00\x18\xd4x\xda\xd5XKs\xdb6\x10\xfe+\x18\xf5\
\xd2\xce\x80\x10\xde\x0f\xc7\xca\xa194\x97^\xdaN\xae\
\x19U\xa2m\xb6z\x0d\xa5\xd8I\x7f}w\x17 E\
=\x1d;\x9dN{\x10I\x80\x8b\x0f\xbb\x8b\xef[\x80\
\xba\xdd>\xde\xb3\xc7\xa6~\xfaq\xfdy2\x92L2\
\xa74\xfeF\xac\x99OF\xf0V\x87dFl\xbb\xfb\
\xb2\xa8'\xa3\xbbf\xb1\xa8\xdaO\x8b\xfa\xa6~\xacW\
\xeb\xf9\xfc\xcdl\xd1l\x0e{\xb6\xbbv\xfdg]-\
\x9aU\xfd\xc7\xbaY\xdd\xb4\xebO\xab\xbew\xd9\xec\xea\
v\xd1\xc0\xedF\xbf\x19\xb1\xc7\xba\xdd6\xeb\xd5d\xa4\
\x84\x1a\xb1\xcf\xcb\xc5\xcdv3\x9d\xc1D\x9b\xb6\xde\xd6\
\xedcM\x9d\xab\xedd\xf4\xb0\xdbmn\xc6\xe3\xa7\xa7\
'\xf1d\xc4\xba\xbd\x1fk)\xe5\x18\x1c,&7\xb3\
Yo5k\xeb\xe9\xaey\xacg\xeb\xe5r\xbd\xda\x92\
\xf9j\xfb]g9\xdf[n>\xb5\x0bz=\x9f\x8d\
\xebE\xbd\xacW\xbb\xed\x18\x9c\x19w\xb6\xed\xfc\xee\xdc\
\xe4*\xa54\x96z\xacu\x05\x16\xd5\xf6\xcbj7\xfd\
\x5c\x0d\xe6\x00\xef\x9b\xc3\x91\xd4#\xc0\xa5\x1e\x1b\x9c\xbf\
\x1e\x18\xa6{2\xfaNJo\xef\xeeFoo\xefi\
Q~\xfd\xf0\xd3/\xf5f\xfd\xf1\xf7\xfbw\xd3\xb6m\
\xea\x16\x97\x87\xb2\xfb\xd4\xccw\x0f\xb0\x8c`:\xbe?\
6\xdf\xb5\x90\xd9\xf6x\x08.\xd3l\xba\x99\x8ch\x99\
\x0e\xbaq\xf5\xba\xfes\x80\xcdl\xbd\xea\xe0\xde\xb2\xdb\
y}\xb7\xa5\xf7\xf8\x00\xac\x098\x08\x9f\xe1]\x1e\xf8\
Q\xc6\xea\xb7fY#xO\xa9y\xb3\xdd,\xa6_\
n\x9aU\xee\x067W\xdb\xbbu\xbb\x9c\x8c\xe8q1\
\xdd\xd5\xdfWZ\xda\xc8+%\xb5\xfda\xd4\xe3\xddk\
\xaf\xcd\x85\x11\xdaH\xcb\x95\xd1A8EC6\xd3\xdd\
\x03\x83AK&y\x95\x9c\x90\x9a\xcdX\xa5\x94pR\
s\xc9`\x06\x11=\xbc\x11\xc6\x85\xbeE7\x1c@v\
\x81\xe1\xdb\x98\xbb\x03\x1b\xd8\x04F\x06\x11\x80\xa8\xc9\xc1\
\xd0\x9b\xf2\x9c\x0d$'\x13\xc3p\x0a\xafy\x86\xae\xf6\
&\x9e\xfd\x0cFV\x89`/y\x06\x90\xd5\xc1\xac\xef\
\xbavy\xd9\x0f\x92\xf0{\xd6\xa5\xfcl\xb40\xa1\x0f\
 \xcf\xdf\xf9\x81\xc9R\xc6\x8b\xe0.&+~U\xb2\
\xd4A\xb6\xd49\xdf\xec\xd07\xd5\xe5K_\xc9\x17-\
\xa5u\xb8\x90g\xf0\xf4\xb9\xf4\xc7!\x5c\x18\xc2\x85\x0b\
)\xd7G)\xef\xe2\x8bW\xc8\xb0dn\x80;\xc31\
:\x0a\xe9\x00J\x8b\xa8y\xe5\xf2\x84\xd9\xaak\xa1\x89\
\xb58\xbd#0\xb2\xed\x1a\xaeLN\x9d\x89)'\x94\
\xb2\xdcj\xa1\x92f\xc6\xa1\x89\x8d\xc2+\xf6\xc8L\x12\
\x8e(\x04\xd3\x07\xeb\xb9\x17V\x01|6\xd2N\x84\xa8\
\xbaV\x1eRP\xdd\x105\xda\x01\xea7\x80~\xab\xab\
'\xa0\x94$\x86\xd8*g\xc5\xb3}\x86<\xa3<C\
\x0eKj\xb3\x1d\x1b$\x9a\x18\x8a\xdd\x06\x1c&\xdf\x12\
\x90\x08\x9dsy.\xb0\xa3\xc9\x14\xfb\xc0|\x126\x82\
\xca\xa0?8\xc5\xbd\x11P\x8a\x0b\x9a5\x22Hu\xb0\
\xd2e\x1a%\x12\xf8Z\xc6TZ\x09C\xb9\x85\xc7\x00\
Qb\xdc\x15\x06n\x22D\x8e\x81\xa3\x15F\xeeX\x99\
\x1f#\x0f}\x0b\xbd\x91\xea\xeb\xdd\xee\xe0\xd3\x11\xbc?\
\x80OCx\x95\xb7{\xac\x91PS\xd5\x99\xfd~\xb5\
^\xfdU\xb7k\xac\xe9h\x05\x05\x156\x84a!\x0e\
\x97\x0a\xb1\x8aQh\xcd\x15dN\xe8pR\x8b!=\
Zz\xe2\x00\x04\x07\xab\x8eW\x06\x0e{XG+L\
BaJp\xd1\x96\xd6\x03\xabB\x02\x82\xe2\x10+$\
\xa9\xbe\x82\xc4R\xe2\x9d\xeb\xcc\x0dD&,i\x0ei\
\xc8\xe9fq\x88\xc1\xa8\xbdp1\xf6-\x18\xe1 \x91\
XN\x00\xd13\x04\x02i#*#\x14\x9eA\xa1\xa6\
\xa0P\x08\xcc0\xc4\xc0\x04\x02Fd\x19\xa2k=\xb0\
\xceG\x04L\xe0\x22bE\x0e\xc0PQ\x8a\x83\x18\x0f\
0\x16X\x1e9^\x13\xcb\xee@\xec\xa0\x8a\xfc\x8c\xa6\
\x12\x0b\xb2\x11\xc9\xe1\xd2\xc3,\x89\x07b5\xcd\xe5\xb3\
\x89\x81\xa2\xd3\xe5\xa9r\x8ez\x86\x99RZH\xa3\xa8\
\xb6\x19a\x0cN\xee#RG\x89\x08)TF(`\
\x5c\x15\xb1r\xf3(,H\xb5\xc2\xce\x04+\x97D@\
\x96\x95&\x8e\xd0\x98\xab\x0c\xc9\x08\x88gTF8\x96\
gT\x868\x86G\xaa\x96\x19\x85g\x10F \xbek\
\xed\xb3\x85\x98\x1a\xddD<m1\x9d\x1e*\x0b\x99\xe3\
:\x19\xaaL\x88\x0b\xa9\xc6\x9b\xcdS\xc2j\xd3\x04\xfb\
&\x0eQy;\x22L\xcc\x96\x0fX\xaf\x11Y\xe5p\
\xc0\xd5l\x18r\xe8\x9a\xd3\x0d\xdf&\x88\xc0\x95\x19M\
\xce\x138\x5c\xda\x07rq\xaf\x90\x8bQ\xcf\xc9\xc5\x18\
`L</\x97\xd8\xc9\xc5\x91\x5c\xdcP.\xfe@.\
\xfe\x1f\x94K\xf8?\xc9\x85pH.\xe0\x19\x82\x1d\xca\
\xc5\x9e\xc8\xc5\xfe7\xe4\xa2_.\x17}].f(\
\x17wU.\xe1\xdf\x90Kz\x8d\x5c\xdc%\xb9X\x8c\
\x03\xd6]\xc3\xde\xa8\xcd\xe9I\xbf\xd7\x0b0&\x11\xad\
\xe1{\x16\xa8\xe8}\xa6\x220*S\xb5k\xe5\xe4&\
u\xc4E\xcb\x89J,\x17[NlcC\x09\xd2\xe6\
\xc4I\x87\xe59\xd3\xb6p\xd1\x10\x17\xe1\xe0\x09`>\
\x11\x17SOW\xf2\xcar\xba\x92\x96]\x1ajYv\
\xdc\x7f_|\x85\x13\x09\x18\x85\xbd$0\xf78\x9aI\
!\xe1`\x80\xd7R\x22H{\x92\xc8o%\x09\xd9\x07\
\xdb\xb7\xb2\x02:!\x1b\x14\xb2wY\xc8\x9e\x14\x15\xb3\
\x0d\xe9\xa5\xe4\xa9WK\x9f'd\x8cr\x85\x85\xea\x80\
\x85j\xc8B`J&\x8cf\xb9\x8fg\xde\xec\x9bG\
,\xd4\xc4B<0\x13\x0b\x8b\xa8ba\xa1\xf6\xac:\
\xa0v\xe14/\x5cee\x0f\xe8\xdb}\xfa\x8a\xc0!\
\x03E\xe0\x94a\x1f\x5cO\xdc\x8e\xc7\x19\x1f|V{\
\x09\xa0\xcf\x83f\xef3A\x92\xc0CB\x81k8\xac\
\x90b\xb3\x8d\x8e\x94\x82\xc4\xcb\xb6\x95\x15C Y\xe0\
\xd2\x97\xd6P.\xc6\xbcF.\xe9\x92\x5c\x1c\x1c\x08\x15\
\xd4/\x1b,\x9c\xbc\xaf\xee.\x1d#\xcd9F\x1e\xed\
.x\xd4\xac\xe0\x84bR\xde]\xb0F\x02\xdf\xbd\xcc\
\xf6.\xd9\x5c\xe9\xc3)'}\xe6\xa4\xe9[\xbdlN\
9\x19\xd8~\x03B\x0e\x0e4m\xcfh\xda\x1ci\x1a\
\x9c\xc4S\x94&I#1\xe805\x94\xb4c\xc3C\
\xe8^\xd2~(iW$\xad\xb3\xa4\x15I:\x9f%\
\xd3\xf1\xf6\x22O\xb6\x97t\x91}\xf6\x90}z\xc8>\
}\x95}\x91\xd8w\x86ye\xfb\xf1\x8c\x18\xcc\xcb\x0e\
\x80\xcc\x0b\xbc\x88b\xb8\xa3\xd9A\xa6H\xd4\xbe\x13\xb5\
\xcf\xa2\xd6\xe7D\xad\xcf\x8aZ]\x12u\xdeZ\xa2*\
\xa2\xb6E\xd4\xc5\x10TR\x1d\x1c\xef\xaa\xb2\x13VE\
)\xd5\xd0\x83#\xad\x84Wh\xc5^\xfc\x07I\xcb\x00\
\xab\xcd\xe1K\xcb\x0bs\xfa\xe1R\x19\x89k\xaa`\x99\
\x13\xfd=\x02\xe7\xb6H\x9f\xefP\x0b\xbd\x08x@\x87\
'\xa2\x0b\xbdb\xd4\x89\x1d\xb9\xfb=\x93P\xc8\xbbQ\
\xf8}\x98G\xe1\x93*\x1f\x8c\x86\x06f\x1b\x9c\x90\xa6\
\x1d\xc6l_\xf3\xb1f\xc3s1k\xe7EL\x97b\
\xb6\xf0y\x99\xce\x85\xec\x0eC6_\x17r8\x09\xd9\
]\x0d\xf95\x07nw\xf1\xc0m\xa5\x04\xe5\x83\x00$\
\x10J\x9f\x84L\x11\xd3\x22\xe3G\xea\xc5\xd5\x92<'\
\x83\xe5n\xea\xab\xca;\x8c\xfa\xe5\xfc8\x08\xf95\x87\
&\xe7\x9e\x0d\xd9\x1b\xe1\xed\xf9\x90a\x8d=\x9d\x22.\
\xaeV\x09\xd9\xbd \xe4g\xf81\x0c\xd9\xbd`\xe3\xeb\
.\xb7\xf8\xb7\xf9\xdb\xbf\x01\x04b\x9c:\
\x00\x00\x03\xf7\
\x00\
\x00\x0dZx\xda\xadV\xc9n\xe38\x10\xbd\xe7+\x04\
\xcde\x06\xb0h\xee\x8bc\xa7\x81Ac\xbe\xa0\xe7\xdc\
PK\xb4%D\x16\x0dI\x89\x93|\xfd\x14\xb5Y\xde\
\x1aq\xc6\x12t`\xd5+\xf2U=\x16\xa9\xe5\xb7\xb7\
m\x11\xbc\xda\xaa\xce]\xb9\x0a\x09\xc2a`\xcb\xc4\xa5\
y\xb9Y\x85\xff\xfe\xf8'\xd2aP7q\x99\xc6\x85\
+\xed*,]\xf8\xed\xe9aY\xbfn\x1e\x82 h\
 Da\xaa(\xe6\x04c\xc6CoL\x8a\xb8\xaeW\
a\x9e\xb8\xb2\x1d\xbf\xe6v\xff\xb7{[\x858\xc0\x81\
Q\x1c\x19M\x8c\x0a\x8c$Hh\xa9u\x07:P \
\xada\x17\xe5)\x8c\xb8f\xedp\x9f\xa7M\x06c\x83\
\x11\xa7\x92\xc8\xd6\x98\xd9|\x93y\x0eZ!\x8d\x8d\x11\
\xad\xd5\xc7\x01\xbf\x8eL\x0d\xa9\xec\xe0[\xa4.)\xe3\
-d\x90dqY\xda\xe2g\x85\x00\xd4\x05\x94\xcfu\
\x12\xef\xecbB\x82\x05\x7fbK\x04\xb6\xa9L\xf8,\
\xa0\x98\xb2\x08\xab\x88\x92\xbf\xda\x10\xa8ZY/\x86\xc0\
U\x985\xcdn1\x9f\xef\xf7{4\x18\x91\xab6s\
\xbfd\xbd\x8b\x13[\xcf\x07\xfb$~ 7\xc6\x0f\x06\
T\xbb\x97*\xb1k\x98\xc2\xa2\xd26\xf3\xef?\xbe\x8f\
\xce\x08\xa3\xb4I\x0f\xd3\x1c\xad\xbeg\xed\xba\x14c<\
\x1f\xf2\xeb\x17{\xdd\xfc\x16\xf9\x04\xd0ej\xd7\xb5\x0f\
\xe9\xaa\xe8G<\x0c\xe6\xadk\xac\xa4\xcf)\xf5\xa2\x1e\
\x80\xa3\xa9+:\xa8\x17ol\xe2\x0aW\xad\xc2?\xd6\
\xed\xd3;~\xb9*\xb5\xd5\xe0\xc2\xeds\xe4rP\xad\
\xbcy\x87\xdd\x82\xa8\xe8=\xa3@u\xe6\xf6~\xea:\
\x8bS\xb7_\x85\xf4\x14\xe0\x9d\x93\x19\xf0%\x7f\x92\xd9\
\xe4\xd9V\xbf\x5c\x5c\x01\xf53Hj\xeb\xe7\x81_J\
\xfc\xdb#\xfc\xe2\x9b\x97\x1c\xfc\xab\xb0\xa9^\xeci\xe0\
\x87s[\xbfu\x0c7\x9a\xabSo\x02\x0d\xa0\x08\xa2\
ZI.\xcf\x9c\xc0\x96S\xc4\x08\xc1\x84\x9d:\xf7y\
\x09\xc9F}\x07P!\xf1\x15\xc4\xd8\x0e\x8c\xf1+\x10\
 \x11\x11r\xc5\x09$\x18\xa6W\x9c\xdb\xf8-\xdf\xe6\
\x1f\xd67\xe5\x19\xfd\x97\xaa\xb2e\x13\x15\xf1\xbb\xad\xfa\
\xe6{j1\x87]\xd3V\xae\x8b\x83\xed\xe1\xea\xbci\
;\x8d\x19\x86\x84\xa4J\xce4VHP*\x06\x02A\
\xe0\xaa\x1cf\x8d; \x9eEd\xf4\xf8=\xd7N(\
\x0e\xa6\x81L\xe1@]\xf0\xaf\xe3\xa2\xb6\xfd\xe6\xfd\x04\
\x11\xca\x14\xc2Fi:\xa3@\x89\x81\x82\xec\x16\x22\xf2\
nD\x147\x880\x8d\xf9\x8cI\xa8\x88\xe4\xe6\x16\x1e\
\xean<\x0e\xca(\xa9\x911\xbc?\xa9\xcf\x88\x90\x19\
>\xe7\xa1\xef(\x8cFp\xbb(\x0e\xc2p\x04\x17\x0d\
17\xf00\xf7\xd3E\xc0\xd5#\xb0\x01]\x94@\x9c\
S\xceo\xe0A\xf0\xe7\x88,\xe7\xe7\xe7lk\xdf\xc5\
M\xd6\xcd\x00\x11[\xb8\x900\xd2\xdaH>#\xbe*\
J\x08\x1a\xc4\x011\x14z\x88i\x05V\x86\x8cT\x94\
\xc3\x9dK\xe0cZ@\xed@\xc9\x19\xfe\x0d*\x9a\xc2\
>z\xc6\xeb\xbc(\xfcY\xa8\x89\xc5\xc36\x1fo\xe7\
\xf1(\x83\xa1\xa7\xc8\xa2\xa1*u\xf3^\xc0\xcd\xe8\xa3\
\x17}\xf0\xa3\x1fD\xfd\xf9\xbc\xc0Hj\xa6\xa8y\xac\
\x9b\xca=\xdb\xee\x80[P$1\xa5l(\xc7i\xda\
J\x22%\x087\x1duB\x94\xf1i\x13\x894\x97 \
\x0d\x18\x90\xa2\xd4\xc8>!\xca\x18\x92\x86i\xe6\xd3\xbe\
\x8a\x8a\xa6\xb0\xaf\xa5}\x9c\xf4QF\xf0\x9b\xa3\x0c\x93\
W2\x12\xda \xc38\xa53\xa9\xe1\xee R\x89\x89\
\x90z\x94H\x1c\x0b\xa9&:\x9e\x83\xa2\x09\xea\xab2\
F\xf8\x92\x90F\xf9\xf7TH\xcd\x19a\xea\x16!\xa5\
\x14H\x19@\xb4i+\x01\x17\xcfDH1J\xa4\x8e\
\x854\x13\x1d\xcfA\xd1\x04\xf5\xc5\xb4\xf5\xa5\xa4y\xec\
\xdf\xe3\xa4\xc9\xe3\x0d\x22\x83\xc4\xddc#\x7f\x9c\xc2\xb1\
.\x14a\x9fiXE\xbb\x7f$L>\xd5\xb8G\xf0\
\xaf+\x7f\xb9\x89\xafiO\xb4\xe4\xb7h\x0f\xc7\xa7\x96\
\x10\xd4V\x02\xae\x19~\xb1\x85\xf5I\x0b\xab\x8b-\xac\
O[\xf8\x7fly\x1d\x89;\xa8\xbf\xf4\x7f\xd3O\x0f\
\xff\x01D\xa2}=\
\x00\x00\x04\xe4\
<\
svg xmlns=\x22http:\
//www.w3.org/200\
0/svg\x22 fill=\x22non\
e\x22 viewBox=\x220 0 \
32 32\x22>\x0a    <pat\
h stroke=\x22#0064f\
f\x22 stroke-lineca\
p=\x22round\x22 stroke\
-width=\x222.5\x22 d=\x22\
M12.5 9.5 19.4 2\
4\x22 opacity=\x220.4\x22\
></path>\x0a    <g \
filter=\x22url(#mov\
e-tool_svg__a)\x22>\
\x0a        <path f\
ill=\x22#0064ff\x22\x0a  \
          d=\x22M11\
 8.165v12.838c0 \
.74 1 .974 1.328\
.31l2.527-5.114a\
1 1 0 0 1 1.107-\
.535l5.822 1.252\
c.712.153 1.155-\
.746.602-1.217l-\
9.737-8.295A1 1 \
0 0 0 11 8.165Z\x22\
>\x0a        </path\
>\x0a    </g>\x0a    <\
defs>\x0a        <f\
ilter id=\x22move-t\
ool_svg__a\x22 widt\
h=\x2217.635\x22 heigh\
t=\x2220.541\x22 x=\x228\x22\
 y=\x225.164\x22 color\
-interpolation-f\
ilters=\x22sRGB\x22\x0a  \
          filter\
Units=\x22userSpace\
OnUse\x22>\x0a        \
    <feFlood flo\
od-opacity=\x220\x22 r\
esult=\x22Backgroun\
dImageFix\x22></feF\
lood>\x0a          \
  <feColorMatrix\
 in=\x22SourceAlpha\
\x22 result=\x22hardAl\
pha\x22 values=\x220 0\
 0 0 0 0 0 0 0 0\
 0 0 0 0 0 0 0 0\
 127 0\x22>\x0a       \
     </feColorMa\
trix>\x0a          \
  <feOffset dy=\x22\
1\x22></feOffset>\x0a \
           <feGa\
ussianBlur stdDe\
viation=\x221.5\x22></\
feGaussianBlur>\x0a\
            <feC\
olorMatrix value\
s=\x220 0 0 0 0 0 0\
 0 0 0 0 0 0 0 0\
 0 0 0 0.4 0\x22></\
feColorMatrix>\x0a \
           <feBl\
end in2=\x22Backgro\
undImageFix\x22 res\
ult=\x22effect1_dro\
pShadow\x22></feBle\
nd>\x0a            \
<feBlend in=\x22Sou\
rceGraphic\x22 in2=\
\x22effect1_dropSha\
dow\x22 result=\x22sha\
pe\x22></feBlend>\x0a \
       </filter>\
\x0a    </defs>\x0a</s\
vg>\
\x00\x00\x02\xf5\
<\
?xml version=\x221.\
0\x22 encoding=\x22UTF\
-8\x22?><svg width=\
\x2232\x22 height=\x2232\x22\
 viewBox=\x220 0 48\
 48\x22 fill=\x22none\x22\
 xmlns=\x22http://w\
ww.w3.org/2000/s\
vg\x22><path d=\x22M43\
 23V14C43 12.895\
4 42.1046 12 41 \
12H24L19 6H7C5.8\
9543 6 5 6.89543\
 5 8V40C5 41.104\
6 5.89543 42 7 4\
2H22\x22 stroke=\x22#0\
064ff\x22 stroke-wi\
dth=\x223\x22 stroke-l\
inecap=\x22square\x22 \
stroke-linejoin=\
\x22miter\x22/><path d\
=\x22M27 31L41 31\x22 \
stroke=\x22#0064ff\x22\
 stroke-width=\x223\
\x22 stroke-linecap\
=\x22square\x22 stroke\
-linejoin=\x22miter\
\x22/><path d=\x22M27 \
37H41\x22 stroke=\x22#\
0064ff\x22 stroke-w\
idth=\x223\x22 stroke-\
linecap=\x22square\x22\
 stroke-linejoin\
=\x22miter\x22/><path \
d=\x22M41 31L36 26\x22\
 stroke=\x22#0064ff\
\x22 stroke-width=\x22\
3\x22 stroke-lineca\
p=\x22square\x22 strok\
e-linejoin=\x22mite\
r\x22/><path d=\x22M32\
 42L27 37\x22 strok\
e=\x22#0064ff\x22 stro\
ke-width=\x223\x22 str\
oke-linecap=\x22squ\
are\x22 stroke-line\
join=\x22miter\x22/></\
svg>\
\x00\x00'\xb4\
\x89\
PNG\x0d\x0a\x1a\x0a\x00\x00\x00\x0dIHDR\x00\
\x00\x01\x00\x00\x00\x01\x00\x08\x06\x00\x00\x00\x5cr\xa8f\
\x00\x00\x00\x09pHYs\x00\x00\x0e\xc3\x00\x00\x0e\xc3\
\x01\xc7o\xa8d\x00\x00\x00\x19tEXtSof\
tware\x00www.inksca\
pe.org\x9b\xee<\x1a\x00\x00 \x00ID\
ATx\x9c\xed\x9dy\x9c\x1de\x99\xef\x7fOU\x9d\
\xfd\xf4\x9a\xce\xdaY\x15\x17\x22\x01\x02a\xbb\xeaL\xb8\
*\x84\xc5\xa0x\x83\xf7\xb2(:\x0a.\xe3\xc2\xa8 \
K\xd2\xb4\x91\x10 \x0a\xca\xe8(\xd7\x99Q\xd9\x1c\x22\
\xa2\x0c\xb8\x0dK\xf0^5$$\xc8\x0eJB\xd2K\
:\x9d\xa4\xd7\xb3\x9f:U\xcf\xfc\xd1\xe9\x90tz9\
KU\xbd\xb5\xbc\xdf\xff\xd2\xa7\xce\xfb\xfer>U\xbf\
\xb7\x9ewy\x1ebfH$\x92`\xa2\x88\x16 \x91\
H\xc4\xa1\x89\x16P)\xbb\xceX\xbfP\xd1\xa4q9\
\x89\xaa+\xc5\xd6\xcdWw\x89\xd6!\xb1\x1e\xf2R\x08\
p\xe0\xca\xfbo\xc9\xbc\xd0y\xb5h\x1dA\xa4\x04\xda\
\xfe\xd2\xb2\xc5\xfb\xe6\x9c\xbad:\x91z\xf4\x05\xc4u\
\xe0\x09\x07\x14\x0d@]\x8d\x12b\x00\xa25\xb6\xe1v\
\xf2\x00r\x13|\xf6\xdb\x93/\x99{\xb1\xd5\x1dz\xc6\
\x00z7\xfc>\x11J\x15w\xa5\x1f\x7f\xa5\x85Mo\
h\xf6\x13\xdd\x89xiW}R\x8b6\xd7c\xce\xa9\
\xc7#\x14\xf7\xfb\xb3\xe8:\xb2'_27\x09\xc0\xd2\
\x9b\xdf3\xaf\xd2\xe1\x5c\xe9\x0b\xa4*-J\xbd\xbc\xf1\
\x9c\xc6$Bg2Q\x00\x80|\xff0v?\xf14\
2{\x0f\x88\x96\x154\xee\x85\xc5\x0f?\xe0\x11\x03\xe8\
\xdd\xf0\xfb\x043\xae\x02\x00\xad1.ZN\xe0\xe8\x89\
\xc7\x0cC\xa1\xc4\xe8\xbf\x8d\xa2\x8e\xae?\xff\x05\xfb\x9e\
\x7f\x0d\xf2m\xcc\x11\x0c\x95p\x9b\x1d\x0d{\xc2\x00B\
9\xfd\xb3\x04\xcc\x00\x00\xb5A\x1a\x80\x93\x98D\xe8\xaa\
\x1b\x19\xfd\x8f\x80\x81\x81\xd7;\xd1\xf1\x87m\xd0sy\
\x01\xca\x82\x04\xdd}\xe2\xc5s\xfffG\xcb\xae7\x80\
]\xed\x9b\xa2\xc4\xcaU\xa3\xffV\x9b\x12\x93].\xb1\
\x98\xdex\x8cKD\x13\xban\xbe\x7f\x10\xbb\x1e\xdb\x8c\
Tw\xaf\x93\xb2\x82\x84\xc1L\xeb\xedj\xdc\xf5\x06P\
O\xd9\xcf\x02<g\xf4\xdf\x14\xd5@\xd1\x90HI\x81\
\x81\x89\xd0\x99\x8cO4+}\x08S/a\xcf\x96\x17\
dH`\x0f\xff\xb1\xec\xd29\xaf\xd9\xd5\xb8\xab\x0d`\
W\xfb\xa6(\x01_\x19\xfbw\xb5I\x86\x01N\xd0\x1b\
\x8f\xb2\xae(\xe5\xfd\xd8\xa3!\xc1\xa6\xad\xd03Sz\
\x86\xa4<\x98M\xbe\xd9\xce\x0e\x5cm\x00\x8d\x94\xf94\
\x80\xd6\xb1\x7f\xd7\x1ae\x18`7L@g2Q\xf1\
\x93\x9c\x1f\x1c\xc6\xae'\x9eF\xaaK\x86\x04\x16\xf0\xf3\
e\x97\xcd{\xd1\xce\x0e\xdck\x00\xed\x1b\xc3\x0c:j\
\xf4\x07\x00\xb5Y\xbe\x01\xd8Mo4\x86b\xb9\xa3\xff\
\x18FC\x82\xdeg_\x91!A\xf50X\xb5-\xf6\
\x1f\xc5\xb5\x060@\xc9\x7f\x00\xb0`\xbc\xcf\xd4d\x14\
\x14\x1ag7\x9a\xc4\x12\x18@W]\x22[k;\x83\
ot\xa3\xe3\xa9-\xd0\xd32$\xa8\x82\x87O\xbet\
\xf6v\xbb;q\xa7\x01\xdc\xb5-\x04\xf0\xc4[~\x09\
P\xe5~\x00\xdb\xd8\x1f\x8b\xa2\xa0V7\xfa\x8f%?\
\x90\xc2\xae'\xe4*A\xa5\x98\xe0\x9b\x9c\xe8\xc7\x95\x06\
\xd0\xbfw\xdf\xe5\x00\x16Nv\x8d\xd6,\xe7\x01\xec\x80\
\x01\xec\xaeKX\xba\xb0o\x96\x0c\xecy\xfa`H`\
\x98V6\xedO\x18\xbf>\xe5\x92y[\x9d\xe8\xca}\
\x06\xb0q\xa3\x0a\xf0\xd7\xa6\xbaL\xae\x04\xd8\xc3\xfeX\
\x14EU\xb5e\xbf\xf5HH\xf0\x0c\x8a\x99\x9a\xa3\x0b\
_\xc3\xa4\xacs\xaa/\xd7\x19\xc0\xe0\xab\x89\xcb\x08x\
\xdbT\xd7)\xf51@u\x9d|Osp\xe6\xdf\xd6\
m}\xf9\xc1a\xec~\xfci\xa4:eH0\x1e\x04\
~l\xd9%s\xfe\xe8T\x7f\xeez\x826nT\xc1\
\xb8\xb6\x9cKI!h\x0d1\xbb\x15\x05\x8a\xbeh\x04\
y\xcd\x9e\xd1\xffp\xcc\x92\x81=[_\xc0\xbe\xe7^\
\x95!\xc1\x18\x88\xb0\xd6\xc9\xfe\x5ce\x00\x83\xaf$.\
f\xe0\xed\xe5^/\x97\x03\xad\xa5#9\xce\x9e\x7f\x1b\
\x19\xd8\xd1\x85\xddOm\x95!\xc1A\x88\xf1\xd4\xd2\x8b\
\xe7\xfd\xc1\xc9>\xddc\x00\x1b7\xaa\x0c\x5cW\xc9W\
\xb4\xa6\xa4]j\x02G\x7f4\x82\x9c\xa6E\x9c\xee\xb7\
0\x98\xc2\xee\xc7\xb7 \xd5\xb5\xd7\xe9\xae]\x07\x119\
:\xfa\x03.2\x80\x81W\x12\x17\x01xg%\xdfQ\
\x1bb \x85lR\x14,:\x1d\x1e\xfd\x0f\xc7,\x95\
\xb0g\xcb\x8b\xe8y\xe6%\x98\x86!J\x86h6/\
\xbd\xa4\xf5q\xa7;u\x8b\x01\x10P^\xec\x7f\x04\x9a\
\x02\xa5N&\x08\xa9\x95\xc1H\x18\xe9\x90\xf3\xa3\xffX\
\x86;z\xd0\xf1\xc4\x16\x14\x873\xa2\xa58\x0e1\xda\
E\xf4\xeb\x0a\x03\xe8o\xff\xcdG\x00,\xa9\xe6\xbb\xf2\
xp\xedt$\x93E\xd1\x1aF)\xa42\xd8\xbdi\
+\x86;\x83\x14\x12\xf0\xf6\x93.\x9d\xfb;\x11=\xbb\
\xc1\x00\x88\x88o\xa8\xf6\xcbr\x22\xb06\x86\xc3a\xa4\
\xc2ZX\xb4\x8e\xc31K%\xf4l\x0dNH\xc0#\
\xa3\xbf\x90C\x13\xc2\x0d`\xf0\x1b\x8f|\x08\xc0\x09\xd5\
~_kJ\x8c\x04\x10\x92\xaa\xe8L\xc6u\xd1\x1a&\
\x22 !\xc1s\xcb.\x9d\xf7\x9f\xa2:\x17n\x00&\
\x94\x8af\xfe\xc7B!\x15jR\xce\x03TC:\xa4\
a0\x12vum\x88C!A\x87?C\x02f\xac\
\x85\xa0\xd1\x1f\x10l\x00\x83\xed\x8f\xae$`Y\xad\xed\
\xa8\xd3\xe4<@5t\xd6%ux\xe0\xfd\xc9,\x95\
\xd0\xf3\x8c\x1fC\x02~e\xd9\x8e\xb9\x0f\x89T \xf6\
\x0d\x80\xa8\xea\xd8\xffp\xb4ir?@\xa5dC*\
\x06\xc2\x11W\x8f\xfec\x19\xee\xe8\xc1\xee'\x9eFa\
8-Z\x8a%0c-\xda t+\xa40\x03\x18\
h\xff\xed\xb9\x0c\x9cbE[jSB\xee\x07\xa8\x90\
\xced\xa2\xc4\xc4\x9e\xfb\xd1\x8a\xa9,v?\xb9\x05\x83\
ot\x8b\x96R+\xaf\xbf\x11\x99\xf7\x80h\x11\xe2\xde\
\x00\xc8\xac)\xf6?\xa2)M\x199\x1c$)\x8b\xbc\
\xaa\xe2@$\xea\xd9\x8c*l\x98\xe8}\xf6\x15O\x87\
\x04\xcc\xb4v\xd5*\x08\x17/\xc4\x00\xfa\xdb\x7fs\x16\
\x80w[\xd9\xa6\xd6\x22\xe7\x01\xca\xa5\xb3.i\x80\xdc\
\x1f\xfbO\xc5HH\xb0\x05\x85!\xcf\x85\x04;\xd3s\
[\xef\x13-\x02\x10d\x00\xb5\xac\xfbO\x84*\xe7\x01\
\xca\xa2\xa8*\xd8\x17\x0b{\xfe\xe1\x1f\xa5\x98\xca`\xf7\
\xa6-\x18\xd8\xd1!ZJ\xd90a\xdd\xf2\xe5(\x89\
\xd6\x01\x080\x80\xc1o<z&\x80\xf7Z\xdd\xae\xda\
\x10\x074\xe1\xab\x9a\xae\xa7#\x990\x01\xf2\xd5\x0f\xc5\
\x86\x89}\xcf\xfd\xd5+!Ag<4|\xb7h\x11\
\xa38~#0)k\xech\x97\x14\x92u\x03\xa7@\
W\x15\xec\x8bE}\x9b\xa6w\xb8\xa3\x07}\xaf\xec\x14\
-cr\x88o^\xbcj\xb1k\xb6^;j\x00\x03\
k\x1f}/\x98\x97\xdb\xd5\xbe\xd6Rk\x09z\x7f\xd3\
\x9d\x883\x13yv\xf2\xaf\x1c\x06vt\xa2\xe4\xdeZ\
\x85=\xc5\x10\xfdX\xb4\x88\xc3q\xd4\x00\x08d\xcb\xe8\
?\x8a6]\xce\x03L\x84\xae(\xe8\x89\xc7\x5c\xff~\
\x5c+l\x98\x18\xd8\xd1)Z\xc6\xf8\x10\xd6\x9f\xb1j\
\xae\xabr\xa4;f\x00\xfdk\x1f9\x83\x19\xef\xb7\xb3\
\x0f%\x11\x81\x12\x17~\xaa\xd5\x95\xf4$\xe20\x89<\
\xb5\xf1\xa7Z\x86\xde\xe8v\xe1\x5c\x00\xf5\x22\xad\xfeH\
\xb4\x8a\xb18f\x00\x04{b\xff\xb1\xc8\xb7\x80\xa31\
\x14\xc2\x9ed\xcc\xb5\x87~\xac\xc6\xd0K\xeeK:J\
\xe6\x86\x93\xaf\x98\xed\xba\xdcg\x8e\x18\xc0\xd0\xdaGO\
\x06\xe3l'\xfa\xd2\xa6\xcby\x80\xb1\xf4\xc4c0@\
\x81*\xa9<\xdc\xd1#Z\xc2\xe1\xf4\xc5B\xd1\x1f\x88\
\x161\x1e\x8e\x18\x80\x09\xba\x11\x0e\x1d:Q\x9b\x13\x80\
\xea\xeby\xae\x8a0\x88\xd0\x9dL\xb8f\xd6\xd9)r\
\x07\x06\xa1\xe7\x85e9\x1b\x03}k\xf1\xaa\xe9\xae\xdc\
\xadd\xbb\x01\x0c\xae\xfd\xcdR0\xce\xb3\xbb\x9fQH\
!h\xf2t\xe0!z\xe3Q\x94\x88\x5c\x95\xf0\xc3\x09\
\x18\xec\x96\x0a\xc5C\xaa\xae\xff\x8bh\x11\x13a\xbb\x01\
0x\x0d\x1c>r\xaa\xb5\xc8y\x00`\xa4\xd0\xc7\x9e\
\x84\xb8d\x9f\xa2q\xc3<\x00\x11n?\xf1\xf2\x85\x83\
\xa2uL\x84\xad\x060\xd0\xfe\xe8q`\xac\xb4\xb3\x8f\
\xf1\x08\xcd\xa8\xf3\xc0)w\xfb\xe9\x8d\xc6PP\x95\xc0\
.\x8b\xe4\x07\x86D\xd7\x1c\x18\x0e\xc1\xfc\xaeH\x01S\
a\xab\x01\x10\xd1\x8dv\xf71n\xbf\xd1P\xe0\xab\x07\
3\x80\xee\xbax`G\xffQD\x86\x01\x04\xbas\xc9\
\xc5\xf3\x07\x84\x09(\x03\xdb\x1e\xce\xfe\xf6\xdf,f\xe0\
\xc3v\xb5?\x15\xa1Y\x8d\xa2\xbav\x05}\xb1\x08\xf2\
\xaa\x1a\xd8\xd1\x7f\x94t\xd7>Q]g(\xac~G\
T\xe7\xe5b\x9b\x01\x10\xf1\x1a;\xdb\x9f\x8a\xd0\xac\xfa\
@\x87\x01N\x97\xf9r+\xf9\xa1\x14\xf4\x8c\xf3[\x83\
\x09\xf8\xde\xd2U\xb3\xf6;\xdeq\x85\xd8\xf2\x80\xf6}\
\xf3\xd1c\x01\xac\xb2\xa3\xedr\xa1\x88\x16\xd8\xd2a\xfd\
\x111e\xbe\xdcJ\xa6\xf7\x80\xd3]\xe6\x99\x8d;\x9c\
\xee\xb4\x1al1\x00\xc5\xc4\xf5v\xb5]\x09\xa1\xd9\x0d\
\xa2%\x08\xa1\xb3\xce\xde\x12\xdf^#\xbd\xd7Y\x03`\
\xf0\x0fN\xbet\x81\xabv\x22M\x84\xe5\x0f\xe9p\xfb\
\xef\x8e\x01\xe8\xa3V\xb7[\x0d\xda\xac\xfa\xc0\xe5\x0a\x1c\
\x8c\x84\x90\x0ei2O\xfaad\xf7\xf7;w6\x80\
Q\x08\x19\xb4\xc1\x99\xcej\xc7r\x03(\x91y\x03\x00\
W\x1c:\xa1\x90\x1a\xb8LA\x9d\xc9\xa4\x8c\xfd\xc7\xc0\
\x86\x89\xdc~g&\xe3\x99\xf0\xa3\x13>6\xd73\x19\
K-5\x80\xa1\xf6G\xdfB\xe0K\xacl\xb3V\xc2\
\xf3\x9bEKp\x8ctX\xc3p8$c\xffqp\
(\x0c(\x92\xa9\xde\xeaDGVa\xa9\x010\xd1u\
p\xc9\xe8?\x8a\xd6R\x07%\x11\x8c\x9d\xb0\xbb\x5cT\
\xe4\xd3mdz\xec7\x00f\xfc\xf8\xe4\xcbf{'\
9!,4\x80\x81\xf6G\xe63p\x99U\xedY\x06\
\x01\xe1\xf9\xd3D\xab\xb0\x9d\x8c\xa6a(\x12\x0e\xd4\x89\
\xbfJ\xd0sy\xbbk\x0c\x96\xa0\x98\xb7\xd8\xd9\x81\x1d\
X\xf7\x06@\xcau\x00\x5c9\xd4\x86\xe65C\x89\xb9\
R\x9aet\xd4%\x8a\x08\xf4\xce\x87\xa9\xb17\x0c\xa0\
{\x96]<\xdf\xe5\x09\x09\x8f\xc6\x12\x03\xe8\xbf\xe9\xf7\
\xf3\x00\x5cnE[v@\x0a!z|+\x14w\xd7\
\xc1\xac\x9a\xbc\xa6\xa1?\xea\xad2_\x22\xc8\xee\xef\xb7\
\xabi\xc30p\xb3]\x8d\xdb\x89%\x06@F\xe9\x1a\
\x00\xae\x9e|\xd2\x9a\x12H\xbc\xfb\x18_\x16\x12=X\
\xe2[\xf8\xbe\x0b\xb7\x93;0\x086l(\xc5\xc7\xf8\
\xd9\xa9\x1fk\xfd\xab\xf5\x0d\xdbO\xcd7\xcd\x81u\xbf\
\x9b\x0d\xe0\x93\x16h\xb1\x1d\x8ahH,[\x84\xc81\
3|\xf3\xb2\x5cT\x15\xec\x8fE\xe5\xc3_\x06\xa6a\
 70dy\xb3\xcc\xbc\xde\xeaF\x9d\xa2\xe6\x1bG\
)\x19\xd7\x00\xf0Na>\x02\x22\xc7\xcc@\xfc\x94\x85\
 \x1f\xbc5w%\x12:\x032\x05R\x99d\xf7Y\
\x1e\x06<\xb8\xec\xb2y/Z\xdd\xa8S\xd4d\x00\xfb\
\xd6=<\x93\x80O[%\xc6I\xb4\xe6$\x92\xff\xc3\
\xdb!\x81\xae(\xd8\x1b\x8f\xfa\xe4]\xc6\x19,6\x00\
V\x98n\xb2\xb2A\xa7\xa9\xc9\x00\xc2\xbav5\x00\xcf\
\x1e\xbc\xf7zH\xd0\x9d\x8c\x978 \xa9\xbe\xad\x227\
0\x0c\xa3hYY\xbe\x87\x97^\xda\xfa\x9cU\x8d\x89\
\xa0j\x03H\xb5?\xd2\xc2\xc4WX)F\x08\xa3!\
\xc12o\x85\x04\x86B\xe8\x89\xc7m\x98\xd1\xf29\xcc\
\xc8\xf5Y\xb3-\xd8\x04{z\xf4\x07j0\x80\x12\x94\
\xaf\x01\xe4\x9b\x8d\xf6\xda\xb4$\x92g\x1c\x03\xb5\xc9\x1b\
/4{\x12q\xc3$w\xee\xbbp;\x99^\x0b\xc2\
\x00\xc6\xafO\xb9d\xde\xd6\xda\x1b\x12KU\x06\x90\xba\
\xf9\xa1i |\xd6j1\xa2\xa1\xa8\x86\xc4\xa9\xee\x0f\
\x09\x0c\x85\xd0\x9dL\x04\xa6\xd0\x87\xd5\xe4,\xd8\x0f\xc0\
\xa4\xac\xb3@\x8ap\xaa2\x80R1\xfcO\x00\xfcY\
\x81\x83\xc8\xf5!Ao<f\x1a\x80<\xf2[%\x85\
t\x06\xa5B\x0d\xc7&\x88\xfek\xd9%s\xfeh\x9d\
\x22qTl\x00\x83\xed\xbfl\x04\xd1\xe7\xec\x10\xe3&\
FB\x82\xb7Bmr\xd7*\x01\x03\xe8J\xc4e\xc2\
\x8fZ` \xd7W\xfd~\x00\x05\xe67-T#\x94\
\x8a\x0d\xc0D\xe4*\x00\x81\xc8\xb8I\xd1\x10\x12\xa7.\
tUH\xd0\x1b\x8f\xb1\xae(\xde\x98\xa8p1\xb9\xbe\
\xeaR\xf5\x13\xe3\xa9\xa5\x17\xcf\xfb\x83\xc5r\x84Q\x91\
\x01\x0c\xdc\xf2X\x03\x11\x7f\xc1.1\xae\xc4E!\x01\
\x03\xe8\xacK\xb8\xb2\xc4\x94\xd7\xc8\x1d\xa8r\x1e\x80\xe9\
\x1b\xd6*\x11KE\x06@\xc5\xc2\x97\x004\xd9\xa4\xc5\
\xd5\xb8!$8\x10\x8brQQ\xfc9\xf7\xe20\xf9\
\xc14\x0c\xbd\xe2\xfd\x00\x9bO\xba\xac\xf5\x09;\xf4\x88\
\xa2l\x03\xd8\xdf\xbe)\xc9L\xc1\x1a\xfd\xc7 :$\
\xe8\xacK\xa6\x9c\xef\xd5\xa70#_a\x18@\x8cv\
\x9b\xd4\x08\xa3l\x03\xd0\x94\xdc\x17\x01\xb4\xd8\xa8\xc5\x1b\
\x8c\x86\x04'/\x00\x85\x9d\xdb\x82\xdf\x1f\x8d \xa7*\
\xf5\x8eu\x18\x00\xb2\x07*1\x00\xde~\xd2\xa5s\x7f\
g\x9b\x18A\x94e\x00\xbd\x1b~\x9f\x00\xf3\x97\xed\x16\
\xe3%\xb4\x96\xba\x91\xb3\x04\x0e\x85\x04\xbb\xeb\x12\xae.\
1\xe5E*1\x00\x1e\x19\xfd\xd9>5b(\xcb\x00\
\xc29\xe3\xf3\x00\xa6\xdb\xac\xc5s8\x15\x12\x0cF\xc2\
\xc8jZ \xe7^\xec\xa400Tn\xba\xf0\xe7\x96\
]:\xef?\xed\xd6#\x82)\x0d\xa0\xa7\xfd\x9183\
\x7f\xc5\x091\x9e\xe4`H\x90X\xb6\xc8\xb6U\x82]\
\xc9\xa4m\xa9l\x82\x0c3#\xdf?\xf5~\x00f\xac\
\x85\x0fG\x7f\xa0\x0c\x03\x88(\xcag\x08\x98\xe1\x84\x18\
/\xa3NK\xd8\xb2J\x90\x0ek\xc8\x84\xb5\xe0\xe46\
w\x98\xdc\xd4a\xc0\xcb\xcbv\xcc}\xc8\x09-\x22\x98\
\xd4\x00v\xb5o\x8a\x12\x93\x1c\xfd\xcb\xc4\x8e\x90`g\
]\xd2\xf1\xc2vAb\xaay\x00&^\x8b6\xf8\xf6\
\xd4\xe5\xa4\x06\xd0\xa8d\xaf\x00x\x8eSb|\x81\x85\
!AF\xd3\x90\x0a\x87\xfd\x9f\xd3\x5c \xb9\xfeA\xb0\
9\xe1\xdb\xfd\xebo\x84\xe6mtR\x8f\xd3Ll\x00\
w\xfe&\xc2\x8c\xaf9\xa8\xc5W\xbc\x19\x12T\xbfk\
wW]b\x1f\x5c\xb3\x09\xd9\x9f\xb0a\xa208\xfe\
<\x003\xad]\xb5\x0a\x0e\x15\x15\x14\xc3\x84\x0600\
h\xfe\x03\x80\xb9\x0ej\xf1\x1d#!Au\xc7\x8b\xf3\
\x9a\x86\xc1hX\xee\xbbp\x80\x09\xc2\x80\x9d\xe9\xb9\xad\
\xf79\xad\xc5i\xc67\x80\xbb\xb6\x85\xc0t\xb5\xc3Z\
\xfc\xc9\xe8\xc6\xa1\x93*\xdb8\xb4\xbb.\xd9\x03\x90\xcc\
\xf6\xeb\x00\xe3\x9d\x0cd\xc2\xba\xe5\xcbaY\xee0\xb7\
2\xee\x0d6\xb0\xb7\xf7\x93\x00\x168\xac\xc5\xd7h\xd3\
G7\x0eM\x1d\x12\x14U\x05\x07\x22!\xb9\xef\xc2!\
r}\x83c\x17\xf9:\xe2\xa1\xe1\xbb\x05\xc9q\x94\xa3\
\x0d\xe0\xaem!\x00\xd78/\xc5\xffP4\x84\xf8)\
\x8b\x10^\xd42iH\xb0+\x99\xd8\x03\x99\xec\xd31\
\x8c\xa2\x8eb\xfa\xb0\xba\x81\xc4\xeb\x17\xafZ\x1c\x88B\
\xabG\x19@\xff\xde\xbd\x1f\x03\xb0H\x80\x96@@\x0a\
!\xfa\x8eY\x13\x86\x04\xba\xa2\xe0@<*g\xfe\x1d\
&\xf7\xe6\x86\xa0\x9eT\xd1\xf8w\x91Z\x9c\xe4H\x03\
\xd8\xb8Q\x05H\x8e\xfe\x0e\xa0M\xafCb\x9c$\xa4\
\x1du\x89n\x06\xb9\xba\xcc\x9a\x1f94\x0f@X\xbf\
\xfc\xf2\x85\x81\xc9\xb8t\x84\x01\xf4\xbd\x1c?\x93\x80\xb7\
\x89\x12\x134\x94\xd8\x91\xab\x04\x06\x11\xf6\xc6\xa2r\xcf\
\xbf\x00F\x8e\x06S/\xd2\xea\x8fDkq\x92#\x0c\
@\x03v\x02\xd4'JL 9l\x95 \x1f\x0d=\
\x07\x22\xef\x94Y\xf3\x11\x85t\x06\xc5L\xee\x8e\x93\xaf\
\x98\x9d\x15\xad\xc5I\x88y\xcc.\xa8\xf6M\xdaP$\
Su\xd6\x99\x82i\x84#\xbaj\xdb\x19YRYe\
&\xf7\x9e\x8b'e\x10\xc6\xc4[\xcb\x00\xa0\xa4qA\
S\xe9\xa8\x1bm\xe0\xb5\xfd\xb9\xab\xc3\xb1\x07\x1a\xc2\x89\
\x99\xe5\xf5\xc5TR\x14\xeb\xb2\x033L\x93\x5c\xb6\xf4\
E\xc4\x06\xe8\x88\x14\xe8L\x88\xc1\xe2z\x88*\xf3~\
\xd3\xa0\x8f\xdf\xf3\xdds\xba\xacl\xd7\xed\x1c=\xd3\xdc\
\xb6\xbc\xd4\x00\xc8\xb3\xe7\x02X~A\xdby3Z\xdf\
\xf9A=&\xeb}\x08A\xa3O\x00X+Z\x86\x93\
\xc8\x8d&.\xc2\x04\xae\xcd\xe7d\xd6/a(\xa6\xef\
2\xfeL\x854\x00\x97p\xe2\xca\xf6\xb3\x00\xbc;\x9f\
\x97\x06 \x88\xdf?t\xcb\xd9[D\x8bp\x1ai\x00\
.\x81\xc9\x5c\x0d\x00\xc5|\x1aG\xcd\xcbHl\x87@\
\xbe(\xf5U)\xd2\x00\x5c\xc0\x89\x17\xb4\x9d\x09\xe0=\
\x00`\x9a&\x8a\x05\x99\xfa\xdfI\x18\xd8\xfc\x8b[?\
\xf0\x94h\x1d\x22\x90\x06\xe0\x02\x18X}\xf8\xbf\xe5<\
\x80\xb3\x90\x09_\x15\xfb\xa8\x04i\x00\x829\xfe\x83k\
\xce\x00p\xe6\xe1\x7f\x93\x06\xe0 \xc4\xcf\xfe\xf2[g\
\xfdV\xb4\x0cQH\x03\x10\x8d\x8a\x1b\xc7\xfe)\x9f\x1d\
\x16 $\xa00nb\xf6g\xc2\xcfr\x90\x06 \x90\
\x13>\xb4\xe64b:k\xec\xdf\x0d\xa3\x08\xbd\x18\x98\
\xed\xe8\xc2`\xe0\xd5\x13\x13\x9b}\x9b\xf0\xb3\x1c\xa4\x01\
\x88\xc4\xc4\x9a\x89>\xca\xe7\xe4[\x80\xfd\xf0\xcdmm\
m\xbeM\xf8Y\x0e\xd2\x00\x04q\xe2\x05k\x96\x82\xe8\
\x9c\x89>\xcf\xe5\xaa\xaf_/)\x8b\x8e\x99C-\xf7\
\x8b\x16!\x1ai\x00\x82`P\x1b&I\x0bR\x90\xf3\
\x00\xb6B\xc47\xff\xf0\x87'\xebS_\xe9o\xa4\x01\
\x08\xe0\xc4\x95k\xde\x05\xe0\x83\x93]\xa3\xeby\x94J\
\x05\x87\x14\x05\x0b\x06\xf6jz\xfdOD\xebp\x03\xd2\
\x00D@\xd4\x862~{9\x0f`\x0f\x0a\xd3m\x0f\
|\xfb\x8c\x9ch\x1dn@\x1a\x80\xc3,\xb9p\xf5\xb1\
\x0c|\xa4\x9ck\xe5~\x00[\xe8\xd7\x92\xa1\xbbD\x8b\
p\x0b\xd2\x00\x1cF1\x94\xd5(\xf3w\xcfg\xe5D\
\xa0\xe50\xdd\xf1@\xdbr\xb9\xd7\xfa \xd2\x00\x1c\xe4\
\xb8\x0b\xda\x8f\x01\xb0\xaa\xdc\xeb\x8b\x85\x1cL#\xf0\xf3\
TV2\xack\xc5\x7f\x16-\xc2MH\x03p\x10\x15\
\xbc\x1a\xe3%a\x99\x10F.+\xc3\x00\xab`\xe0\xfb\
\x8f\xdc|\x9eLvs\x18\xd2\x00\x1c\xe2\xf8\xf3\xdb\xdf\
\x02\xf0\xc5\x95~ON\x04Z\x03\x03yU\xe7\xef\x8a\
\xd6\xe16\xa4\x018\x04\xa9\xe6u\xa8h\xf4\x1f!/\
7\x04Y\x03\xe1\xae\x07o?\xbbG\xb4\x0c\xb7!\x0d\
\xc0\x01\x8e[\xd9>\x1f\xc0e\xd5|\xb7P\xc8\xc04\
}]\xa0\xd6\x09t\xd5(}[\xb4\x087\x22\x0d\xc0\
\x01T\xe2k\x01T\x97\xe9\x93\x19\x05\x19\x06\xd4\x06\xe1\
\xa7\x0fn8w\xb7h\x19nD\x1a\x80\xcd,\xfb\xc8\
\xf5\xb3\x01\xbe\xbc\x966rr?@-\x18*\xd3-\
\xa2E\xb8\x15i\x006S4\xb4k\x01\xd4\x94\xbb?\
\x9f\x1d\xb7~\xbd\xa4,\xf8\x81\x9f\xdf\xfa\x81\xbf\x89V\
\xe1V\xa4\x01\xd8\xc8q\xe7\xb5\xcf\x22\xc6\xa7jm'\
\x9fK\xc34\xddU\xaf\xc3#0+\xea\xcd\xa2E\xb8\
\x19i\x006\xa2h\xfc5\x00\x16\x94\xfab\x99%\xa8\
:\x1e\xfe\xe5\xfa\xf7\xbf Z\x84\x9b\x91\x06`\x13\xcb\
V\xb6\xb7\x10\xf8\x0a\xab\xda\xcbe\xe4r`\xa5\x10\x9b\
2\xf6\x9f\x02i\x006QR\xcc\xaf\x02HZ\xd5^\
6+7\xb0U\xc8c\xbf\xb8m\xc5\x9fE\x8bp;\
\xd2\x00l\xe0\xb8\x8b\xda\x9b\x99\xf19+\xdb\xd4\x8b9\
\x182?@\xf9\xb0y\x93h\x09^@\x1a\x80\x0dh\
\x05\xbe\x0a@\xd5\x15\x96'\x22'O\x07\x96\x05\x03\x9b\
\x1f\xbam\xc5&\xd1:\xbc\x804\x00\x8bY\xfa\xe1\xf6\
F\x06\x7f\xc1\x8e\xb6\xa5\x01\x94\x87\xca\xfcM\xd1\x1a\xbc\
\x824\x00\x8b1M\xf3K\x00\x1a\xech;\x9b\x19\x02\
\x82\x9b\xc2\xbe\x5c\xfe\xf2\x8b\x0dg\xffZ\xb4\x08\xaf \
\x0d\xc0BN?\xb7\xbd\x1e\xc0\x97\xecj\xdf(\x15P\
,\xc8LV\x93A\xa0uA.\xf4Q)\xd2\x00,\
$\xa7\x19\xff\x08\xa0\xc9\xce>\xb2\xe9~;\x9b\xf7:\
\xaf\x9d\x90\xf8\xd3\x83\xa2Ex\x09i\x00\x16q\xdcE\
\xedI\x10]ew?r9pb\x88\x10\xf8B\x1f\
\x95\x22\x0d\xc0\x22\xd4\x82\xf9Y\x00-v\xf7\x93\xcf\xa6\
`\xc84a\xe3\xd1\xa9\xc5\x87\x02_\xe8\xa3R\xa4\x01\
X\xc0\xa23\xdb\xa3\x0c\xd8>\xfa\x8f\xc0\xc8e\xe4\xe1\
\xa0\xb10a\xfd\x03m\xab\x8a\xa2ux\x0di\x00\x16\
P_g|\x86\x80\xd9N\xf5\x97\xcb\xc80`\x0c\xbd\
a\xbd\xee\xdfE\x8b\xf0\x22\xd2\x00j\xe4m\xe7~1\
\x02\xa2\xaf:\xd9g6=\x00\xb9\x1c\xf8&\x0cl\x90\
\x85>\xaaC\x1a@\x8d\xc4\xc2M\x9f\x02\xd0\xead\x9f\
\x86YB>'S\xdb\x1f\xa4\x9f)\xffC\xd1\x22\xbc\
\x8a4\x80\x1aXv\xe5\x95!\x02\xbe&\xa2\xefL\xfa\
\x80\x88n\xdd\x07\xe3\xbb\xbf\xbae\xa5L\x99T%\xd2\
\x00j\xa0\xd4;\xeb\x93`,\x10\xd1wf\xf8\x80\x0c\
\x02\x80\x8c\xc1\xe1\xef\x89\x16\xe1e\xa4\x01T\xc9\xb2+\
\xaf\x0c1\xe3\x1aQ\xfd\x97JE\x99,\x14\xfc\xbd\x87\
7,\x97\xafB5 \x0d\xa0JJ{g^\x06`\
\x91H\x0d\x99\xe1\xe0\xde\xfb\x0c\xe4\x15\x1dw\x88\xd6\xe1\
u\xa4\x01T\xc1E\x17]\xa42H\xd8\xe8?J:\
}\x00\xe0\xa0\x06\x02\xfc\xaf\xb2\xd0G\xedH\x03\xa8\x82\
\xbf\xe6\x8f\xbd\x18\xc0\xdbE\xeb0J:\xb2\xc1<\x22\
\xac\x93\xca\x1bD\x8b\xf0\x03\xd2\x00*\x84\xda\xdb\x15&\
q\xb1\xffX2\xa9\xe0\x85\x01\xc4t\xcfC7\xaf\xd8\
%Z\x87\x1f\x90\x06P!\xc7o7.\x02\xf0.\xd1\
:F\xc9\xa4\xfa\x82V:\xcc0\x14C&\xfb\xb4\x08\
i\x00\x15@D\x04\xd0u\xa2u\x1c\x8ei\x96\x90\x1e\
\xda'Z\x86c0a\xe3\xafnY\xf1\x9ah\x1d~\
A\x1a@\x05\x1c\xff\xc15\x17\x02X\x22Z\xc7X\x86\
\x86\xf6\x22 [\x83\x19\xa4\xac\x13-\xc2OH\x03\xa8\
\x04\xc2\xb5\xa2%\x8c\x87^\xc8\x22\x93\xea\x13-\xc3\x09\
~%\x0b}X\x8b4\x8029\xe1\x82\xf6\x95\x00N\
\x16\xadc\x22\xfa\x0ft\x80\xd9\xdfs\x01\x8ai\xca\xd1\
\xdfb\xa4\x01\x94\x09\xc3\xbcA\xb4\x86\xc9\xd0\x8b9t\
\xefz\x1e\xc5BV\xb4\x14[`\xe0\xb7\x0fnX\xb1\
U\xb4\x0e\xbf!\x0d\xa0\x0c\x8e_\xd9v\x0e\x01\xa7\x88\
\xd61\x15\xc5b\x16\xdd\xbb\x9fGjh\xafh)6\
\xc0r\xf4\xb7\x01i\x00e@\x04W\xcd\xfcO\x06\xb3\
\x81\xfd{w`_\xcf\xdf\xc0\xbeY\x1e\xa4M\xbf\xbc\
\xf5\xec\xff'Z\x85\x1f\x91\x060\x05\xc7\x7f\xa8\xfd\xfd\
\x00\xde#ZG\xa5\xa4\x87\xf7\xa1{\xb7?B\x02\x96\
e\xbelC\x1a\xc0\x14\x10\x9b\xabEk\xa8\x96\xd1\x90\
`x\xa8W\xb4\x94Zx\xfa\x97\xb7\x9d\xfd\x98h\x11\
~E\x1a\xc0$\x1c\xbfr\xcd\xdf\x03\xf8;\xd1:j\
\x81\xd9\xc0\x81\xbd\xaf{6$ @\x96\xf9\xb2\x11i\
\x00\x93@\x0ayv\xf4\x1f\xcbHH\xf0\x1c\x8a\x85\x8c\
h)\xe5\xc3x\xee\xa1\xdb\xcezT\xb4\x0c?#\x0d\
`\x02NX\xd9~:\x18\xef\x13\xad\xc3J\x8a\xc5\x1c\
\xbaw\xbf\x80\xe1Ao\xac\x12\x10\xd1M\xb2\xcc\x97\xbd\
H\x03\x98\x082\xdaDK\xb0\x03f\x03\x07z\xdd\xbf\
J\xc0\xc0\xab\xb2\xcc\x97\xfd\x10\x076\xa1\xc4\xc4\x9c\xb0\
\xb2\xfd$\x90\xf9\x0c\x00\x12\xad\xc5N\xc2\xe1\x18f\xcc\
y\x07\xc2\x91\x84h)GC\xfc\xb1\x87n9\xfbn\
\xd12\xfc\x8e|\x03\x18\x17\xf3F\xf8\xfc\xe1\x07FB\
\x82=\x1d\xcfchp\x8fh)c\xd99\x18\x8f\xc8\
2_\x0e \x0d`\x0cK?\xdc~\x22\x08\xe7\x8b\xd6\
\xe1\x14\xa6i\xa2\xaf\xf7\x0d\xec\xdb\xfbW\xd7\xe4\x15 \
\xe6\xf5O\xb6-/\x89\xd6\x11\x04\xa4\x01\x8c\xc10\xcd\
5\x08\xc0\xe8?\x96\xf4\xd0\xfe\x83\xab\x04\xc27\x0eu\
i\xc9\xe1\x9f\x88\x16\x11\x14\xe4\x1c\xc0a\x9c\xb8r\xcd\
\xbb\x98\xe8y\x04\xd8\x18\x15EA\xd3\xf4\x05hh\x9c\
#J\xc2\x17\x1f\xba\xf5\xac;Eu\x1e4\x02{\xa3\
\x8f\x87I\xca\x1a\x04\xfc7\x11\x1c\x12\xf4\x86Ju?\
r\xba\xd3 \x13\xe8\x9b\xfdp\x96\x5c\xb8\xfaX\x02\xff\
/\xd1:\xdc\x82\x88\x90@\x16\xf9t\x1ei\x00\x07Q\
\x0d\xe5z\xc8\xdf\xe3\x08\xf4b\x0e{:\x9esj\x95\
\xa0/\x9c\x08\xff\xc0\x89\x8e$o\x22ox\x00K>\
\xbc\xfa\xad\x0c|T\xb4\x0e72\x1a\x12\xf4\xeey\x15\
\xa6i\xdf\xc4<\x13\xdf\xf6@\xdbrY\xf2\xd8a\xa4\
\x01\x00PY\xbd\x01\x80&Z\x87\x9b\xc9\xa4\xfa\xd0\xbd\
\xeby\x14\xf2\xb6\x9c%\xe8c\x14\xbeoG\xc3\x92\xc9\
\x09\xbc\x01\x9ct\xde\x0d\x0b\x98\xf9b\xd1:\xbc\x80\xae\
\xe7\xd0\xd3i\xfd\xc6!b\xdc.K|\x8b!\xf0\x06\
`h\xea\xf5\x00\xc2\xa2ux\x05\x1bB\x82!.\xc9\
\x12\xdf\xa2\x08\xb4\x01,\xf9\xd0\x0d\xf3\x00|\x5c\xb4\x0e\
/2\x1a\x12\xd4|\xbc\x98q\xfbC\xb7/\x1f\xb4F\
\x95\xa4R\x02m\x00\x0a\xb4\xafC\x8e\xfeU\xa3\xeb5\
\x9f%\x18\xd65\xfd\xbbVj\x92TF`\x0d`\xd9\
G\xae\x9f\x0d\xe6O\x88\xd6\xe1u\xde\x0c\x09^\xa9<\
$ \xfe\xce#7\x9f7`\x8f2I9\x04\xd6\x00\
\xf4\x92v\x0d\x80\x98h\x1d~!\x93\xea?\x98\x84\xb4\
\xcc\x90\x80\x916\x8c\x88\x1c\xfd\x05\x13H\x03Xr\xc1\
\xf53\x01|Z\xb4\x0e\xbf\xa1\x1f<^\x5cf\xc6\xa1\
;\x1f\xde\xb0<x\xb5\xcd]F \x0d@\xa1\xd0W\
\x01\xc4E\xeb\xf0#\xa6i\xe2@\xef\x0e\xec\xed\x9et\
\x95 \x13\x0a\x19\xb7;\xa9K2>\x813\x80c/\
\xbcn\x1a\x98?#Z\x87\xdf\xc9\xa6\xfb\xd0\xb5\xeb/\
(\xe4\xc7[\xde\xe7\xef=\xb0\xee\x9c\xfd\x8e\x8b\x92\x1c\
E\xe0\x0c \x5c\x0a]\x05 )ZG\x10(\xe9\x05\
\xec\xe9x\xf1\x88U\x02\x06\xf2\x8a\x8e;\x04\xca\x92\x1c\
F\xe0\x0c\x00\x84e\xa2%\x04\x09\xe6\x91U\x82\xbd\xdd\
\xaf\x82MC'\xe2\xef?x\xfb\xd9=\xa2uIF\
\x08\xdc\xfe\xf7\x0b\x9b\xdf\xfa\xc0\xebC\xbd\x05\x98\xd0b\
\xd0\x8e\xda\x03P\x2231\x9a\x0e(\x0a\xd5\xf2=\x02\
Q(U\xb5Y\x02\x97J`\xd3j=\xe5b\x82\xb9\
\xc8fV\x85R\x9c\xf0\x22\x82\xae\x02\xe3~\xce\xd9\x12\
\xef\xe9\xfc\xdb\x1b\x8b\x17/\xfe\xce\xd0\xfaG\x9bj\xd1\
\xc2\x05\xb5\x81`\x04j\xf02\xa0DU\xc5\xacz\xd5\
\xaahR\xf7\xf4\xb6s\x8f\x9a\x9d\x0dTF\xa0g\xef\
\xef>\xc3(\x1aO\xf6l{)\x92\xea\xf6t\xb9,\
O\x126\x8d\x9e3\x8fi\x8e*u\x91\x9a\x0c@R\
\x15\x06\xc1\x5c\xd5\xb8\xe6\xfc\x87\x0e\xffc\xa0\x5c\xd44\
\xf9F\xd2\x94\xc8\x9cS\x97`\xc6\xf1\xef\x00)\x81K\
\xfd'\x949\xa9l\xac4\x90\x91\x0f\xbf\x18T\x86r\
T\x9e\xb7\xc0\x18\xc0\xf6{\xbbO\x07p\x16\x00\x80\x80\
\xa6c\xe6a\xfe\xf2S\x10\x8aG\xc5\x0a\x0b\x08\x9a\xc9\
h\xcd\xe5\xa2\xc6\xa0\xf0\xa4\xa3A\xa5\xdf\x88\x96~:\
\xf6\x8f\x811\x00\x06\xdf8\xf6o\xd1\xc6z,|\xdf\
\xe9\xa8k\x9d)@Q\xb0hMg\xd2`D\x8d\x01\
i\x00\x22`\xe0\xce\x96\xab\x8f>r\x1d\x08\x03\xd8v\
w\xd7i\x00\xce\x1e\xef3%\xa4a\xce\xa9K0}\
\xc9\xdbA$C\x02;\xd0\x98\xd1\x9a\xcd\xa9\x00`\xe6\
\x8a\xe0\x82L\xf9\xef0\x99\x10\x9b\xff<\xde\x07\x810\
\x00\x10\xd6L\xf19\x9a\xdf6\x1f\xf3\xcf<\x05\xa1\x84\
<\x1e`5\xad\xe9l\x9a\x98\x0f\xfd\xb0\xa5!\xf9\x16\
\xe00\xdf\xafk;\x7f\xdcm\xd7\xbe7\x80m\xf7\xf4\
\x9c\x04\xc29\xe5\x5c\x1bm\xac\xc7\xc2\xffy\x9a\x0c\x09\
,De\xc6\x9cl\xf6\x88W+cP&\xfeu\x90\
\xbc\xc1\xa5\x097^\xf9\xde\x00\x18\xa5\x1bQA\xa5\x9f\
\xd1\x90@\xae\x12X\xc3\x9cL6\xa3\x98|D\xf5Q\
c\xc0\x96\xbc\x82\x92\xf1`\xfc[K\xdb\xca\x09\x136\
\xf8\xda\x00\xb6\xde\xd7}\x22\x11U^\xe7\xef\xf0U\x02\
\x19\x12T\x8dj2\xe6\xa63Gm41\x87r\x80\
)lOS\x90\xd0\x09\xcam\x93]\xe0k\x03P\x98\
k\xaa\xf3'C\x82\xda\x98\x93\xcde\x15>\xfa\xdc\x05\
\x9b\x8c\x92\x0c\x03l\x87\x19\xf76\xb6\xad\xd85\xd95\
\xbe5\x80\xad\xf7w\xbc\x0b\xc0\x05\xb5\xb6#C\x82\xea\
P\x98\xd1\x9a\xceNX[L\x86\x01\xb6c\x024\xe9\
\xe8\x0f\xf8\xd8\x00\x14S\xb9\x11V\xfd\xffdHP1\
\xb32\xb9\xbc\xcaf\xddD\x9f\x97\xe4~\x00{a\xfc\
\xbc\xb9\xed\x9c\x97\xa7\xba\xcc\x97\x06\xf0\xec\xbd\x1d\x8b\x01\
\x5chu\xbb2$(\x0f\x020/\x9d\xd6'\xbb\xc6\
\x18\xcc\x82\xcd\xe0\x9cCq\x1a\x05\xe6-\xe5]\xe7C\
\x0c\xa8\xb6U\xf9\x95!\xc1\xd4\xcc\xced\xf3\x1ac\xc2\
\xd1\x1f\x00P2a\xa6\xf2\x0e)\x0a\x18\x84G\x1a\xda\
\xce\xdf^\xce\xa5\xbe3\x80\xedw\xef>\x96\xc0\xabl\
\xedD\x86\x04\x13B\xcc\x98\x9f\xca\x16\xca\xb9\xd6\xe8\x97\
\xf3\x00\xf6@\xeb\xcb\xbd\xd2w\x06\xc0\xa4:V\xe57\
\xdaX\x8f\x05g\x9e\x86\xe4\xec\x16'\xba\xf3\x04\xb3r\
\xf9\x82\xcafC9\xd7\x96\xe4D\xa0\x1d<\xd9\xb4\xfa\
\x9c?\x96{\xb1\xaf\x0c`\xdb\x7ft\xbe\x15\xe4l\x95\
_5\xac\xa1\xf5\xf4\x13eH\x00\x80\x18\x98\x9f\xce\x94\
\xbd\xbeg\x0cd\x019\x0d`)\x0a\x94\x9b*\xbb\xde\
O\xe8t-Dd9\x92!\x01\x00`F>_\xd4\
\x0c\xb3\xb1\xdc\xebY7`\xa6\xe5<\x80U\x10\xb0\xa5\
a\xcd\x8a\xc7+\xf9\x8eo\x0c`\xeb\xcf\xf6\xcc\x03\xe1\
2\x91\x1a\x0e\xad\x12\xcc\x0d\xde*\x01\x01X\x98JW\
\xfcN/\xc3\x00\xeb`\xd07+\xfd\x8eo\x0c\x80\x0c\
\xf3\x1a\xb8\xa0\xce\x9f\x12\xd20\xe7\x94\xe0\xad\x12L\xcf\
\xe6t\xcd0+\xce\xf6#\xf3\x03X\xc6\xcbM\xbc\xe5\
\xd1J\xbf\xe4\x0b\x03\xd8\xfa\xe3]\xb3\x08\xf8\xa4h\x1d\
\x87\x08XH@\x0c,He\xc6+\x000%%\xb9\
\x12`\x0d\xc4k\xd1\xd6V\xf1\x01\x0b_\x18\x80\x12\x0a\
}\x15.\xac\xf37\x12\x12\x9c\xee\xfb\x90`Z\xbe\xa0\
\x87M\xb3\xb9\x9a\xefr\xa1\x04\xb3\xbcUC\xc9\xc4\xec\
h2\x13?\xaf\xe6\x8b\x9e7\x80-?\xed\x9e\x06\xf0\
\x95\xa2uL\x84\x12R}\x1f\x12,L\xa7\x86k\xf9\
\xbe\xd1/\xc3\x80Z`\xa2uh[^U\x9a%\xcf\
\x1b\x80\xa2\x99\xff\x04\xb7W\xfa\xf1qH0-W0\
\x22%sZ-m\xc80\xa0&:\x9b\xcd\xf4=\xd5\
~\xd9\xd3\x06\xb0m\xe3\xce\x06b\xfa\x9ch\x1d\xe5\xe2\
\xc7\x90`a*\xd5_k\x1b\xa5\xbe\xb4\x15R\x82\x09\
\xd1\xadh[5q\xb1\x96)\xf0\xb4\x01\xa0\x18\xfe\x12\
\x80\xb2\xd7\x9d\xdd\x80\x9fB\x82\xe6|\xc1\x88\x1a\xe6\xf4\
Z\xdb\xe1B\x09fZ\xce\x03T\x0a\x03\xfb2\xc9\xf4\
\xbf\xd6\xd2\x86g\x0d\xe0\xf9\xbb{\x13\x00\xbe ZG\
U\xf8$$xK*S\xf3\xe8?\x8a|\x0b\xa8\x1c\
\x02\x7f{\xeeU\xabj\xca\xac\xe2Y\x03(*\xfa\xe7\
\x01xz\x13\xbe\x97C\x82\xc6B\xc1\x8c\x94J5\x8f\
\xfe\xa3\x18}r\x1e\xa0B\x86\x10\x89\xfc\xa0\xd6F<\
i\x00\x9b~\xbc+J\xc0\x97E\xeb\xb0\x02%\xa4b\
\xce\xa9K0s\xe9\xb1\x9e\x0a\x09\x16\x0eg\xc6M3\
]-\xa5\x81\x8c<\x17P\x01\xcc\xf4\x9d\xa6k\xde?\
Tk;\x9e4\x80\xba\xb0v\x05\x80\xd9\xa2uXI\
\xe3\xa2V\xcc\xff\xfbS=\x11\x124\x16\x8af\xa2T\
\x9aae\x9b\xac\x1b0\x86d\x9e\xc02\xc9\x84`\xdc\
iEC\x9e3\x80\x977\xbe\x1c\x06\xe3\xab\xa2u\xd8\
A\xb4\xa9\x0e\x0b\xce<\x0d\x91\xc6\xc9si\x88f\xe1\
p\xda\xd2\xd1\x7f\x149\x0fP\x1e\x04\xfe\xc1D\x85>\
*\xc5s\x06\x90\xd7\x1b.\x070O\xb4\x0e\xbbP\xc3\
\x1af.y\xbbh\x19\x13R_\xd4\xd9\xea\xd1\x7f\x14\
9\x0fP\x16\x85\x12\x1b\xdf\xb6\xaa1O\x19\xc0\xa6M\
\xd0\x98\xf9\x1a\xd1:\xec&6\xbd\x09\xf1\x16wV\xd1\
^\x94J\xed\xb3\xabmc0\x03\x18\x13&\x12\x96\x00\
\x00x\xd2B\x1f\x95\xe2)\x03Hvu_\x0c\xe0-\
\xa2u8A\xe31\xf3EK8\x8a:]\xe7d\xb1\
d\xdb\x92\x05\x9b\x0c]\xbe\x05L\x86\xae(\xe6\x94\xa9\
\xbe+\xc1;\x06\xd0\x0e\x85\x88\xaf\x16-\xc3)\xeaf\
\xb7 \x94\x88\x8a\x96q\x04\x8b\x86\xd3\xb6\x8d\xfe\xa3\x94\
\xf6\xc9y\x80\x89`\xd0}\x0d7|\xf0\x0d+\xdb\xf4\
\x8c\x01l{[\xf7G\x00\xbcK\xb4\x0e\xc7 B\xfd\
\xfc9\xa2U\x1c\x22\xa9\x97PW\xd4m\x89\xfd\x0f\xa7\
\xb4\x7fX.\x07\x8e\x8f\x09\x9a\xbc\xccW5x\xc6\x00\
\xc0\xe6\xd7EKp\x9a\xfay\xee\xd9 \xb4(\x95\xee\
E\x0de\xd6\xca\x85\x0b%\x182M\xd8Q\x10\xf1/\
\x9aW\x9f\xfd\x92\xd5\xedz\xc2\x00\xb6\xdf\xdb}>@\
'\x89\xd6\xe14\xe1d\xc2\x15K\x82\x89R\x09\xf5\x85\
\xa2\xed\xa3\xff(\xa5}U\xe5\x16\xf15\x04\x94\x9d\xea\
\xbb\x12<a\x00\x8c\xe0\x8d\xfe\xa3\xd4\xbb`\x9b\xf0\xa2\
agF\xffQJ\xfbkJ/\xe0?\x88\x7f\xdd\xb0\
\xfa\xbcmv4\xedz\x03x\xf6\xde\xee\xf7\x01\xf4n\
\xd1:DQ7o\x96\x83\x8f\xde\xd1\xc4u\x03\x0d\x85\
\xa2e{\xfe\xcb\xc1\x18\xca\xc1,V\x95\xdf\xc2\x9f\x98\
\xea\xcdv5\xedz\x030\xc1\xd7\x8b\xd6 \x92P,\
\x8aXSYu6laQ*\xd5\x0b\xa7\xef\x13\x06\
\x8c\xfd2\x0c8\xc8SMm+\xfe\xbf]\x8d\xbb\xda\
\x00\xb6\xdd\xddu\x1a\x803E\xeb\x10MRP\x18\x10\
+\x95\xd0\xe8\xf0\xe8?\x8a\xbeW\x86\x01\x00\xc0@E\
\x85>*\xc5\xd5\x06\x00\x05\xabEKp\x03\xf5sf\
\x08\x09\xabfX\x9c\x00\x00\x075IDAT\x03\x16\
\x0eg\xf6C\xd0=b\xf4\xa5\xc1\xc5\xc0\xef\x0a|\xb6\
y\xcd\xb9\x8f\xd9\xd9\x81k\x0d\xe0\xd9{\xbaO\x00p\
\xaeh\x1dn@\x8bG\x11\xa9w6\xeda\xd40\xd0\
\x5c(V\x95\xe9\xd7\x0a\xd8d\x94z\x83\xfd\x16@L\
\xdf\x80\xcd\xbb\x22\x5ck\x00&\xf1\x0d\x10:\xfd\xe5.\
\x123\x9d\xcd}\xb2p8\xb5\x1f`\xd5\xd1N\xc7P\
\xdc;(\xb2{\xd1\xbc\xd2\x88-\x0f\xdb\xdd\x89+\x0d\
`\xdb\xfd=\xef\x04p\xa1h\x1dn\x22\xe1`\x05\xe2\
\x88abZ\xa1(\xfc4\x92\xd1\x9f\x01\x17t\xd12\
\xc4@\xf8f5\x85>*\xc5\x95\x06\x00.]\x0b\xb7\
j\x13D\xbc\xb9\x01j8\xe4H_\x0b\x86S\x07\xc0\
\x02\x8a\xac\x8e\x85\x03;\x19\xb8\xb3\xc9\x8c?\xe0DG\
\xae{\xc8\xb6\xdd\xdd3\x1fL\xffG\xb4\x0e\xd7A\x84\
\xf8L\xfbC\xf2\xb0abz\xa1\xe0\x9aL\xcbzO\
\xcdY\xaf<\x07\x83\xd6W[\xe8\xa3R\x5cg\x00\xa4\
\x94\xae\x03\xe0\xccP\xe71\x92\x0e\xcc\x03,\x1cN\xef\
w\xc5\xe8\x7f\x10c0\x0bc8Pg\x03\xba\x9a9\
\xfd\x13\xa7:s\x95\x01l\xfd\xf1\xaeY\x0c\xfa\xb8h\
\x1dn%1s\x1a@\xf6\xcd\x8b\x86M\x03-\xf9\xbc\
\xb8]G\x13P\xec\xec\x13-\xc11\x88p[-\x85\
>*\xc5U\x06\xa0j\xea\xd5\x00\xdcu\x08\xdeE\xa8\
\x910bM\xf5\xb6\xb5??\x95\xe9#\x17\x94X\x1f\
\x8b\xbeg\x08\x5c\xf0\xff\xd6`\x02z\xd3\xc9\xcc\xffu\
\xb2O\xd7\x18\xc0\xb6\xfb{Z\x98\xe8\x0a\xd1:\xdcN\
|\x86=\xf3\x00!\xd3\xc4\x8c\x5c\xc1\x9d5\x16\x0d\x13\
\x85\x1d\xfbE\xab\xb0\x1d&\xaa\xb9\xd0G\xa5\xb8\xc6\x00\
\xc84\xbf\x0c !Z\x87\xdbIL\xb7\xc7\x00\xe6\xa7\
2}\xc4\x1c\xb1\xa5q\x0b\xd0\xbb\xfa\xa1\xf7\xfa\xfa|\
@\xbf\x11\xd1\xff\xc5\xe9N]a\x00O\xdf\xfbz=\
\x83?/Z\x87\x17\x88Nk\x84\xa2Z\xbb?'d\
\x9a\x98\x99\xcd\xbb\xda|\xd9d\xe4\x9e\xdd\x8d\xdcK\xdd\
`\xd3\x7f)\x83\x88\xf8;-W\xaft\xdc\xe1\x5ca\
\x00!\x8e\xfd#<V\xe4S\x14\xa4\x10b-\xd6\xfe\
T\xf3\xd2\xd9~\x02{b\xeeE\xef\x1c@\xf6\xe9\x9d\
0\xb3\x8e\xcd\x939\xc10\x85`I\xa1\x8fJ\x11n\
\x00\xdb\xee\xea\x893\xf1\x97D\xeb\xf0\x12V\xce\x03h\
\xcc\x98\x9d\xcdz\xe2\xe1\x1f\xc5\x18\xca!\xf3\xa7\xd7\xfd\
\xb4G\xe0{\x0d_?o@D\xc7\xc2\x0d\x80\x12\xe6\
\x15\x00\x1cK7\xe5\x07\xac\x9c\x07hMg\x06\xc0\x88\
[\xd6\xa0Cp\xc9D\xee\xb9N?\x84\x04\xd9\x10k\
w\x88\xea\x5c\xa8\x01l\xbbk[\x88\xc1W\x89\xd4\xe0\
E\x22\x0duP#\xb5\xaf\xd6\xa9&\xa35\x9ds\xdd\
\xb2_%\xe8\x9d\x03\xc8n\xde\x013[\x10-\xa5*\
\x08\xf8a\xb2\xed,\xdb\xd3\xadO\x84P\x03\xa0\xe4\xac\
O\x00p_\x05\x0c\xb7C\xb0\xa4r\xd0\xdcLf\x90\
\xc0\xae\x9e\xfc+\x07c8\x8f\xcc\x9fvx1$(\
\x18\xaa\xf9-\x91\x02\x84\x19\xc0\xa6M\xd0\xd8\x0cN\xa1\
\x0f\xab\xa9u\x1e@5\x19\xb3\xb3Y\xd7l\xf9\xad\x95\
C!\xc1\x0b]\x80\xe1\x95\x90\x80\xffm\xda\xf5\xe7w\
\x8bT \xcc\x00\xea\xbb\xbb\xfe7\x08o\x15\xd5\xbf\xd7\
\x89\xd7\xb8\x120;\x9b\x1dRM\xb8s\xe3O\x0d\xe8\
\xdd\x83\xc8<\xed\x89\x90\xc0\xf22_\xd5 \xca\x00\x88\
\x01\xdf\x17\xf9\xb4\x93p2\x01\xad\xcay\x00\xd5d\xcc\
Kg\x85O\x00\xdb\x85\x17B\x02\x06\xee\xb1\xba\xccW\
5\x08\xb9\x09\xb6\xdf\xd7\xf5a\x00\xc7\x89\xe8\xdb7\xd0\
\xc8\xa6\xa0j\x98\x9d\xcd\x0d)\xcc\xe2+\x8e\xd8\x88\xcb\
C\x02\xc3T\x94[D\x8b\x00\x04\x19\x80\x09\x5c+\xa2\
_\xbf\x11\x9f^\xb9\x01(\xcc\x98\x9b\x0eN\x05\xde\x91\
\x90`\xa7\xbbB\x02\xa6\x8d-7\xacxM\xb4\x0c@\
\x80\x01l\xbf\xa7k\x051\x969\xdd\xaf\x1f\x89U\xf1\
\x060'\x9b\x1bV\x99]w\xe4\xd7N\x8c\xe1\x9c\x9b\
B\x02\x06\xc8\xb6B\x1f\x95\xe2\xb8\x010\xe1:\xa7\xfb\
\xf4+\xd1\x86:(\xa1\xf2'\xf2\x09@k*\xe3\xba\
\xf7a'82$\xb0=\xd5\xde\xc4\x10~\xd5\xd4\xb6\
\xe2yq\x02\x8e\xc4Q\x03x\xf6\xbe\xce\xbf\x03\xf0^\
'\xfb\xf45D\x88M+\x7f0\x9f\x95\xc9\xa6\xb5\x80\
\x8d\xfec\xd1\xbb\x07\x91\xfe\xf3\x0e\x98i1!\x81\x09\
e\x9d\x90\x8e'\xc0Q\x030\x99\x02]\xe6\xcb\x0e\xca\
\x0d\x03\x88\x81\x05\xe9L@S\xec\x1e\x89\x99. \xb3\
Y@H@\xf8\xed\xb4\xd5+\xb6:\xdb\xe9\xe48f\
\x00\xcf\xfcl\xcfR\x00\x1fp\xaa\xbf\xa0\x10\x9fV\xde\
\x8e\xc0Y\xd9\x5cZ5Yx\xaao\xb7 $$0\
\x15[\xcb|U\x83c\x06@\x86\xb9\x1a\xb2\xd0\x87\xe5\
D\x9b\x1b\xa6\xcc\x0f@\x00\xe6\xa5\x05\xbd\xf3\xba\x9c7\
C\x02{\x13\x8f\x12\xe11;\x8b|V\x8b#\x06\xb0\
\xfd\xee\xdd\xc7\x02\xb8\xc0\x89\xbe\x82\x06)\x84H\xf3\xe4\
y\x02gd\xf3\xb9\x90\xc9\xd3\x1c\x92\xe49\xcct\x01\
\xe9?\xbf\x01}\x8f\x8d\x95\x88L\xac\xb5\xaf\xf1\xeaq\
\xc4\x00\x98\xd4\xeb\x9d\xea+\x88\xc4'\x99\x07 \x00\x0b\
S\x01Z\xf8\xaf\x16\xc3@\xee\xf9.\xbbB\x82'\x1b\
\xdb\xce\xfd\x83\xd5\x8dZ\x81\xed\x0f\xe53\xf7u\xbc\x05\
\x84\x8f\xda\xddO\x90\x89Mr2pz.\x97\xd3L\
\xd3\xd9\xc2\x82\x1e\xc6\x8eU\x02\x02\xbbr\xf4\x07\x1c0\
\x00b\xe5\xeb\x80{\x0aM\xf8\x91Xs=h\x9cz\
\x01\xc4\xc0\x82\xe1tZ\x80$O3\x12\x12\xec\xb4*\
$\xf8S\xe3\x9a\xf3\x9e\xb4\xa2!;\xb0\xd5\x00\x9e\xbe\
\xb7{.\x18\x1f\xb3\xb3\x0f\x09\xa0h\x1a\x22\x8dGo\
\xedo\xc9\xe7\x0ba\x93\xa7\x0b\x90\xe4}\x0e\x0f\x09J\
\xd5\x87\x04\x0c\xdch\x9d(\xeb\xb1\xd5\x00T\x98_\x01\
\xc1\xb5\xa9\xa6\xfd\xc4x\xfb\x01\x16\xa5\xd2\xae\xd8\xfb\xea\
e\xf4\xeeA\xa47W\x1d\x12ln^s\xee\x7fY\
\xad\xc9Jl3\x80-?\xed\x9eF\xa0O\xd9\xd5\xbe\
\xe4H\xc6\xe6\x07h\xc9\x15\xf3!\xc3\x94\xb9\x16-`\
$$x\x1dzgey;\x99\xd1n\x93$\xcb\xb0\
\xcd\x00T\xd5\xfc\x0a\xe0\xbf\x84\x13n%\xdat\xe4\x0e\
\xdf\x05\xa9\x94\x8dkZ\x01\xc4`\xe4^\xea\xae$$\
\xd8\xd6\xdcv\xee\xef\xec\x96U+\xb6\x18\xc0\xb6\x8d;\
\x1b\x00\xfa\xac\x1dmK\xc6G\x8bE\x10J\x8cd\xf7\
n\xce\x17\x8aQ\xc3\x98%X\x92/)?$\xa0v\
\x00\xae?xe\xcf\x1b\x80\x1e\xfa\x02d\xa1\x0f\xc7\x89\
6\x8d\xfc\xe4\x0b\x87\xd3\xc1)\xa7+\x80C!AW\
\xffD\x97<\xdb\xb4\xe6\x9cG\x9c\xd4T-\x96\x1b\xc0\
\xf3w\xf7&`\xd2\x17\xadnW25\xf1i\x0dh\
,\x14\xf5\x98a\xcc\x16\xad\xc5\xf7\x18\x8c\xdc\x8b{\xc6\
\x0d\x09\x88\xe9\x1b\xf0\xc0\xe8\x0f\xd8`\x00%U?\x1b\
\x04\xb9\xf4$\x80hs#\xe6\xa7\xd3]\xa2u\x04\x89\
C\x1b\x87R\x87\xce\x12\xbc\xd8\x88-\x0f\x8b\xd4T\x09\
\x96o\xd0\xd1I\xff\xa3\xca\xa1\xc7\x09X\x0a+\x0e\xff\
0J \xf8\xba,\xac%0H\x8b\x84B\xb1\xa2\xf9\
\x07\x00\x8bD\xcb\x09\x12f\xa6\x80\xf4\xe6\x1d\x88.\x9e\
\xb3/\xd4\xdat#\xda\xda\x04f\x1c\xa9\x0cb\xf6\xc4\
\x9b\x8a\xa4\x5c\x08\xb4\xf3=\xb7\xcc\xd3\xc0\x1a\xf4P\x14\
\xd0c\xa2%y\x89\x12\xd4a-d\x18\x13}\xae\x9b\
Z:\xa4\x94\xc6\xcd\xab\x10\xd3\x0a\xfa\xf4'\xdb<\xb5\
\xf3R\x1a\x80D\x12`\xe4\x09=\x89$\xc0\xfc71\
\xf8\xa3R:\x7fC\xe5\x00\x00\x00\x00IEND\xae\
B`\x82\
\x00\x00\x04\x04\
\x00\
\x00\x0d|x\xda\xb5V\xdbn\xe36\x10}\xcfW\x08\
\xda\x97\x16\xb0h\xde/\x8e\x9d\x05\x8aE\xbf`\xfb\xbc\
P$\xda\x16\x22\x8b\x86\xa4\xc4I\xbe\xbeC\xdd,\xdb\
\xf2\x22NS\x09z\xe0\xcc\x19\xf2\xcc\x1c\x0e\xa9\xe5\xf7\
\xd7]\x1e\xbc\xd8\xb2\xca\x5c\xb1\x0a\x09\xc2a`\x8b\xc4\
\xa5Y\xb1Y\x85\xff\xfc\xfc;\xd2aP\xd5q\x91\xc6\
\xb9+\xec*,\x5c\xf8\xfd\xe1nY\xbdl\xee\x82 \
\xa8!Da\xaa(\xe6\x04c\xc6CoL\xf2\xb8\xaa\
Va\x96\xb8\xa2\x19\xbfd\xf6\xf0\x97{]\x858\xc0\
\x81Q\x1c\x19M\x8c\x0a\x8c$Hh\xa9u\x0b:R\
 \x8da\x1fe)\x8c\xb8f\xcd\xf0\x90\xa5\xf5\x16\xc6\
\x06#N%\x91\x8dqk\xb3\xcd\xd6s\xd0\x0ail\
\x8ch\xac>\x0e\xf8\xb5d*He\x0f\xdf\x22uI\
\x11\xef \x83d\x1b\x17\x85\xcd\x7f=\x22\x00\xb5\x01\xc5\
S\x95\xc4{\xbb\x18\x91`\xc1\x1f\xd8\x12\x81m*\x13\
>\x0b(\xa6,\xc2*\xa2\xe4\xcf&\x04\xaaVT\x8b\
>p\x15n\xebz\xbf\x98\xcf\x0f\x87\x03\xea\x8d\xc8\x95\
\x9b\xb9_\xb2\xda\xc7\x89\xad\xe6\xbd}\x14\xdf\x93\x1b\xe2\
{\x03\xaa\xdcs\x99\xd85LaQa\xeb\xf9\x8f\x9f\
?\x06g\x84QZ\xa7\xc7iNV?\xb0f]\x8a\
1\x9e\xf7\xf9u\x8b\xbdl~\x8b|\x00\xe82\xb5\xeb\
\xca\x87\xb4U\xf4#\x1e\x06\xf3\xc65T\xd2\xe7\x94z\
Q\x8f\xc0\xc1\xd4\x16\x1d\xd4\x8b76q\xb9+W\xe1\
\xb7u\xf3t\x8eGW\xa6\xb6\xec]\xb8yN\x5c\x0e\
\xaa\x95\xd5o\xb0[\x10\x15\x9dg\x10\xa8\xda\xba\x83\x9f\
\xba\xda\xc6\xa9;\xacBz\x0e\xf0\xce\xd1\x0cx\xca\x9f\
lm\xf2d\xcbG\x17\x97@\xfd\x02\x92\xda\xea\xa9\xe7\
\x97\x12\xffv\x08\xbf\xf8\xe69\x03\xff*\xac\xcbg{\
\x1e\xf8\xee\xdc\xceo\x1d\xc3\x8d\xe6\xea\xdc\x9b@\x03(\
\x82\xa8V\x92\xcb\x0b'\xb0\xe5\x141B0a\xe7\xce\
CV@\xb2Q\xd7\x01TH|\x051\xb4\x03c\xfc\
\x0a\x04HD\x84\x5cq\x02\x09\x86\xe9\x15\xe7.~\xcd\
v\xd9\xbb\xf5MyA\xff\xb9,mQGy\xfcf\
\xcb\xae\xf9\x1e\x1a\xccq\xd74\x95k\xe3`{\xb8*\
\xab\x9bNc\x86!!\xa9\x923\x8d\x15\x12\x94\x8a\x9e\
@\x10\xb82\x83Y\xe3\x16\x88g\x11\x19<~\xcf5\
\x13\x8a\xa3\xa9'\x93;P\x17\xfc\xeb8\xafl\xb7y\
?@\x842\x85\xb0Q\x9a\xce(Pb\xa0 \xbb\x85\
\x88\xfc2\x22\x8a\x1bD\x98\xc6|\xc6$TDrs\
\x0b\x0f\xf5e<\x8e\xca(\xa9\x911\xbc;\xa9/\x88\
\x90\x19\xbe\xe4\xa1\xbfP\x18\x8d\xe0vQ\x1c\x84\xe1\x08\
.\x1abn\xe0a\xbeN\x17\x01W\x8f\xc0\x06tQ\
\x02qN9\xbf\x81\x07\xc1\x1f#\xb2\x9c_\x9e\xb3\x8d\
}\x1f\xd7\xdbv\x06\x88\xd8\xc1\x85\x84\x91\xd6F\xf2\x19\
\xf1UQB\xd0 \x0e\x88\xa1\xd0CL+\xb02d\
\xa4\xa2\x1c\xee\x5c\x02\x1f\xd3\x02j\x07J\xce\xf0oP\
\xd1\x18\xf6\xde1^gy\xee\xcfBM,\xee\xb7\xf9\
p;\x0fG\x19\x0c=E\x16\xf5U\xa9\xea\xb7\x1cn\
F\x1f\xbd\xf8f\x94\x7f\xef\xfd \xea\xce\xe7\x05$\xc0\
\x19a\x8a\xca\xfb\xaa.\xdd\x93m\x8f\xb8\x05E\x12S\
\xca\xfa\x82\x9c'\xae$R\x82p\xd3\x92'D\x19\x9f\
8\x910\x9b\x04q\xc0\x80\x14\xa5Fv)Q\xc6\x90\
4L3\x9f\xf8UT4\x86}.\xf1\xd3\xb4O2\
\x82\x1f\x1de\x98\xbcok\xc1c\xff\x9e\xd6\x82\x5c\xc9\
Vh\x83\x0c\xe3\x94\xce\xa4\x86\x9b\x85H%F2\xeb\
A@q*\xb3\x1a\xa9|\x09\x8aF\xa8\xcf\x8a\x1c\xe1\
)\x99%6\x895\xd32cv\x8b\xccR\x0a\xa4\x0c\
 \x9a\xc4\x95\x80\x8bi$\xb3\x18\x04T\xa72\x9b\x91\
\xca\x97\xa0h\x84\xfad\xe2z*m\x9aH\x9b\x903\
E\xef\xa7\xb6\xc0\x95lA\xe4\xf6\xb1\x91?n\xe1\xd8\
\x17\x8a\xb0\x8f4\xb4\xa2\xed?\x14&\x1fj\xec\x13\xf8\
\xe7\xb5\xff\xbf\x9b\x1c\x0eX-\x89nk\x01\x17\x11\x9f\
lq}\xd6\xe2j\xb2\xc5\xf5y\x8b\xff\x87m\xaf#\
1\x95\xf8dG_\xd7\x7f\xe9\xff\xb7\x1f\xee\xfe\x05_\
\xc7\x87\xd0\
\x00\x00\x02N\
<\
?xml version=\x221.\
0\x22 encoding=\x22UTF\
-8\x22?><svg width=\
\x2232\x22 height=\x2232\x22\
 viewBox=\x220 0 48\
 48\x22 fill=\x22none\x22\
 xmlns=\x22http://w\
ww.w3.org/2000/s\
vg\x22><path d=\x22M10\
 44H38C39.1046 4\
4 40 43.1046 40 \
42V14H30V4H10C8.\
89543 4 8 4.8954\
3 8 6V42C8 43.10\
46 8.89543 44 10\
 44Z\x22 fill=\x22none\
\x22 stroke=\x22#0064f\
f\x22 stroke-width=\
\x223\x22 stroke-linec\
ap=\x22square\x22 stro\
ke-linejoin=\x22mit\
er\x22/><path d=\x22M3\
0 4L40 14\x22 strok\
e=\x22#0064ff\x22 stro\
ke-width=\x223\x22 str\
oke-linecap=\x22squ\
are\x22 stroke-line\
join=\x22miter\x22/><p\
ath d=\x22M21 35L31\
 25L27 21L17 31V\
35H21Z\x22 fill=\x22no\
ne\x22 stroke=\x22#006\
4ff\x22 stroke-widt\
h=\x223\x22 stroke-lin\
ecap=\x22square\x22 st\
roke-linejoin=\x22m\
iter\x22/></svg>\
\x00\x00\x03\x14\
<\
svg width=\x22190px\
\x22 height=\x22190px\x22\
 viewBox=\x220 0 24\
 24\x22 fill=\x22none\x22\
 xmlns=\x22http://w\
ww.w3.org/2000/s\
vg\x22><g id=\x22SVGRe\
po_bgCarrier\x22 st\
roke-width=\x220\x22><\
/g><g id=\x22SVGRep\
o_tracerCarrier\x22\
 stroke-linecap=\
\x22round\x22 stroke-l\
inejoin=\x22round\x22>\
</g><g id=\x22SVGRe\
po_iconCarrier\x22>\
 <path d=\x22M6 11C\
6 8.17157 6 6.75\
736 6.87868 5.87\
868C7.75736 5 9.\
17157 5 12 5H15C\
17.8284 5 19.242\
6 5 20.1213 5.87\
868C21 6.75736 2\
1 8.17157 21 11V\
16C21 18.8284 21\
 20.2426 20.1213\
 21.1213C19.2426\
 22 17.8284 22 1\
5 22H12C9.17157 \
22 7.75736 22 6.\
87868 21.1213C6 \
20.2426 6 18.828\
4 6 16V11Z\x22 stro\
ke=\x22#0064ff\x22 str\
oke-width=\x221.5\x22>\
</path> <path op\
acity=\x220.5\x22 d=\x22M\
6 19C4.34315 19 \
3 17.6569 3 16V1\
0C3 6.22876 3 4.\
34315 4.17157 3.\
17157C5.34315 2 \
7.22876 2 11 2H1\
5C16.6569 2 18 3\
.34315 18 5\x22 str\
oke=\x22#0064ff\x22 st\
roke-width=\x221.5\x22\
></path> </g></s\
vg>\
\x00\x00\x02\xf7\
<\
svg width=\x2264px\x22\
 height=\x2264px\x22 v\
iewBox=\x22-1.5 -1.\
5 18.00 18.00\x22 f\
ill=\x22none\x22 xmlns\
=\x22http://www.w3.\
org/2000/svg\x22 st\
roke=\x22#ffffff\x22 s\
troke-width=\x220.3\
6\x22><g id=\x22SVGRep\
o_bgCarrier\x22 str\
oke-width=\x220\x22></\
g><g id=\x22SVGRepo\
_tracerCarrier\x22 \
stroke-linecap=\x22\
round\x22 stroke-li\
nejoin=\x22round\x22 s\
troke=\x22#CCCCCC\x22 \
stroke-width=\x220.\
06\x22></g><g id=\x22S\
VGRepo_iconCarri\
er\x22> <path fill-\
rule=\x22evenodd\x22 c\
lip-rule=\x22evenod\
d\x22 d=\x22M7.5 9.125\
C8.39746 9.125 9\
.125 8.39746 9.1\
25 7.5C9.125 6.6\
0254 8.39746 5.8\
75 7.5 5.875C6.6\
0254 5.875 5.875\
 6.60254 5.875 7\
.5C5.875 8.39746\
 6.60254 9.125 7\
.5 9.125ZM7.5 10\
.125C8.94975 10.\
125 10.125 8.949\
75 10.125 7.5C10\
.125 6.05025 8.9\
4975 4.875 7.5 4\
.875C6.05025 4.8\
75 4.875 6.05025\
 4.875 7.5C4.875\
 8.94975 6.05025\
 10.125 7.5 10.1\
25Z\x22 fill=\x22#0000\
00\x22></path> </g>\
</svg>\
\x00\x00\x03>\
<\
?xml version=\x221.\
0\x22 encoding=\x22UTF\
-8\x22?><svg width=\
\x2232\x22 height=\x2232\x22\
 viewBox=\x220 0 48\
 48\x22 fill=\x22none\x22\
 xmlns=\x22http://w\
ww.w3.org/2000/s\
vg\x22><path d=\x22M40\
 23V14L31 4H10C8\
.89543 4 8 4.895\
43 8 6V42C8 43.1\
046 8.89543 44 1\
0 44H22\x22 stroke=\
\x22#0064ff\x22 stroke\
-width=\x223\x22 strok\
e-linecap=\x22squar\
e\x22 stroke-linejo\
in=\x22miter\x22/><pat\
h d=\x22M27 33H41\x22 \
stroke=\x22#0064ff\x22\
 stroke-width=\x223\
\x22 stroke-linecap\
=\x22square\x22 stroke\
-linejoin=\x22miter\
\x22/><path d=\x22M27 \
39H41\x22 stroke=\x22#\
0064ff\x22 stroke-w\
idth=\x223\x22 stroke-\
linecap=\x22square\x22\
 stroke-linejoin\
=\x22miter\x22/><path \
d=\x22M41 33L36 28\x22\
 stroke=\x22#0064ff\
\x22 stroke-width=\x22\
3\x22 stroke-lineca\
p=\x22square\x22 strok\
e-linejoin=\x22mite\
r\x22/><path d=\x22M32\
 44L27 39\x22 strok\
e=\x22#0064ff\x22 stro\
ke-width=\x223\x22 str\
oke-linecap=\x22squ\
are\x22 stroke-line\
join=\x22miter\x22/><p\
ath d=\x22M30 4V14H\
40\x22 stroke=\x22#006\
4ff\x22 stroke-widt\
h=\x223\x22 stroke-lin\
ecap=\x22square\x22 st\
roke-linejoin=\x22m\
iter\x22/></svg>\
\x00\x00\x02\xb8\
<\
svg fill=\x22#0064f\
f\x22 viewBox=\x220 0 \
1024 1024\x22 xmlns\
=\x22http://www.w3.\
org/2000/svg\x22><g\
 id=\x22SVGRepo_bgC\
arrier\x22 stroke-w\
idth=\x220\x22></g><g \
id=\x22SVGRepo_trac\
erCarrier\x22 strok\
e-linecap=\x22round\
\x22 stroke-linejoi\
n=\x22round\x22></g><g\
 id=\x22SVGRepo_ico\
nCarrier\x22><path \
d=\x22M1014.64 969.\
04L703.71 656.20\
7c57.952-69.408 \
92.88-158.704 92\
.88-256.208 0-22\
0.912-179.088-40\
0-400-400s-400 1\
79.088-400 400 1\
79.088 400 400 4\
00c100.368 0 192\
.048-37.056 262.\
288-98.144l310.4\
96 312.448c12.49\
6 12.497 32.769 \
12.497 45.265 0 \
12.48-12.496 12.\
48-32.752 0-45.2\
63zM396.59 736.5\
27c-185.856 0-33\
6.528-150.672-33\
6.528-336.528S21\
0.734 63.471 396\
.59 63.471c185.8\
56 0 336.528 150\
.672 336.528 336\
.528S582.446 736\
.527 396.59 736.\
527z\x22></path></g\
></svg>\
\x00\x00\x03\x06\
<\
?xml version=\x221.\
0\x22 encoding=\x22UTF\
-8\x22?><svg width=\
\x2232\x22 height=\x2232\x22\
 viewBox=\x220 0 48\
 48\x22 fill=\x22none\x22\
 xmlns=\x22http://w\
ww.w3.org/2000/s\
vg\x22><path fill-r\
ule=\x22evenodd\x22 cl\
ip-rule=\x22evenodd\
\x22 d=\x22M24 44C35.0\
457 44 44 35.045\
7 44 24C44 12.95\
43 35.0457 4 24 \
4C12.9543 4 4 12\
.9543 4 24C4 35.\
0457 12.9543 44 \
24 44Z\x22 stroke=\x22\
#0064ff\x22 stroke-\
width=\x223\x22 stroke\
-linecap=\x22square\
\x22 stroke-linejoi\
n=\x22miter\x22/><path\
 d=\x22M24 23C26.76\
14 23 29 20.7614\
 29 18C29 15.238\
6 26.7614 13 24 \
13C21.2386 13 19\
 15.2386 19 18C1\
9 20.7614 21.238\
6 23 24 23Z\x22 fil\
l=\x22none\x22 stroke=\
\x22#0064ff\x22 stroke\
-width=\x223\x22 strok\
e-linejoin=\x22mite\
r\x22/><path d=\x22M10\
.022 38.332C10.3\
657 33.1206 14.7\
016 29 20 29H28C\
33.2914 29 37.62\
29 33.1097 37.97\
67 38.3113\x22 stro\
ke=\x22#0064ff\x22 str\
oke-width=\x223\x22 st\
roke-linecap=\x22sq\
uare\x22 stroke-lin\
ejoin=\x22miter\x22/><\
/svg>\
\x00\x00\x02\x16\
<\
svg t=\x22170101533\
2102\x22 class=\x22ico\
n\x22 viewBox=\x220 0 \
1024 1024\x22 versi\
on=\x221.1\x22 xmlns=\x22\
http://www.w3.or\
g/2000/svg\x22 p-id\
=\x226888\x22 width=\x222\
00\x22 height=\x22200\x22\
><path d=\x22M512 0\
C229.216 0 0 229\
.248 0 512c0 282\
.784 229.216 512\
 512 512 282.752\
 0 512-229.216 5\
12-512 0-282.752\
-229.248-512-512\
-512z m292.608 3\
57.024l-320 384c\
-12.128 14.56-30\
.08 23.008-49.02\
4 23.072h-0.128a\
63.936 63.936 0 \
0 1-48.992-22.88\
l-167.52-199.488\
a64 64 0 1 1 97.\
952-82.368l118.3\
36 140.96 271.04\
-325.248a64.032 \
64.032 0 0 1 98.\
336 81.952z\x22 fil\
l=\x22#0064ff\x22 p-id\
=\x226889\x22></path><\
/svg>\
\x00\x00\x02\xa4\
<\
svg t=\x22170079286\
5873\x22 class=\x22ico\
n\x22 viewBox=\x220 0 \
1024 1024\x22 versi\
on=\x221.1\x22 xmlns=\x22\
http://www.w3.or\
g/2000/svg\x22 p-id\
=\x225644\x22\x0a    widt\
h=\x22200\x22 height=\x22\
200\x22>\x0a    <path\x0a\
        d=\x22M512 \
283.456c-165.248\
 0-299.392 74.30\
4-408.128 228.86\
4 107.2 154.112 \
241.28 228.224 4\
08.128 228.224 1\
66.848 0 300.928\
-74.112 408.128-\
228.224C811.392 \
357.76 677.248 2\
83.52 512 283.52\
zM512 832c-213.8\
88 0-384.512-106\
.688-512-320 129\
.408-213.312 300\
.032-320 512-320\
 211.968 0 382.5\
92 106.688 512 3\
20-127.488 213.3\
12-298.112 320-5\
12 320z m0-137.1\
52a182.848 182.8\
48 0 1 0 0-365.6\
96 182.848 182.8\
48 0 0 0 0 365.6\
96zM512 576a64 6\
4 0 1 1 0-128 64\
 64 0 0 1 0 128z\
\x22\x0a        fill=\x22\
#1296db\x22 p-id=\x225\
645\x22></path>\x0a</s\
vg>\
\x00\x00\x01\xe4\
<\
?xml version=\x221.\
0\x22 encoding=\x22UTF\
-8\x22?><svg width=\
\x2232\x22 height=\x2232\x22\
 viewBox=\x220 0 48\
 48\x22 fill=\x22none\x22\
 xmlns=\x22http://w\
ww.w3.org/2000/s\
vg\x22><path d=\x22M14\
 11L4 24L14 37H4\
4V11H14Z\x22 fill=\x22\
none\x22 stroke=\x22#0\
064ff\x22 stroke-wi\
dth=\x223\x22 stroke-l\
inecap=\x22square\x22 \
stroke-linejoin=\
\x22miter\x22/><path d\
=\x22M21 19L31 29\x22 \
stroke=\x22#0064ff\x22\
 stroke-width=\x223\
\x22 stroke-linecap\
=\x22square\x22 stroke\
-linejoin=\x22miter\
\x22/><path d=\x22M31 \
19L21 29\x22 stroke\
=\x22#0064ff\x22 strok\
e-width=\x223\x22 stro\
ke-linecap=\x22squa\
re\x22 stroke-linej\
oin=\x22miter\x22/></s\
vg>\
\x00\x00\x03\x09\
<\
?xml version=\x221.\
0\x22 encoding=\x22UTF\
-8\x22?><svg width=\
\x2232\x22 height=\x2232\x22\
 viewBox=\x220 0 48\
 48\x22 fill=\x22none\x22\
 xmlns=\x22http://w\
ww.w3.org/2000/s\
vg\x22><path d=\x22M5 \
10L8 13L14 7\x22 st\
roke=\x22#0064ff\x22 s\
troke-width=\x223\x22 \
stroke-linecap=\x22\
square\x22 stroke-l\
inejoin=\x22miter\x22/\
><path d=\x22M5 24L\
8 27L14 21\x22 stro\
ke=\x22#0064ff\x22 str\
oke-width=\x223\x22 st\
roke-linecap=\x22sq\
uare\x22 stroke-lin\
ejoin=\x22miter\x22/><\
path d=\x22M5 38L8 \
41L14 35\x22 stroke\
=\x22#0064ff\x22 strok\
e-width=\x223\x22 stro\
ke-linecap=\x22squa\
re\x22 stroke-linej\
oin=\x22miter\x22/><pa\
th d=\x22M21 24H43\x22\
 stroke=\x22#0064ff\
\x22 stroke-width=\x22\
3\x22 stroke-lineca\
p=\x22square\x22 strok\
e-linejoin=\x22mite\
r\x22/><path d=\x22M21\
 38H43\x22 stroke=\x22\
#0064ff\x22 stroke-\
width=\x223\x22 stroke\
-linecap=\x22square\
\x22 stroke-linejoi\
n=\x22miter\x22/><path\
 d=\x22M21 10H43\x22 s\
troke=\x22#0064ff\x22 \
stroke-width=\x223\x22\
 stroke-linecap=\
\x22square\x22 stroke-\
linejoin=\x22miter\x22\
/></svg>\
\x00\x00\x14\xb9\
\x89\
PNG\x0d\x0a\x1a\x0a\x00\x00\x00\x0dIHDR\x00\
\x00\x00\xc8\x00\x00\x00\xc8\x08\x06\x00\x00\x00\xadX\xae\x9e\
\x00\x00\x00\x09pHYs\x00\x00\x0e\xc3\x00\x00\x0e\xc3\
\x01\xc7o\xa8d\x00\x00\x00\x19tEXtSof\
tware\x00www.inksca\
pe.org\x9b\xee<\x1a\x00\x00\x14FID\
ATx\x9c\xed\xdd}t\x5ce\x9d\x07\xf0\xef\xef\xb9\
\x93\xf4\x85&Mf\x92\xd2\xf2\xa6u\xb1\xe0\xeb\xaa\xb8\
\xae\xe8\x1e\x17=\xab\x0b,\x14)\x84f\xd2\xc2\x22\xb0\
\x82/\xa8M&-\xb0J\x89\xa8H\xf3\xe2\xcb\x8a\x07\
\xaa@-M&%\xe5M=\xae/\xbb.\x8b\xba\xea\
\xeaq=\xa8\x80]\xb0\xba\x8a\x96&3-IK\xdb\
\xcc\xdc\xfb\xdb?\x1a\xa4-M\xe6y&s\xef\xf3\xdc\
\x99\xdf\xe7\x1c\xfehrg\xee\x97\x99<\xf3\xbb\xcfo\
\xee}.13\xca\xd1\xbaf\xcb\x92\xc0\xf3^ML\
\xcb\x02\xe0t\x02\x9f\x08B\x0a@\xcb\xd4\x7fuS\x9b\
6\x97\xb5\x03!4\x10p\x90\x81\xe7\x00\xf8\x00\xc6\x01\
\xec\x04\xe1O\x08\xf8i\x22z2P\xc1\xcf\xea9\xf8\
\xf9\xce\xdeK\xf7\x95\xf5\xfc\xba\x03\x84z\x1eN4\x8f\
?}6)u\x1e\x18g\x018\xad\x9c\x1d\x0aa\x81\
\x0f\xe0\xe7\x04\xbe\x9f\xbc\xe0\xbe\xd1[W\xffZ\xf7\x81\
%\x07H\xf3\x9aMM\x94\x98\x93!\xc6\x15\x00\x96\xcc\
2\xa8\x10\xd61\xf0\xb0\x22\xdc<\xd6\x9b\xfen\xa9m\
g\x1c \xc9\xcc\xf05\x04\xbe\x19\x87\x0e\x99\x84\xa8.\
\xcc\xdf&\xae\xbbbl\xa0\xed\xe9\xe969\xe6\x009\
\xb1\xe7\xeb\xf3\x0fLL|\x19@:\xcc|B8 \
\x8f\x00\xabr\x03\xe9o\x1e\xeb\x97/\x1a \xd43R\
\xdf<Q\xfc&\x01o\x8f$\x9e\x10\x96\x11p0\xe0\
\xe0\xe2|\xff\xaa\xaf\x1f\xfd;u\xf4\x0f\x92\x13\xc5\x8d\
28D-a`\x8e\x22\xb5\xad\xb5s\xf8\x8dG\xff\
\xee\x88\x0a\xd2\x92\xc9\xbe\x9b\x81\x07\x22M'\x84#\x18\
\xf4db\xbf\xf7\xfa]\xb7\xb5\xed}\xfeg\x7f\xae \
'w\x8e\xccc\xe6\xcf\xd9\x89&\x84}\x04>\xb58\
\xbfx\xdd\xe1?\xfb\xf3\x00yN\x15W\x81\xe8\x94\xe8\
c\x09\xe1\x0eb\x5c\xbb\xb0s$\xf9\xfc\xbf\x0f\x9f\x83\
|\xc0B\x1e!\x5c\xd3X\xe7\x15\xaf~\xfe\x1f\x09\x00\
h\xc9dO\x07\xf0\xba\xca\xed\x83v\x80\xf8q\x04\xd8\
N\x0a\xbb\x18\xd8\x89\x80\xf7\x02\x00\x03\xfb\x94\xc2\xe4\x11\
\x9b3\x1a\x99\xe1Un\xff\xe1!`\x1e\x13\xe6\xda\xce\
\xa1\x83A\x09\x107\xd8\xce\xa1K15\x81\x89L\x1e\
\xc3\x8a\xeb\xc0\xb4\x80\x80\x13\x18\xfcJ\x00/\xc51\x9a\
OF\xcf\xc9X\x05\xe0\x16`j\x800\xe3\x5c\x18\xc5\
z\x91\x00\x84oS\xc0Y\x0a\x82\xef\x8c~f\xf5\x9f\
f\xf5lB\x94iq\xf7=\x8b\x0a\xa8\xbb\x00\xcc\xef\
G\xf9\x1f\xfa\xafJv\x0e\xbe&?\xb0\xea\x17\x09\x00\
\x00\xe1]e'b<\xe0\xb1\xbfv\xd7\xc0\xea'\xcb\
~\x0e!*dg\xef\xa5\xbb\x00|\x89\x08_n\xee\
\x1a\xea \xd0\x17\x014\x9a>\x0f\x91z'\x80_\xa8\
C\xff\xc0\x1b\x8c\x9f\x008\x08\xc2\x15\xb9\xfe\xf4\x0a\x19\
\x1c\xc25\xcc\xe0|_\xc7\xa0\xf2\xfc7\x01x\xc6\xf8\
\x09\x88\xde\x0a\x00*\xb5n\xf0$f\xb4\x1a><`\
\xd0\xea\x5co\xfan\xe3\x1d\x0b\x11\xa1\xd1[W\xffZ\
\x05t\x1e\x80\x82\xd9#\xf9-\x00\xa0\xe0\xd3\xab\xccw\
\xcb\x9f\xcb\xf5\xb5o3\x7f\x9c\x10\xd1\x1b\x1dh\xff)\
3\xfa\x0c\x1f\xb6xa\xe7HR\x01x\x89\xc9\xa3\x88\
0ZG\xfe\xc7\x0cw&\x84U\xc59\x85~\x00F\
\x17M%\xbc\xe2i\x8a\xa1\x8c\x06\x08\x83n/\xf7\xea\
,!l\x19\xff\xd4e9\x06\xdfo\xf2\x18b,K\
\x80\xf8$\x98\x5cu\xcb\xfe\xb0a6m\xa9\xae\xec#\
 \xbc:\xac\xe7\x17\xeeR\x9e\x7f\xa6\xc9\x95~\xe5 \
\xa8\xaf\x02|\xa9\xc1\x03NH(\xa6$\xeb\x8f\x90\xdf\
\xe5\xfaV=VV:\xbd@\x8d\x90k\xd8kS\xb1\
\xae\xbc\xc5\x11\x0cx\xca\xfb\xbe\x1f\x14\xb5\xb7\xe7\x80\x17\
+f\x83?H\xa2\xff.'\x98\x10\xa5\x14<\xf8a\
\xefc\xd7\x86\xb6\x9d\x00\xf4\xbf\xc4&\x1c\xaf@\xdcd\
\xb0\x8f'\x8cS\x09\xa1\x81\x02_\xff\xa3}v~\xaf\
\xbf)%\x15\x80y\xba\x9bs\xc0\xd3^\xbb+\xc4l\
(\x8fC\xaf \x00\xc0\xc0\x1f\xf5\xb7\xa6\x06\x85\x17\xd6\
\xaf*M\x99<\xb9\x10\xfa<\xae\x8f\xa8\x82\x98|\xc8\
s\x83\xc2\xd4\x09\x8b:<f\x19 \x22\x14\xfb\x0f\x84\
?\x07\x01\x00\x02\xe5\x0c6_\xa0\x00\xd4\xebn]P\
\xde\x1e\xf3HB\x94\xe6\x1dW\x88\xa4\x82\x10\x1fu\xa9\
\xc5\xcc\xea\x8c\x0e\xb1\x94R\x86\xe7\xb3\x08\xa1\xc7\xdb\x17\
\xd5\x1c\x84\x0e\x1al\xee\x19\x0d\x90D`4\xfa\xca\x11\
z/\x5c\xb8inja4\x15\xe4\xe8\x8b\xf5f\x96\
0\x9a\x83\x1cH\xec\x97\x0a\x22B\xf1\xc7\x9c\x17I\x05\
\x09\x82\xc0\xe4o\xd8l\x80\xd4\xed\xf5d\x80\x88p\xec\
\xdc\x1b\xd5\xf7 &\x12\x0a\xd0\xbf\xd8\xd6\xf3\xeb\x83\x10\
\xc3\x88Z6\xd2\xe6\xe2\xdf\x96gtq\xbb\x9a\x7f@\
\xe6\x08\x22\x0c>\x1b\x9c\x10\x18\xa1\xc4\xacV\x7f\x10\xa2\
\x12\x08\x88\xee\xf0\x8a\x94\xc9@4\x1b \xde\x82f\x17\
G\xb9\x889\xe6hZ\xbc\xe5\x90\x0a\x22\xec#rq\
\x82\x0e\xc0p\x80\xa8g\xf7K\x05\x11a\xa8\x8e\x0a\x92\
X\xb8/\xd4\x01B\xf2EaM\x22\x8ap\x0ebH\
\x0e\xb1\x84u\xccURA~\x9b;^>\xe1E\x18\
\xa2\x1b \x86\xf7=\x97\x0a\x22\x5cP%\x87X\xa9\xbd\
RAD\x18\xaa\xe3\x10K\x88\x90TI\x05\xf9\xe3n\
\xa9 \xa2\xf2H*\x88\x10\xd3cw+\x88\xf6\xa9\xee\
\x00\x80\x13\x96\x85[A\x88~\x04f\x93k\x86\xad!\
B\x1d3\x16\xd8\xce1\x8d\xd7\xc0\xe0Rj\x07<\x17\
\xd5\x8e\x88\x98\x0dN`7\x1c !\x1b\xebm\x7f\xbf\
\xed\x0cq\xd7\x92\x19\xbe\x94\xc1\x9bm\xe70\xb0\x1f\x1c\
|\xc4v\x88\xe9\x98\x1db\xfdjT\xe6 \x0ek\xcd\
\x0c\x9d\xc1\xe0;l\xe70\x10\x10\xd1\xaa\x5c\xff\xaa\x1f\
\xd9\x0e2\x1d\x99\x83T\x89EkG\x16\x07\xa0\x87`\
\xb0\x10\xa0\x03\xd6\x8e\xf5\xb6?`;\xc4L\xcc\x06\xc8\
\xab\x1e\x93\x0a\xe2\xa0\xa5=\x9b\xe6\xfaA\xf1A\x00'\
\xda\xce\xa2\x8d\xe9\xce\x5c_\xba\xdfv\x8cR\xcc\x06\xc8\
M\xebe\x808h||\xee\x17\x00\xfc\xb5\xed\x1c\x06\
\xbe\x95o\x5c|\x8d\xed\x10:\xe4\x10+\xe6R\x99l\
\x17\x88\xaf\xb4\x9d\xc3\xc0c\x81\x7f\xb0\x9d\xd7\x9fe\xa7\
\xb5kvE\xa1\xd9\x00q\xf4\xba\xe1\x9a\x95\xcad\xdf\
\x09\xe0\xd3\xb6s\x18\xd8\x19\x80\xcf\xdd\xfd\x99\xcbc\xb3\
B\xa7T\x90\x98j\xea\xbeg)\x80!8\xd6\xaa\x9f\
\xc1~pp\xe1\xee\xbe\x8e\xdf\xd9\x0ebB\x06H\x0c\
\xb5\xae\xbb\xab\xc1\xe3\xc4\xd7\x00\xb4\xd8\xce\xa2\x89\x99\xf8\
\x0a\x97\xdb\xb9\xd31\x19 rx\xe5\x00\xea\xe9Q\xec\
\xcf\x1b\x04P\xc6\xed\xbb\xed`\xc2\xba|oGh\xf7\
\xb6\x0cS\x5c\xca\xb3\x98\xd2<\xbe\xec\x13L8\xdfv\
\x0emLw\xe6\xfb\xda{m\xc7(\x97\xc9\x00\x91\x0a\
bY\xaa+{\x11\x11\xae\xb3\x9dC\x17\x03\x0f\xefn\
\xf4\xdc:}H\xae(\xacN\xcdk\x87^\x07\xc2W\
`r\xa6\x9dM\x84\xc7\xd9?x!\xafo\x0b\xfb\x8e\
\x00\xa1\x929H\x0c4\xde\xb09\xa5\x02u?\x80\xe3\
lg\xd14\xe6\x93:?N\xed\xdc\xe9H\x05q\x1c\
]\xbd\xb1\xae\xbePw\x1f\xc0Kmg\xd1\xb4\x1f\x1c\
\x9c\xbfg\xc3\xca\xa7l\x07\xa9\x04\x99\x838.\xd9\xd8\
\xf0/\xcc\xf8[\xdb941\x03W\xe6c\xd8\xce\x9d\
\x8eT\x10\x87\xb5t\x0d\x7f\x00\x8c\xabm\xe7\xd0\xc5\xc0\
u\xf9\xbet\xd6v\x8e\x19\x91\xd9$]*\x88\xa3\x92\
\x99\xec\xdf\x10a\xc0v\x0e\x03w\xe5\xfb\xd2\x1bl\x87\
\xa84\x99\xa4;\xa893\xf4\x12E\xb8\x1f1\xb9l\
\x96\x81\x87\xf3\x0d\x89\xf7\xd9\xce\x11\x069\xc4r\xcc\xc9\
\x9d#\xf3\x14\xe8>f\xb4\xda\xce\xa2\xa5J\xda\xb9\xd3\
\xd1\x1e \xb2\xb0t\xf8\x88@\xcf\xa9\xe2&\x00g\xd8\
\xce\xa2i\xcc\xf3\xfd\xe5\xd5\xd0\xce\x9d\x8eT\x10\x87$\
\xbb\xb2\x1f\x03p\x89\xed\x1c\x9a\x0e\x80\xb0|\xd7\xc0\xea\
'm\x07\x09\x93\xf6\x00a\xa9 \xa1j\xe9\x1e\xba\x00\
\xc0z\xdb941\x03W\xe4z\xd3?\xb4\x1d\xc4X\
\x10\xe2\x05S\x22\x1c-k\xb6\xbe\x82\x996#&\xef\
\x07\x13_\xef|;\xb7B\xa4\x8be\xd9\xc2\xce\x91d\
\xe0\xf1W\x014\xda\xce\xa2\xe9\xee|o\xc7\xad\xb6C\
D%\x16\x9fX\xd5\x8a.\x19\xf1\x12^q\x90\xc0\xa7\
\xda\xce\xa2\x83\x08\xff\x99oH\xc4b\xb1\x85J\xd1\x1f\
 \x86\xa7\x09\x8b\xd2\x9aO)~\x06\x8c\xb3m\xe7\xd0\
Bx\xbc\x98\xe0\xaam\xe7NG*\x88%-]C\
\x97\x11p\xad\xed\x1c\x9a\xc6<\xdf_\xbe\xe7\x96\x8e\xdd\
\xb6\x83DM\x7f\x80\x10I\x05\xa9\x90Tw\xf6L\x10\
m\xb4\x9dCSu\xb5s\x95\x5c0\xe5\xb4\xd65[\
\x96\x801\xc2\xc0\x1c\xdbY40\x13]\x19\xcbvn\
\x85H\x17+BK{6\xcd\x0d</6K\x842\
pC\xbe\xb7}\xc8v\x0e\x9bd\x80Dh|b\xce\
\x17\x01\xbc\xc9v\x0eMw\xe7\xfb\xd2qZ\x94.\x14\
r\x88\x15\x91d&\xbb\x16\xc0{l\xe7\xd0\xf4H\xad\
\xb5s\xa7#\x15$\x02\xa9\xb5[\xdfE\xc0\xa7l\xe7\
\xd0\xf4\x84_\xc7\xef\xae\xb5v\xeet\xa4\x82\x84\xac\xb5\
k\xeb2\x04\xc1V\x00\x9e\xed,\x1a\xc6\xbc\xc0?\xbf\
\x9a\xdb\xb9\x14\x84\xd7\xc5\x92\x0ab\xa8u\xdd]\x0d\x01\
\x05\x0f\x00h\xb2\x9dE\xc3\x010]P5\xed\xdc\x0a\
\x91\x0a\x12\x92CK\x84\xce\x1f\x02\xf0J\xdbY40\
\x83\xaf\xca\xf5\xb7\xff\x97\xed \xae\x91\x0a\x12\x92\xd4\xc4\
\xb2[\x18|\x9e\xed\x1c:\x08\xfc\xd1|_\xc7\xa0\xed\
\x1c.\x92\xb5yC\x90\xca\x0c_\x0c\xa0\xdbv\x0e=\
\xb4i\xac/\x1d\x97\x06B\xe4\xa4\x82TXs\xd7\xf0\
\xeb\xc1A\x5c\x96\x08}$?\xb9P\xda\xb93\x909\
H\x05\x1d\xff\x91\xec\xf1\x8a\xf8!\x10\xcd\xb7\x9dE\xc3\
\xa1v\xee\xe7\xcf9h;H\xa4\x0c\xcf)\x94\x0aR\
!t\xf5\xc6\xbab\x02\xf7\x028\xd9v\x16\x0d9O\
qM\x9e\x9dkJ\x16\x8e\xab\x90\xe4\x82\x86\xdb\x00\xbc\
\xcdv\x0e\x0d\x07\xc0\xb4|\xd7\x86\xf4\xff\xda\x0e\x12\x07\
r\x88U\x01-\xdd\xc3\x1f\x02\xe1\x9fl\xe7\xd0 \xed\
\x5cCRAf\xa9\xa5;\xfb\x0ef\xf4\xdb\xce\xa1\x83\
@7\xe6\xfa\xd2\xd2\xce5 \x15d\x16\x9a\xd7\x0c\xbf\
\x94\x19[\x11\x8fv\xf9W\xc6\xfa\xda?a;D\xdc\
\xe8\xaf\xacHRA\x0e\xb7\xe8\x03#\x0b\xd4\xa1\xd5H\
\xe2p\xa7\xd9G\xf2\x93M\xb1Y%>Tr\x0b\xb6\
\xf0\x11\x81\xfc\xf9\xfe]\x00^c;K)\x04<U\
\x00.\xaa\xb9vn\x85\xe8\xaf\xac\xc8RA\x9e\x97\xec\
\xca\xde\x04\xe66\xdb94\xe4\x94\xe2s\xc6\xfb\xd2c\
\xb6\x83\xc4U\x1c\x8e\x9d\x9d\xd2\xd2=|!\x80\x8f\xd9\
\xce\xa1aR\x11],\xed\xdc\xd9\x91.\x96\x81dw\
\xf6\xb5\xc4\xb8\x07\xee\x9fF\xc2\xcc\xb8r\xb4\xaf\xfda\
\xdbA\xe2N\xe6 \x9a\x16v\x8e$\x15#\x16w\x9a\
%\xd0\x8d\xf9\xfe\xf4\x16\xdb9\xaa\x81\x9cj\xa2\x81z\
\x1eNx\xaa\xb8\x8d\x81\xbf\xb0\x9dE\xc3p\xae\xbf\xfd\
\x93\xb6C8\x8b\xccVw\x979\x88\x86\xd4\xc4\x9f>\
\xc7\xc0\xdbm\xe7(\x89\xf1\xbd|\xa1\xe9ri\xa8T\
\x8eT\x90\x12Z\xba\x86.g\xe0\xfd\xb6s\x94B\xc0\
S\x93\x85\x84\xb4s+L\x06\xc8\x0cR]\xc3o\x01\
\xd1\xed\xb6sh\xc8)\xc5\xe7L|\xbem\xd4v\x90\
j#\x93\xf4i$\xaf\x1b9\x05\xc4\xf7\xc7`\x89\xd0\
I\xc5\xdc\xb6kC\x87\xb4sC m\xdec8\xb9\
sd\x1e\xa9\xc26\x80\x8e\xb7\x9d\xa5\x04&\xd0U\xa3\
\xfd\xe9\xff\xb0\x1d\xa4ZI\x059\xca\xd4\x9df\xef\x04\
\xe8\xaflg\xd1p\xd3X_\xfb=\xb6C\xc4I\x10\
\xe2\xb9X5QAR\x99\xecu\x00\xd2\xb6sh\x18\
\xce\xf7\xa7o\xb6\x1d\xa2\xdaI\x9b\xf70\xa9\xcc\xd0\xdf\
\x03\xe4\xfe\x1f\x9d\xb4s##\x15dJ\xeb\xba-\xa7\
\x01\x14\x87%B\x7f#\xed\xdc\xe8\xc8\x1c\x04@\xd3\xf5\
C\xcd\x81\xef}\x0d\xc0B\xdbYJ\xc8+V\xd2\xce\
\x8dP\xcd\xdf\xc4\x93zz\x94W\xa4-\x00^n;\
K\x09\x93\x8a\xf9\xe2\xd1\xfe\x95\xdbm\x07\x8952\xfb\
;\xae\xf99Hr\xef\xb2^0\xce\xb5\x9d\xa3\x04i\
\xe7ZR\xd37\xf1LveW\x83\xd1i;GI\
L=\xd2\xce\xb5\xa3f\xe7 \xadk\xb7\xbe\x81\xc0w\
\xd8\xceQ\x1ao\xcd\x0f\xb4\x7f\xdcv\x8aZU\x93]\
\xacEkG\x16\x07A\x10\x87%B\xbf\x9f\x9fl\xfe\
Gi\xe7\xdac0@\xaa\xe3\x10\x8b>\xf4\xafs\xfc\
\xc0\x7f\x00\xc0I\xb6\xb3\x94\xf0\x9b\xc9\xc9\xc4\x0ai\xe7\
\xdaUs\x87X\xc9\xfa=_\x00\xf8\xcd\xb6s\x94 \
\xed\xdc\xb0\x18^0e0@\xe2\xdf\xe6Me\x86\xd7\
\x00\xb8\xcav\x8e\x12\x0aDh\x93v\xae\x1bj\xa6\x82\
\xb4t\x0f\xfd\x1d\xc0\x1bl\xe7(\x81\x89\xf9\xaa\xb1\xde\
\xf4wm\x07\x11\x87\xe8\xaf\xac\x18\xe3IzS\xf7=\
K\x99)\x0b\xd7\xbf\xf7!\xfe\xf8X\x7f\xc7f\xdb1\
\xc4\x0b\xaa\xbe\x82\xb4\xae\xbb\xab\xc1\xe3D\x1c\x96\x08\xbd\
7\xdf\xd7\xd1c;\x848\x92\xf6\x00\x09b\xd8\xc5\xa2\
\x9e\x1e\xe5\xfb\xf3\xb6\x00x\xb5\xed,%|??\xd9\
t\x99\xb4s\xddS\xd5\x15\xa4y\xef\xb2\x8f\x13\xb0\xdc\
v\x8e\x12~SGE9;7*a]0E1\
\xebb\xb5d\x86V\x10\xe3\x06\xdb9J\xc8+\xcf?\
wg\xef\xa5\xbbl\x07\x11\xc7V\x95\x15\xa4\xb9k\xeb\
_2h3\xdc^\x22\xf4P;\xf7\xd6\xd5\xbf\xb6\x1d\
DL\xaf\xeaN5i\xbcasJQ\xe0\xfa\x12\xa1\
\xd2\xce\x8d\x89\xaa\xaa t\xf5\xc6\xba\xc4d\xdd6\x00\
/\xb3\x9d\xa5\x84\x9b\xa5\x9d\x1b\x0fUUAR\x0d\x0b\
>O\xc0Y\xb6s\x94po\xbe?}\x93\xed\x10B\
O\xd5\x0c\x90d\xd7\xd0\xfb\x18t\x8d\xed\x1c3b\xfa\
Ac\xc3A9;\xd7&\xc3+\x0a\xab\xe2\x10+\xb9\
v\xf0\xadD\xf4Y\xdb9fF;\xeaTa\xc5\x8e\
\xf5\x97\x1f\xb0\x9dD\xe83\xb8\xa2\xd0\xcdO\xbd\xe6\xcc\
\xd0K(P\xf7\x03\xa8\xb7\x9de\x06y\xe5\x15\xcf\x91\
vn\xfc\xc4\xba\x82\x9c\xdc92O\x81\xee\x03\xb0\xc8\
v\x96\x19\x14\x88\xe9\x12i\xe7\xc6\x93\xc1\xaa&nU\
\x90CK\x84\x16\xee\x06p\x86\xed,3\xe3\x0f\x8e\xf5\
\xb7\xff\xbb\xed\x14\xa2<\xb1\xad \xa9\xae\xe1\x7f\x06h\
\xa5\xed\x1c3\xe3O\xe4\xfa:6\xdaN!\xca\x17\xcb\
.VK\xf7\xd0\x05\x0cv\xfb\xccW\xa2\x91|\x7f\xc7\
\x8d\xb6c\x88#Q\x10\xda\x15\x85nh\xc9dOg\
\xa6\xaf\xc0\xe9\xec\xfc\x93\xb9\x0b\x16\xc8\xda\xb9U V\
\x15\xa4\xe9\xfa\xa1\xe6\x00\xe4\xf8\x12\xa1\xb4\xa3\x8e\xfc\xf3\
\x9e^\x7f\xdes\xb6\x93\x88\xd9s\xf8S\xf8Ht\xc9\
\x88\xe7\x150H\xe0Smg\x99\xc18\x13-\x97v\
n\xf5\x88M\x05I\x9eR\xec\x07\xe8\x1c\x9b\x19J(\
\x10\xd3\x8a|\xef\xca_\xda\x0e\x22*\xc7\xedk\xb4\xa7\
\xb4d\x86/\x05\xf0a\xdb9f\xc2\x8cks\xd2\xce\
\xad:\xceW\x90T\xd7\xe0\x9b\x01\xfe\x92\x8d}\xebb\
\xc2'\xf3\xfd\xe9\x18,c*\xa0\xaa\xe8\x16l\xadk\
\xb6,\x01\xa9mN\xdfi\x96hd\xf7\x82\xed\xd2\xce\
\xadR\xceN\xd2\x97\xf6l\x9a\x1bx\xde\x83\x00N\xb4\
\x9dezS\xed\xdc\xf5\xeb\x03\xdbID8\x9c\xbd\x0d\
\xf4\xf8\xc4\x9c\xdb\x00\xbc)\xca}\x9a\xa1\x1d\x89\x22\xce\
\x97vnus\xb2\x82\xa4\xba\x863\x00\xae\xb0\x9dc\
\x06\xe3L\xb4\xfc\x99\xcf\xa6\x9f\xb1\x1dD\x84\xcb\xb9\x95\
\x15S\x99\xec;A\xfc\xe9(\xf6U\xa6\x02\x11_$\
\xed\xdc\xda\xe0T\x05i\xed\xda\xba\x0c\xc0\xbdp\xf8N\
\xb3\xcc\xb8v\xac\xb7\xe3\xdfl\xe7\x10e\x0aB\xeab\
\x05!\xdf\xc4\x93zzT\xa0\x82\x07\x014\x85\xb9\x9f\
\xd9`\xc6-\xd2\xce\xad-\x0eU\x90W&\xc0x\x85\
\xed\x143\xd8\xb6\xbbq\xfbGm\x87\x10\xd1\xd2\xeeb\
Q\xd87\xf1\xfc\x15|\x9c\x12\xea\x1ef\xe3Q\xe5\xd1\
\x87\x17\x1ex\xf9\xc2\xa6\xeb\x87lg\xa9:\x8a\xeb\x82\
\xfc\xa7\xdb\x9e\xb5\x9d\xe3X\xdc9\xd5d\xa4-@W\
\xd6v\x8a\xe9\xbc6\xf0\xf9i\xcfwy\xa1\xc6\xf8b\
\xf8O\xc2\xd1\xfb\xd4;\xb3h\xc3\xd4\xb5\x13\xd6O\xa9\
\x17\xd1#\xb0\xb3_\xb4:4\x07\x01\x008\xfbB\x89\
PE\xf7\xbe\x87v\x8f\xc2\x90\xbbXSd\x80\xd4&\
g\xdfw\xd7n\x03\xedG\xb0\x0f\xe1\x1eg\x0f\xad\xdd\
:\xc4bw\x8fEE\xa8\x9c}\xdf\xdd:\xdd\x9d\xc8\
\xd9\x17J\x84\xca\xd9\xf7\xdd\xad\x0a\xe2\xf0\x0b%B\x15\
\xdd!VX\xb7`\x939\x88\x08\x0b;|h-\x15\
DXG\xca\xddCk\x83\x01\x12~\x9b\x97H\x06H\
Mbw\xdfw\xa7*\x08;\xfcB\x89PUE\x9b\
W\xe6 \x22,\xce~0:UA\xe0\xf0\x0b%B\
\xc4\xd1\xcdA(\xb4[\xb0q\x04],\x87\xbb\x19\x22\
D\x86\x7f\xb4Qr\xab\x82\xc8\x17\x85\xb5\xca\xd9\xf7\xdd\
\xe0t\xf7\x08\xbaX2\x07\xa9I\x5c\x15\x03$\x82{\
]\xb8\xfcB\x89\xf0\x90\xc3\xef\xbb[\x87X\x0e\xbfP\
\x22L2\x07\xd1#_\x14\xd6\xa8\x08\xe7\x9e\xa1]0\
\x15\xc5}\xd2\xe5\x8b\xc2Z\x15\xe1\xfb\x1e\x98\xec\xab\xa8\
\xbf\xb2b\x14\x03D&\xe95*\xba\xf6~`V\xad\
\x0an\x1db\xc9\x1c\xa46\x85\xbd\xa4\xd4\x91;\x8b\xef\
\x00q\xf9\xb4g\x11\x1e\x8a\xf2\x9bt\x9fM\x8eR\xf4\
\x0f\xb1\x82\x08\xda\xbc.\x9f\xf6,\xc2\x13D\xb9\xecO\
B\x99\xeck\xdc\xad\x93\x15Y\xe6 5)\x8a\xd3\x98\
\xa6\x10\xfbF\x03\xc4\x9d\x95\x15\x01\x80\xf9\xc7 \x9a\xb0\
\x1d\xe3X\x18\xd8KD\x05\xdb9\xaa\x12\xf1O\xa2\xda\
\x15\x93\xa7t\x0b\x16\x11v\xeb\xaf\xcd\x1bA\x05\xc9\xf5\
w8}'[Q\x05\x02\x9f\x00\xbd%d\x83\x80\xf6\
(\x00\x93\x9aO=\xb7\xecPB8\x82\xe1\x19|\xf7\
\x17\xfcA\x01\x18\xd7\xdc|aY\x89\x84p\x09\x17\xf5\
o\xceD\xf8\xbd\x02\xb4\x8f\xf9\x97\x10i\xd6&!\x9c\
\xa5\xf4o\xd0\xc4\xf4\x7f\x0a`\xdd\x01\x92lY\xbbe\
Yy\xa1\x84p\x84\xc2\x12\xddM=\xf0v\x05\xc2\x1f\
t\x1f\x10\xf8\xea\xec\xf2R\x09\xe1\x06b\x9c\xae\xb9i\
aA\xc3\xe4\xaf\x14\x05\xf4\x0b\xdd'g\xa8\x0fRO\
\x8fS\xdf\xbe\x0ba\xe8,\xcd\xed\x9e\xd8\xb1\xfe\xf2\x03\
*\xa0@{\x80\x10\xf8\xd4\xd4\xf8\xb2\xeb\xcb\xcb%\x84\
]\xcd\x99\xa1\xb7\x01x\x99\xe6\xe6?\x06\x00E\xe0\xff\
1\xd9\x09\x13nJf\xb2i\xd3pB\xd8tr\xe7\
\xc8<\x05\x1a\xd0\x7f\x04}\x0b\x00T\xaeo\xd5c\x0c\
z\xd2`_\x09\x02\x06S\x99l_\xeaC\x83\x8d\x86\
9\x85\x88\xdc\xe2\xee{\x16=\xa7\x8a\x0f\x018C\xf3\
!ENx\xdf\x01\x00bf\xb4d\xb2\xb70p\x9d\
\xe9\x8e\x890\xca\x8cM\x01\xab\xc1=\x03+\x1f\xe5\x08\
Nh\x14B\xd7\xa2\xce-\xa7\x16=\xefrb\x5c\x03\
 \xa5\xfd@\xc27r\xbd\xe9\x7f\x00\xa6\x06H\xf3\xda\
\xa1\xd7\xa9\x80\x8c\x0e\xb5\x8e!\x07\xe0G\x00o'\xd0\
\x0ef\xdaE\x8aG\x89\xf9\x85\xdb\xfb*\x8f\x0bE\x7f\
\x0f\x00(\xf0q\x9e\xa2\xfa\xe7\x7f\xc5\x01<x8\xba\
\x22\x1d\xc7\x01\xeaa\x88\x08>H\xfb\x0b\xd0\x8a!\xa8\
\x228\x88\xfc\x5c2?\xe0\xc9\x00\xb4/\xea\xfd\xd6\xd5\
\xa9\x03\x05\x15\xec\x8fz\xbf\x89\x83u\xf3\x8b(\xcc\x01\
\x00J\xa0\xd1+\xa2> ^DJ\xb5\x82\xf9e\x00\
\x9d\x0e\xe0\x8d\x00^Z\xce\xf3\x13p\xe1X_\xfaA\
`j\x80\x00@K&\xfbU\x06\xce\xaf\xcc\xff\x82\x10\
\xb1\xf5\x87|\xc3\x92\xa5\xbc\xfe\xac\x22p\xd85\xe9\x01\
\xa9\x1b W\xf4\x89ZG\xb8\xf1\xf9\xc1\x01\x1c6@\
\xf2\xbd+\x7f\xc9\xc0mvR\x09\xe1\x84G\xf3\xbfK\
l>\xfc\x07G|\xe9\xb7{b\xa2\x0b\x8c\xefE\x9b\
I\x08\xfb\x088\xa8\x94z\x0f\xdf\xdbv\xc4E{G\
\x0c\x10\xbe\xe3\xbd\x05\xe2D\x1a\xa0\x1d\xd1\xc6\x13\xc2\xae\
\x00\xf4\x91\xd1\x0d+\x7fv\xf4\xcf_t\xda\xc8\xd8@\
\xdb\xd3\x89\x22\x9f\xc9\xcc/\xdaX\x88jDL\xb7\xe6\
\xfb\xdao?\xd6\xef\x8ey^\xd53\x9fM?\xe3%\
\x0e\x9cE\xc0`\xb8\xd1\x84\xb0\xca\x07\xa8s\xac\xbf}\
\xda\xef\x00\xa9\xd4]qS\x9d\xd9\xb3\xa1\xe8\x8b\x00/\
\xadx<!\xec\xf9-\xab`u~\xc3\xaa\x1f\xcc\xb4\
Q\xc93ss\x03\xe9o\xe6'\xc6O#\xd0e\x00\
\x1e\xadX<!\xecx\x16L7)o\xffkK\x0d\
\x0e@\xa3\x82\x1c\xb11\x81\x92\x9d\xc3g\x82x\x05@\
+\xa4\xaa\x88\xd8 <\xce\x8c\xcd~\x90\xd8\xf8\xec@\
[^\xfba&\x03\xe4h\xad\xeb\xb6\x9c\xc6\xbe\xf7f\
\x06\xbd\x859x#\x11-\x03\xb0\xa0\xec'\x14\xa2r\
\xf6\x01\xf8!\x80\xef\xa9\x80\xbe1:\xd0\xfe\xd3r\x9e\
dV\x03\xe4XZ:GN$\xcf\x7f\xb9\x1f\xf0I\
\x04Z\x0c\x0aN \xc6\xf1LT\x0f\xa0\x09\x8c9 \
\xcc\x07\xd0\x00\xa0\x1eG.\x06A\x00\xf4\xaf\x19\x16\xb5\
h\x02@\x11\x87\x16:\xdf\x0d`\x94\x811b\x1a%\
\xc5Oq\x80\xed`<\x91\xdf7\xb1\x9d\xefx\xef\xac\
\xd71\xfb\x7f\xc8d\xe1i\x05\xa7!\xe3\x00\x00\x00\x00\
IEND\xaeB`\x82\
\x00\x00\x04\xd5\
\x00\
\x00\x11\x01x\xda\x8dXKo\xdb8\x10\xfe+\x84\xf6\
\xac\x09\xdf\x8f\xa2\xeea\x0f\xc5\x1e\xdc\xeb\xde\x0b7\x1b\
\x1bP\x93\xa02\xec\x22\xbf~G\xa48\xa4D\xae\xb1\
9\x18\x14_3\xf3\xcd7\x0f\xe6\xf3|{a\xd7\xc3\
 \x9c5\xdc\x19k\x03wr`\xa7\xe9\xfb<\x1f\x86\
\xcb\xe9\xedu`\xb7\xcb\xf3\xfd\xcf\xb7\xdf\x87\x813\xce\
\x04\x97v\xf9\xd18\xff\xfck\xbe\xbc\xbd\xe2a\x10\x03\
\xfb\xfdsz\xc5#\xe7\xeb\xf5\xfd\xd3\xd3\xd3\xfd~\x87\
\xbb\x82\xb7_/O\x92s\xfe\x84b\x06\xf6>^~\
\x1c\x06#\x8d\x19\xd8\xfd\xf2\xe3z>\x0c\xb88\xb0\xf3\
\xf3\xe5\xe5|M\x1f_>\xbf\x7f\xbf\x9e\x19\xee\xfb&\
8\x0f \xac4^0\xe7\x0dp\x8b\x7f\xee<\x0ae\
\xc1\xa8\xe5\xef4\x0a\x0eR3>\x0a\xb7.\x8f\x16\xbc\
\x8c\x832E\xa3\xb9]d\x9dm\x7f\x85 \x81\x07\x13\
\x84\xb9\x8dB\x04\xd0\xcb\xb4=\xf1U\xdc\x83[l%\
\xac\xac\xe6\x03\xac#\xf6V\x99\xb3\xc0\x8b\x02\xc6v\x7f\
O\xe1\x8fo\xc6\x1a\xd02H\xedY\xf0\x01|\x06\xc8\
:\x90&\x01$9\xe0*\x1f\x95\x03\xa3\xd3M\x0al\
\x5c\x1c5\x87`G\xa5A,\x9fz\xaa!\x13\x16x\
\xbeB\x81\x0f\xf1@\xd2N;p>\xee*+N\x80\
\xf5\xe9B\xbcFH\xb0\x9ai\x0d\xca\xd5Z\x10nq\
\x1f*e\x04H\x12j\x8f\x06OEo[+AD\
\x11\xab\x87{\xfeM\x97\xa4\xe5\xe5\xa2)\x180\x8b<\
\x9d\xb4Y\xdcE\xa6*\xd0\xd1\xc8Q:P<\x9e_\
\xa7t\x81f\xe6\xc5\x22\xd6.\x1f\x85\x01\xef\xa3\x82\x0a\
\x09B\x14,\xa0\x91\xb8h/!\x9b\x813\x1al\x9c\
8\x0a\x8e\xc3\xe48aQ\xa4>\xed\xccd\xe5lQ\
i\x03\x97\x9bv0\xebS\xe5(\xba\xa78Kqp\
\x92\xd5\x8e\xea\xb8[\x9f\x0aR\xd1g;K\xd8\x963\
\xea,\x82\x83\x90\xbc\xbcR\x8d\x11`\x8c\x00I\xc7\x8a\
QSE\xe7\x22\xbaX\x9a\xe2\x8ctge%\xea\xcf\
V\xfd#\x00c\x05@T\x96\xa2g\xa5Y\xc4\xad\x84\
\xcd\x14<\x84\x18*\x1b\xecY'\x5c\x93\xb1i9R\
l\xcc\x1c[\x15\xc9\x11\x9b\xd9\xa2XC U\xf0\xf8\
[\xa3h\x15\x87x\x90\x88L\x1b7\xc1oY\xcb^\
\xbas\xdcJ%\xe6USV\x837[2\x8cB\x06\
p|\xc7U\x110\x7f\xeb$\xb1\x89\xb2VD\xad\x04\
m/R\xf7FU\xf9x\x93\xdaj\xaa\xb7\x22h\x17\
\x85k\x9b<\xc8\x15\xa3\xc3\xda\x90y\xcf\xc1\xe6\x84\xd9\
\x19\xce\xd5\x98u\x8e-\x10\xe4\xf5\xe8\xdb\x002\xe1\x90\
I\x83\x84\x0d\x1a\x8ceR \x01dE\xa3B\x1b^\
\x11\x9f\xf7xE\xfelgZ\x98\xab\xdaR\xc8E\xb9\
\xb5\x0aM,\x91J\xed\xe6\x84\xb4 Cd\x062.\
S\xa2b)mP\xd5\xb2p\x0e\xf4\x9e\xc5\x8d\xce\x8d\
\xaaU\x0c\x8d\xcd\xf6\x95\xb2\xfb<\x17\xbf?\xd8\xcf\x11\
\x95\xc8\x15JJ\x0f6l\xb2\x11\xe3\x1bxk\xf6\xeb\
\xda\x1a\xba7\xc6|\xc1\xc1y0\x89G\x84\x5c\x0f\xfc\
My_?\xc9\xcc:i\x11\xac\xc8\x92\x07\x10Q,\
\xe7\xc1\x197\x80\x90\xa7\xaa6\xc4\xac\x9eR;\xd1-\
WF\xa2%\xaf|J\x88\xa6\x5cX\x857\x97\xa0\xab\
\xd2\xbd\x82-\x85\x07\x9db\xbdP\xa4\x9a\x94X\x8c\x96\
\x16a\xad'X\xda\x84]'\xe3o\x1a\xcfi&\xae\
\xb2j\xf5F\xf4<E\xa5S\x15\xa8L\xa9\xbc\x13\xe3\
\xa4\xf4l\x9d\xeaL\x15\xac\x94_\xb2\x9b?\xccJm\
b\x99\x12\x1e\xd9\xf5\xb6\x94\xb66\x9f\x16r%\xf5\x8e\
\xde`zI\xbd\xa7\xf0\x98qx\xeaF\x9a+:\x19\
/\xa1\x9e\x0d\xc0vHJ\xec\x1bJ5;\xf5\xec\xd8\
\xf5\xb1\xb6\x87I\xf1tD\xbaP\x88\xd8]j\xe1\x7f\
\xea\xb5\xcb\xc7\x85\xdd\x9b:\x91\x93\x026Q\x0fL\xce\
\xac\xa6\x19\xec=s?\xa0\x0bX]\xcf\xedC\xc3M\
c'\xbe\xd4\x83B\xb9\x0b\xcf\x9ah4\x17\xd3@\xe9\
\xf9\xaa4P\xfa\xa2\xff[\x5c\xd1\x8e\xa3\xd0H\x0b\x9f\
\x1a7J\x92}K\xf9\xf6\x1e}\xc4>_%F)\
\xed1\x8aN\xad\xe8m\x9a#d\x22\x91YK\xe4^\
R\xde\xa5\xb06!w\xa6bkX>)E\xce\xbc\
`\xc7\x9ae\xdd\xf7\x0da\xdf(\xb1<\x0d6\x96\xb8\
\x1b\x99X\xd5\xd7\xd4\x94=\xb0q\x97\xaf\xf3\xe7\x94\x02\
\xad\xbcO\xcey\xe5c`\xff\x5c\xa6\xe90\xfc\xc1\xb9\
\xd5_\xbfVOQ\x8b/\xce\xa7\xe5\xc9Y=<\x9d\
\xc7\xf7S|\xfe\xc5\x97.\xb6\xf81i\xb3\xe5y\x80\
j\xe6\x96\x1e_\x039B\xd7Y]m\x98{\x1b\x96\
\xca\xdb\xee\xc5\x0e4?2\x17\xb7\x97\xd4\xcc\xbc\x07\xa7\
\xd7\x0e\x18\x89'\xd7\xc4\x9b\xdf\x89\x1d\x9f\x96N05\
\xc3\xed\x03y\xdb\xe0\xd7\x8d`\x19\xc5\xc4I.\x19\x0b\
\xd5\xf1\x90\x00\xe5\xd7\x97.\xcd\xae\xa5\x83\x8fU\x91\xa8\
K\xc8\xdc\x94\x8d\xf4\xbb\xb6\xde\xdd&\x89XSF\xf3\
\xa3\x97q\xd5\xbe>\xf0\xb7+\xfe^\xfe)\xf1\xe5_\
\x1b\x8dw\xb9\
\x00\x00\x02~\
<\
?xml version=\x221.\
0\x22 encoding=\x22UTF\
-8\x22?><svg width=\
\x2232\x22 height=\x2232\x22\
 viewBox=\x220 0 48\
 48\x22 fill=\x22none\x22\
 xmlns=\x22http://w\
ww.w3.org/2000/s\
vg\x22><path d=\x22M24\
 44C29.5228 44 3\
4.5228 41.7614 3\
8.1421 38.1421C4\
1.7614 34.5228 4\
4 29.5228 44 24C\
44 18.4772 41.76\
14 13.4772 38.14\
21 9.85786C34.52\
28 6.23858 29.52\
28 4 24 4C18.477\
2 4 13.4772 6.23\
858 9.85786 9.85\
786C6.23858 13.4\
772 4 18.4772 4 \
24C4 29.5228 6.2\
3858 34.5228 9.8\
5786 38.1421C13.\
4772 41.7614 18.\
4772 44 24 44Z\x22 \
fill=\x22none\x22 stro\
ke=\x22#0064ff\x22 str\
oke-width=\x223\x22 st\
roke-linejoin=\x22m\
iter\x22/><path d=\x22\
M16 24L22 30L34 \
18\x22 stroke=\x22#006\
4ff\x22 stroke-widt\
h=\x223\x22 stroke-lin\
ecap=\x22square\x22 st\
roke-linejoin=\x22m\
iter\x22/></svg>\
\x00\x00\x03C\
<\
?xml version=\x221.\
0\x22 encoding=\x22UTF\
-8\x22?><svg width=\
\x2232\x22 height=\x2232\x22\
 viewBox=\x220 0 48\
 48\x22 fill=\x22none\x22\
 xmlns=\x22http://w\
ww.w3.org/2000/s\
vg\x22><path fill-r\
ule=\x22evenodd\x22 cl\
ip-rule=\x22evenodd\
\x22 d=\x22M5 10C5 8.8\
9543 5.89543 8 7\
 8L41 8C42.1046 \
8 43 8.89543 43 \
10V38C43 39.1046\
 42.1046 40 41 4\
0H7C5.89543 40 5\
 39.1046 5 38V10\
Z\x22 stroke=\x22#0064\
ff\x22 stroke-width\
=\x223\x22 stroke-line\
cap=\x22square\x22 str\
oke-linejoin=\x22mi\
ter\x22/><path fill\
-rule=\x22evenodd\x22 \
clip-rule=\x22eveno\
dd\x22 d=\x22M14.5 18C\
15.3284 18 16 17\
.3284 16 16.5C16\
 15.6716 15.3284\
 15 14.5 15C13.6\
716 15 13 15.671\
6 13 16.5C13 17.\
3284 13.6716 18 \
14.5 18Z\x22 stroke\
=\x22#0064ff\x22 strok\
e-width=\x223\x22 stro\
ke-linecap=\x22squa\
re\x22 stroke-linej\
oin=\x22miter\x22/><pa\
th d=\x22M15 24L20 \
28L26 21L43 34V3\
8C43 39.1046 42.\
1046 40 41 40H7C\
5.89543 40 5 39.\
1046 5 38V34L15 \
24Z\x22 fill=\x22none\x22\
 stroke=\x22#0064ff\
\x22 stroke-width=\x22\
3\x22 stroke-linejo\
in=\x22miter\x22/></sv\
g>\
\x00\x00\x02\xbf\
<\
svg fill=\x22#0161f\
5\x22 viewBox=\x220 0 \
32 32\x22 version=\x22\
1.1\x22 xmlns=\x22http\
://www.w3.org/20\
00/svg\x22><g id=\x22S\
VGRepo_bgCarrier\
\x22 stroke-width=\x22\
0\x22></g><g id=\x22SV\
GRepo_tracerCarr\
ier\x22 stroke-line\
cap=\x22round\x22 stro\
ke-linejoin=\x22rou\
nd\x22></g><g id=\x22S\
VGRepo_iconCarri\
er\x22> <title>wind\
ow</title> <path\
 d=\x22M28 4h-24c-1\
.105 0-2 0.896-2\
 2v20c0 1.104 0.\
895 2 2 2h24c1.1\
04 0 2-0.896 2-2\
v-20c0-1.104-0.8\
96-2-2-2zM11.562\
 5.5c0.552 0 0.9\
99 0.448 0.999 1\
s-0.447 1-0.999 \
1c-0.553 0-1-0.4\
48-1-1s0.448-1 1\
-1zM8.5 5.5c0.55\
2 0 1 0.448 1 1s\
-0.448 1-1 1c-0.\
553 0-1-0.448-1-\
1s0.447-1 1-1zM5\
.499 5.5c0.553 0\
 1 0.448 1 1s-0.\
447 1-1 1c-0.552\
 0-0.999-0.448-0\
.999-1s0.447-1 0\
.999-1zM28 26h-2\
4v-16.979h24v16.\
979zM28 7.021h-1\
4v-1h14v1z\x22></pa\
th> </g></svg>\
\x00\x00\x025\
<\
svg t=\x22176507529\
0403\x22 class=\x22ico\
n\x22 viewBox=\x220 0 \
1024 1024\x22 versi\
on=\x221.1\x22 xmlns=\x22\
http://www.w3.or\
g/2000/svg\x22 p-id\
=\x222010\x22 width=\x222\
00\x22 height=\x22200\x22\
><path d=\x22M810.6\
66667 128H213.33\
3333c-47.061333 \
0-85.333333 38.2\
72-85.333333 85.\
333333v597.33333\
4c0 47.061333 38\
.272 85.333333 8\
5.333333 85.3333\
33h597.333334c47\
.061333 0 85.333\
333-38.272 85.33\
3333-85.333333V2\
13.333333c0-47.0\
61333-38.272-85.\
333333-85.333333\
-85.333333z m0 8\
5.333333v128H213\
.333333V213.3333\
33h597.333334zM2\
13.333333 810.66\
6667v-384h597.37\
6l0.042667 384H2\
13.333333z\x22 p-id\
=\x222011\x22 fill=\x22#0\
064FF\x22></path></\
svg>\
\x00\x00\x03\xee\
<\
?xml version=\x221.\
0\x22 encoding=\x22UTF\
-8\x22?><svg width=\
\x2232\x22 height=\x2232\x22\
 viewBox=\x220 0 48\
 48\x22 fill=\x22none\x22\
 xmlns=\x22http://w\
ww.w3.org/2000/s\
vg\x22><path d=\x22M8 \
28C10.2091 28 12\
 26.2091 12 24C1\
2 21.7909 10.209\
1 20 8 20C5.7908\
6 20 4 21.7909 4\
 24C4 26.2091 5.\
79086 28 8 28Z\x22 \
fill=\x22none\x22 stro\
ke=\x22#0064ff\x22 str\
oke-width=\x223\x22 st\
roke-linejoin=\x22m\
iter\x22/><path d=\x22\
M8 12C9.10457 12\
 10 11.1046 10 1\
0C10 8.89543 9.1\
0457 8 8 8C6.895\
43 8 6 8.89543 6\
 10C6 11.1046 6.\
89543 12 8 12Z\x22 \
stroke=\x22#0064ff\x22\
 stroke-width=\x223\
\x22 stroke-linejoi\
n=\x22miter\x22/><path\
 d=\x22M8 40C9.1045\
7 40 10 39.1046 \
10 38C10 36.8954\
 9.10457 36 8 36\
C6.89543 36 6 36\
.8954 6 38C6 39.\
1046 6.89543 40 \
8 40Z\x22 stroke=\x22#\
0064ff\x22 stroke-w\
idth=\x223\x22 stroke-\
linejoin=\x22miter\x22\
/><path d=\x22M20 2\
4H44\x22 stroke=\x22#0\
064ff\x22 stroke-wi\
dth=\x223\x22 stroke-l\
inecap=\x22square\x22 \
stroke-linejoin=\
\x22miter\x22/><path d\
=\x22M20 38H44\x22 str\
oke=\x22#0064ff\x22 st\
roke-width=\x223\x22 s\
troke-linecap=\x22s\
quare\x22 stroke-li\
nejoin=\x22miter\x22/>\
<path d=\x22M20 10H\
44\x22 stroke=\x22#006\
4ff\x22 stroke-widt\
h=\x223\x22 stroke-lin\
ecap=\x22square\x22 st\
roke-linejoin=\x22m\
iter\x22/></svg>\
\x00\x00\x05/\
<\
svg viewBox=\x220 0\
 24 24\x22 fill=\x22no\
ne\x22 xmlns=\x22http:\
//www.w3.org/200\
0/svg\x22><g id=\x22SV\
GRepo_bgCarrier\x22\
 stroke-width=\x220\
\x22></g><g id=\x22SVG\
Repo_tracerCarri\
er\x22 stroke-linec\
ap=\x22round\x22 strok\
e-linejoin=\x22roun\
d\x22></g><g id=\x22SV\
GRepo_iconCarrie\
r\x22> <path opacit\
y=\x220.5\x22 d=\x22M10 2\
2C6.22876 22 4.3\
4315 22 3.17157 \
20.8284C2 19.656\
9 2 18.7712 2 15\
\x22 stroke=\x22#0161f\
5\x22 stroke-width=\
\x221.5\x22 stroke-lin\
ecap=\x22round\x22></p\
ath> <path opaci\
ty=\x220.5\x22 d=\x22M22 \
15C22 18.7712 22\
 19.6569 20.8284\
 20.8284C19.6569\
 22 17.7712 22 1\
4 22\x22 stroke=\x22#0\
161f5\x22 stroke-wi\
dth=\x221.5\x22 stroke\
-linecap=\x22round\x22\
></path> <path o\
pacity=\x220.5\x22 d=\x22\
M14 2C17.7712 2 \
19.6569 2 20.828\
4 3.17157C22 4.3\
4315 22 5.22876 \
22 9\x22 stroke=\x22#0\
161f5\x22 stroke-wi\
dth=\x221.5\x22 stroke\
-linecap=\x22round\x22\
></path> <path o\
pacity=\x220.5\x22 d=\x22\
M10 2C6.22876 2 \
4.34315 2 3.1715\
7 3.17157C2 4.34\
315 2 5.22876 2 \
9\x22 stroke=\x22#0161\
f5\x22 stroke-width\
=\x221.5\x22 stroke-li\
necap=\x22round\x22></\
path> <path d=\x22M\
5.89243 14.0598C\
5.29748 13.3697 \
5 13.0246 5 12C5\
 10.9754 5.29747\
 10.6303 5.89242\
 9.94021C7.08037\
 8.56222 9.07268\
 7 12 7C14.9273 \
7 16.9196 8.5622\
2 18.1076 9.9402\
1C18.7025 10.630\
3 19 10.9754 19 \
12C19 13.0246 18\
.7025 13.3697 18\
.1076 14.0598C16\
.9196 15.4378 14\
.9273 17 12 17C9\
.07268 17 7.0803\
8 15.4378 5.8924\
3 14.0598Z\x22 stro\
ke=\x22#0161f5\x22 str\
oke-width=\x221.5\x22>\
</path> <circle \
cx=\x2212\x22 cy=\x2212\x22 \
r=\x222\x22 stroke=\x22#0\
161f5\x22 stroke-wi\
dth=\x221.5\x22></circ\
le> </g></svg>\
\x00\x00#9\
<\
?xml version=\x221.\
0\x22 encoding=\x22UTF\
-8\x22 standalone=\x22\
no\x22?>\x0a<svg\x0a   t=\
\x221762069986679\x22\x0a\
   class=\x22icon\x22\x0a\
   viewBox=\x220 0 \
1095 1024\x22\x0a   ve\
rsion=\x221.1\x22\x0a   p\
-id=\x2222481\x22\x0a   w\
idth=\x22213.867187\
5\x22\x0a   height=\x2220\
0\x22\x0a   id=\x22svg2\x22\x0a\
   sodipodi:docn\
ame=\x22polygon.svg\
\x22\x0a   xmlns:inksc\
ape=\x22http://www.\
inkscape.org/nam\
espaces/inkscape\
\x22\x0a   xmlns:sodip\
odi=\x22http://sodi\
podi.sourceforge\
.net/DTD/sodipod\
i-0.dtd\x22\x0a   xmln\
s=\x22http://www.w3\
.org/2000/svg\x22\x0a \
  xmlns:svg=\x22htt\
p://www.w3.org/2\
000/svg\x22>\x0a  <def\
s\x0a     id=\x22defs2\
\x22 />\x0a  <sodipodi\
:namedview\x0a     \
id=\x22namedview2\x22\x0a\
     pagecolor=\x22\
#ffffff\x22\x0a     bo\
rdercolor=\x22#0000\
00\x22\x0a     bordero\
pacity=\x220.25\x22\x0a  \
   inkscape:show\
pageshadow=\x222\x22\x0a \
    inkscape:pag\
eopacity=\x220.0\x22\x0a \
    inkscape:pag\
echeckerboard=\x220\
\x22\x0a     inkscape:\
deskcolor=\x22#d1d1\
d1\x22\x0a     showgri\
d=\x22false\x22\x0a     i\
nkscape:zoom=\x223.\
0452378\x22\x0a     in\
kscape:cx=\x2290.46\
9126\x22\x0a     inksc\
ape:cy=\x2294.73808\
6\x22\x0a     inkscape\
:window-width=\x221\
860\x22\x0a     inksca\
pe:window-height\
=\x221027\x22\x0a     ink\
scape:window-max\
imized=\x221\x22\x0a     \
inkscape:current\
-layer=\x22svg2\x22 />\
\x0a  <path\x0a     id\
=\x22path1\x22\x0a     st\
yle=\x22fill:#0064f\
f;fill-opacity:1\
\x22\x0a     d=\x22M 552.\
96 0 A 81.92 81.\
92 0 0 0 472.74 \
98.51 L 130.7 34\
3.78 A 81.92 81.\
92 0 0 0 81.92 3\
27.68 A 81.92112\
9 81.921129 0 0 \
0 81.06 491.52 L\
 207.61 875.98 A\
 81.92 81.92 0 0\
 0 256 1024 A 81\
.92 81.92 0 0 0 \
326.94 983.05 L \
778.98 983.05 A \
81.92 81.92 0 0 \
0 849.92 1024 A \
81.92 81.92 0 0 \
0 898.31 875.98 \
L 1025.11 490.73\
 A 81.92 81.92 0\
 0 0 1013.76 327\
.68 A 81.92 81.9\
2 0 0 0 970.22 3\
40.21 L 633.19 9\
8.49 A 81.92 81.\
92 0 0 0 552.96 \
0 z M 552.96 40.\
96 A 40.96 40.96\
 0 0 1 592.44 71\
.08 C 592.47295 \
71.200299 592.50\
812 71.319273 59\
2.54 71.44 A 40.\
96 40.96 0 0 1 5\
93.49 76.19 C 59\
3.53102 76.48201\
1 593.56517 76.7\
76084 593.6 77.0\
7 A 40.96 40.96 \
0 0 1 593.92 81.\
92 A 40.8576 40.\
8576 0 0 1 593.5\
5 87.35 A 40.96 \
40.96 0 0 1 592.\
94 90.43 A 40.85\
76 40.8576 0 0 1\
 592.47 92.68 A \
40.96 40.96 0 0 \
1 591.41 95.79 A\
 40.8576 40.8576\
 0 0 1 590.67 97\
.86 A 40.96 40.9\
6 0 0 1 589.26 1\
00.71 A 40.8576 \
40.8576 0 0 1 58\
8.17 102.78 A 40\
.96 40.96 0 0 1 \
586.57 105.18 A \
40.8576 40.8576 \
0 0 1 584.99 107\
.39 A 40.96 40.9\
6 0 0 1 583.21 1\
09.42 A 40.8576 \
40.8576 0 0 1 58\
1.29 111.43 A 40\
.96 40.96 0 0 1 \
552.96 122.88 A \
40.96 40.96 0 0 \
1 525.27 112.1 A\
 40.8576 40.8576\
 0 0 1 521.38 10\
8 A 40.96 40.96 \
0 0 1 515.46 98.\
41 A 40.8576 40.\
8576 0 0 1 515.4\
6 98.4 A 40.96 4\
0.96 0 0 1 513.5\
5 93.09 A 40.857\
6 40.8576 0 0 1 \
512 81.92 A 40.9\
6 40.96 0 0 1 51\
2.32 77.09 C 512\
.35577 76.786565\
 512.38764 76.48\
1392 512.43 76.1\
8 A 40.96 40.96 \
0 0 1 513.38 71.\
4 C 513.40167 71\
.318324 513.4378\
4 71.241469 513.\
46 71.16 A 40.96\
 40.96 0 0 1 552\
.96 40.96 z M 49\
1.69 136.29 A 81\
.92 81.92 0 0 0 \
552.96 163.84 A \
81.92 81.92 0 0 \
0 614.23 136.3 L\
 941.08 371.81 A\
 81.92 81.92 0 0\
 0 981.24 484.79\
 L 858.13 860.57\
 A 81.92 81.92 0\
 0 0 849.92 860.\
16 A 81.92 81.92\
 0 0 0 768 942.0\
8 L 337.92 942.0\
8 A 81.92 81.92 \
0 0 0 256 860.16\
 A 81.92 81.92 0\
 0 0 247.79 860.\
57 L 123.22 480.\
35 A 81.92 81.92\
 0 0 0 157.2 377\
.3 L 491.69 136.\
29 z M 81.92 368\
.64 A 40.96 40.9\
6 0 0 1 98 371.9\
8 A 41.02144 41.\
02144 0 0 1 98.7\
4 372.26 A 40.96\
 40.96 0 0 1 102\
.83 374.45 A 41.\
02144 41.02144 0\
 0 1 103.81 374.\
98 A 40.96 40.96\
 0 0 1 108.41 37\
8.36 A 40.96 40.\
96 0 0 1 112.53 \
382.38 A 40.96 4\
0.96 0 0 1 116.0\
4 386.94 A 40.96\
 40.96 0 0 1 118\
.86 391.92 A 40.\
96 40.96 0 0 1 1\
18.88 391.95 A 4\
1.02144 41.02144\
 0 0 1 119.17 39\
2.7 A 40.96 40.9\
6 0 0 1 120.96 3\
97.21 A 41.02144\
 41.02144 0 0 1 \
121.27 398.47 A \
40.96 40.96 0 0 \
1 109.85 439.56 \
L 109.85 439.55 \
A 40.81664 40.81\
664 0 0 1 105.9 \
442.81 A 40.96 4\
0.96 0 0 1 81.92\
 450.56 A 40.96 \
40.96 0 0 1 76.8\
7 450.22 C 76.45\
4105 450.16866 7\
6.041928 450.093\
7 75.63 450.03 A\
 40.96 40.96 0 0\
 1 71.26 449.12 \
C 71.091531 449.\
07468 70.9176 44\
9.0474 70.75 449\
 A 40.96 40.96 0\
 0 1 81.92 368.6\
4 z M 1013.76 36\
8.64 A 40.96 40.\
96 0 0 1 1054.12\
 402.59 A 40.96 \
40.96 0 0 1 1013\
.76 450.56 A 40.\
96 40.96 0 0 1 1\
008.28 450.19 C \
1007.9597 450.14\
711 1007.6579 45\
0.05025 1007.34 \
450 A 40.96 40.9\
6 0 0 1 1002.98 \
449.1 C 1002.479\
2 448.96349 1002\
.003 448.76482 1\
001.51 448.61 A \
40.96 40.96 0 0 \
1 997.96 447.35 \
C 997.36038 447.\
09883 996.78478 \
446.80836 996.2 \
446.53 A 40.96 4\
0.96 0 0 1 975.1\
1 396.05 A 40.99\
072 40.99072 0 0\
 1 975.74 394.55\
 A 40.96 40.96 0\
 0 1 977.26 391.\
06 A 40.99072 40\
.99072 0 0 1 978\
.17 389.48 A 40.\
96 40.96 0 0 1 9\
80.06 386.37 A 4\
0.99072 40.99072\
 0 0 1 981.34 38\
4.7 A 40.96 40.9\
6 0 0 1 983.34 3\
82.23 A 40.99072\
 40.99072 0 0 1 \
985.04 380.5 A 4\
0.96 40.96 0 0 1\
 987.31 378.39 A\
 40.99072 40.990\
72 0 0 1 989.12 \
376.98 A 40.96 4\
0.96 0 0 1 991.5\
9 375.23 A 40.99\
072 40.99072 0 0\
 1 993.82 373.91\
 A 40.96 40.96 0\
 0 1 996.27 372.\
64 A 40.99072 40\
.99072 0 0 1 998\
.68 371.59 A 40.\
96 40.96 0 0 1 1\
001.4 370.62 A 4\
0.99072 40.99072\
 0 0 1 1003.74 3\
69.95 A 40.96 40\
.96 0 0 1 1006.7\
5 369.32 A 40.99\
072 40.99072 0 0\
 1 1009.06 368.9\
6 A 40.96 40.96 \
0 0 1 1013.76 36\
8.64 z M 255.77 \
901.14 A 40.9190\
4 40.91904 0 0 1\
 259.95 901.38 A\
 40.96 40.96 0 0\
 1 296.96 942.08\
 A 40.96 40.96 0\
 0 1 296.58 947.\
6 A 40.96 40.96 \
0 0 1 296.13 949\
.84 A 40.96 40.9\
6 0 0 1 295.44 9\
53.02 A 40.96 40\
.96 0 0 1 294.6 \
955.5 A 40.96 40\
.96 0 0 1 293.61\
 958.22 A 40.96 \
40.96 0 0 1 292.\
34 960.79 A 40.9\
6 40.96 0 0 1 29\
1.09 963.13 A 40\
.96 40.96 0 0 1 \
289.45 965.58 A \
40.96 40.96 0 0 \
1 287.93 967.66 \
A 40.96 40.96 0 \
0 1 285.9 969.97\
 A 40.96 40.96 0\
 0 1 284.2 971.7\
1 A 40.96 40.96 \
0 0 1 281.92 973\
.71 A 40.96 40.9\
6 0 0 1 279.85 9\
75.3 A 40.96 40.\
96 0 0 1 277.43 \
976.92 A 40.96 4\
0.96 0 0 1 275.1\
9 978.19 A 40.96\
 40.96 0 0 1 272\
.46 979.53 A 40.\
96 40.96 0 0 1 2\
70.23 980.41 A 4\
0.96 40.96 0 0 1\
 267.21 981.43 A\
 40.96 40.96 0 0\
 1 265.03 981.95\
 A 40.96 40.96 0\
 0 1 261.8 982.6\
 A 40.96 40.96 0\
 0 1 259.55 982.\
81 A 40.96 40.96\
 0 0 1 256 983.0\
4 A 40.96 40.96 \
0 0 1 245.34 981\
.6 A 40.96 40.96\
 0 0 1 244.27 98\
1.28 A 40.96 40.\
96 0 0 1 222.28 \
918.89 A 40.9190\
4 40.91904 0 0 1\
 223.95 916.72 A\
 40.96 40.96 0 0\
 1 225.73 914.52\
 A 40.91904 40.9\
1904 0 0 1 227.6\
6 912.63 A 40.96\
 40.96 0 0 1 229\
.89 910.55 A 40.\
91904 40.91904 0\
 0 1 231.68 909.\
23 A 40.96 40.96\
 0 0 1 234.45 90\
7.27 A 40.91904 \
40.91904 0 0 1 2\
36.47 906.18 A 4\
0.96 40.96 0 0 1\
 239.42 904.65 A\
 40.91904 40.919\
04 0 0 1 241.67 \
903.81 A 40.96 4\
0.96 0 0 1 244.6\
9 902.73 A 40.91\
904 40.91904 0 0\
 1 247.27 902.16\
 A 40.96 40.96 0\
 0 1 250.16 901.\
56 A 40.91904 40\
.91904 0 0 1 252\
.98 901.33 A 40.\
96 40.96 0 0 1 2\
55.77 901.14 z M\
 850.15 901.14 A\
 40.96 40.96 0 0\
 1 852.94 901.33\
 A 40.91904 40.9\
1904 0 0 1 855.7\
6 901.56 A 40.96\
 40.96 0 0 1 858\
.65 902.16 A 40.\
91904 40.91904 0\
 0 1 861.23 902.\
73 A 40.96 40.96\
 0 0 1 864.25 90\
3.81 A 40.91904 \
40.91904 0 0 1 8\
66.5 904.65 A 40\
.96 40.96 0 0 1 \
869.45 906.18 A \
40.91904 40.9190\
4 0 0 1 871.47 9\
07.27 A 40.96 40\
.96 0 0 1 874.24\
 909.23 A 40.919\
04 40.91904 0 0 \
1 876.03 910.55 \
A 40.96 40.96 0 \
0 1 878.26 912.6\
3 A 40.91904 40.\
91904 0 0 1 880.\
19 914.52 A 40.9\
6 40.96 0 0 1 88\
1.97 916.72 A 40\
.91904 40.91904 \
0 0 1 883.64 918\
.89 A 40.96 40.9\
6 0 0 1 861.88 9\
81.2 A 40.96 40.\
96 0 0 1 860.42 \
981.63 A 40.96 4\
0.96 0 0 1 856.2\
9 982.5 A 40.96 \
40.96 0 0 1 855.\
27 982.68 A 40.9\
6 40.96 0 0 1 84\
9.92 983.04 A 40\
.96 40.96 0 0 1 \
844.36 982.66 A \
40.96 40.96 0 0 \
1 844.34 982.66 \
A 40.96 40.96 0 \
0 1 843.97 982.5\
8 A 40.96 40.96 \
0 0 1 838.99 981\
.55 A 40.96 40.9\
6 0 0 1 837.61 9\
81.07 A 40.96 40\
.96 0 0 1 833.83\
 979.73 A 40.96 \
40.96 0 0 1 832.\
22 978.94 A 40.9\
6 40.96 0 0 1 82\
8.92 977.23 A 40\
.96 40.96 0 0 1 \
827.43 976.22 A \
40.96 40.96 0 0 \
1 824.41 974.09 \
A 40.96 40.96 0 \
0 1 822.83 972.7\
 A 40.96 40.96 0\
 0 1 820.47 970.\
49 A 40.96 40.96\
 0 0 1 818.86 96\
8.66 A 40.96 40.\
96 0 0 1 816.89 \
966.23 A 40.96 4\
0.96 0 0 1 815.6\
7 964.41 A 40.96\
 40.96 0 0 1 813\
.96 961.59 A 40.\
96 40.96 0 0 1 8\
12.94 959.52 A 4\
0.96 40.96 0 0 1\
 811.71 956.71 A\
 40.96 40.96 0 0\
 1 810.9 954.29 \
A 40.96 40.96 0 \
0 1 810.11 951.4\
6 A 40.96 40.96 \
0 0 1 809.63 949\
.04 A 40.96 40.9\
6 0 0 1 809.22 9\
46.04 A 40.96 40\
.96 0 0 1 809.06\
 943.61 A 40.96 \
40.96 0 0 1 847.\
04 901.32 A 40.9\
1904 40.91904 0 \
0 1 850.15 901.1\
4 z \x22 />\x0a  <path\
\x0a     style=\x22fil\
l:#0064ff;fill-o\
pacity:0.4754401\
4;stroke:none;st\
roke-width:0;str\
oke-linecap:roun\
d;paint-order:st\
roke fill marker\
s;stroke-dasharr\
ay:none\x22\x0a     d=\
\x22m 66.004698,182\
.47557 c 0,-3.03\
583 -1.954301,-7\
.23674 -4.595155\
,-9.87759 -2.906\
194,-2.90619 -5.\
908257,-4.26125 \
-10.156763,-4.58\
453 L 48.48679,1\
67.80299 36.3871\
38,130.86006 24.\
287485,93.917133\
 25.03272,93.444\
217 c 1.739043,-\
1.103572 4.48044\
3,-4.27318 5.434\
54,-6.283417 1.8\
11192,-3.816093 \
2.17997,-8.53982\
9 0.938059,-12.0\
15742 l -0.48872\
,-1.36785 32.567\
508,-23.470242 3\
2.567506,-23.470\
243 1.313526,1.2\
02876 c 2.962911\
,2.713322 6.2821\
31,3.979632 10.4\
15751,3.973708 4\
.34041,-0.0062 8\
.05476,-1.34029 \
10.87658,-3.9065\
04 l 1.366,-1.24\
2261 31.36044,22\
.627 c 17.24824,\
12.44485 31.5324\
8,22.729104 31.7\
4274,22.853896 0\
.27787,0.164913 \
0.16806,0.854803\
 -0.402,2.525563\
 -2.39814,7.0286\
13 0.69429,15.38\
6742 7.0168,18.9\
64811 1.11099,0.\
628739 1.68102,1\
.147907 1.57207,\
1.431816 -0.094,\
0.244976 -4.3220\
8,13.119122 -9.3\
9572,28.609232 -\
5.07364,15.4901 \
-10.41124,31.747\
28 -11.86132,36.\
12707 l -2.63651\
,7.96325 h -2.07\
257 c -2.72258,0\
 -5.86628,0.9999\
4 -8.3427,2.6536\
3 -4.07522,2.721\
33 -6.20438,6.28\
506 -7.0961,11.8\
7725 l -0.19636,\
1.23144 H 107.85\
847 66.004698 Z\x22\
\x0a     id=\x22path2\x22\
\x0a     transform=\
\x22scale(5.12)\x22 />\
\x0a</svg>\x0a\
\x00\x00\x0a.\
\x89\
PNG\x0d\x0a\x1a\x0a\x00\x00\x00\x0dIHDR\x00\
\x00\x00 \x00\x00\x00 \x08\x06\x00\x00\x00szz\xf4\
\x00\x00\x09\xf5IDATx\x9c\x85\x97[l\x5c\xd7\
u\x86\xbf}9\xb7\xb9\x91\x1cR\xbc\x89\xd4\xdd\x12m\
I\x11mY\x8a\xe5:q\x9b\x04\x09\x12\x07\x06\x8c^\
\x00\xb75\x0a\xb4h\x81\x04\x01\x02\x04\xed[\x1e\x8b\x00\
\x05\x8a\xa2i\xd1\x87\xa2@P\xd4(\x1a\xf4\xa1n\x80\
\xc0v\xe26\x8e\x1d\xc7\xb1%;\x94B\xddL\x91\x8a\
I\xda$\x87w\xce\xed\xcc\x9cs\xf6\xde}\x98\xe1H\
\xaa\x0bt?\xcf\x99\xb3\xd7\xfa\xbf\xf5\xaf\xff\x88\xf8\xc6\
\xfb\xae\xf6\xd6\xab\x90%\xd4\xeb\x19o\xfc|\x9d\xcc8\
\xa4\x80G\xcf\x8c\xd0\xd7\x1fa\xad\xe3\xff=\x0eV\x16\
*\x0c\x1d\x08(\x95C\xdc\xfe3\x0e\x06\x9f<\xc6O\
\xff{\x81w\x7f<\xc7\xd0@\xc4\xf4\xe1>\x0a\xc5\x1c\
\xf9/~\x15]{\xebU\xd2\xcd\x0aR+\xda{\x09\
\xb5\x8d\x1d\x8cq\x80ckM\x93\x93%\xacu8\xe7\
\x10B\xe0\xac\x05\xe7\x10\x80\x93\x12!D\xe7E\x02l\
\xdc`ki\x8f\x9c\xea\xc3\xb9\xce\x05\x9cu\xec\xcd\xcc\
\xf3\xd8\xa5\x11\xae\xfcx\x96\x95\xa5*S%\xc7\xec\x8d\
%j\xb3\xebH\x97\xb4\x11J\x01\x02\xa5%R\x0b\x84\
\x14\x08)\x89B\x0f\x84\x00!\x90A\x80B\x11\x0e\x0c\
\xe1\x1f\x9eD\x1f?\x8c\x9f\xebCd\x9d\xf7K\xa5\x88\
J\x11\x99q\xbdg\x10\x02\xa1$\xf1Z\x95\xbc\xb1|\
\xee\xb9\xb3\xf8Jr{\xb5\xce\xdd\xcd\x98\xa4\x19\xa3\x85\
\x10\xb4\xe2\x940\xf2\x1e\xe8\xa8\x10\xe0\x9c\xc3\xa6)\xc5\
\xa9\xd3L<\xfb\xdb\x5c\xb9\xf5\x0a\xef\xa9\x19\xb6\xe4\x0e\
\xc6\x19\x0e\xe9#Lm\x9f\xa2\xefg\xcb\xc4;\x9bT\
7\xf6\xd0Zt\xbb\xd5U\xc0\x81\x10\x82\xbd\xeb\xab\x9c\
}\xfc0o\xfe\xe7\x0d\x167\x1aH\x01\x02\xd0\xedv\
\xc6\x9d\x9b\x1b\x9c=?\x8e\xebt\xbe\xf7\xe0\xec\xad\x0d\
\xa6O\x0d!\xc6K\xbc\xd9\xfa\x15\xff\x91\xfe\x90F{\
\x19\x8d\x06\x04\x95\x81m\xae?\xb2\xc2\xf9\xe1\x93<\xb5\
t\x09s\xed&\xbbW/\x83\x80V+Ci\x89\xa7\
%N\x0al\xa3\xc5\xdc\xeb\xf3\xc4\xed\x0c)%\xceZ\
\xfc\xd0C/\xdc\xde\xa2\xb6\xd7FH\x81\xb1\x0ek\xef\
U\xaf\x85\xa3\xff\x91\x13\xfcS\xfa\x1a\x97_~\x9b\xd1\
\xfe\x12#\x83\x85^\x8b\x94\xf41\xcd\x063\xe5\x0f\xf8\
\xad\xe9\x17\x98\x18(\xb3}\xf9\x17H!\xa8l4\xd8\
\xd9m1}\xfa\x00\xd296w[\xbc\xfc\xf6*\xed\
\xb6A\x00Q\xce\xe7\xe2\xa5c\xc8\x95\xc5=\xacq=\
h\xee\xa7Z\xf9y\xde<R\xe3\x97\x9b\xefS\x0ar\
\x94\xfbr\x08 \xcd,2\x0aQ\xc5<*\x0816\
\xe3\x1f>\xfeK\xde,^\xa602\x863\x06!`\
\xe9\xee6u\xd5Gt\xf48\x8d#\xe7h;\x8d\x00\
\xa4\x92\x5cx\xe2(\xc3#%$\xe2>\xdd\xf7\xb5\x07\
\x9c1\xe4O\x8dq\xc5\x9fEf\x96\xfeR\x08@\xb5\
\x91t\xc6\xd29\x5c\x92\xe1\xd2\x0c\x81\xa0\x9eTyg\
\xf8:\xcd\x17\x1eF\xc9\x00O\xf9\x8c\xff\xe1S\xfc\xe4\
\x8fr\xcc\xfc\xde\x09>\xf3\x17\xdfd\xfc\xa1C\xa4\xed\
\x84\x87\xcf\x8c31Y&\xcb,\xbaW\xb0\x03\xa5$\
B\x02\x06\x84\x15\xa8\x03\x01qVEJI\x96Y\x1a\
qJ!\xe7\xe1i\x89\x8d[\xb84C\x95\x0a\xc8b\
\x01\x91\x1a2\x173sl\x85\xa7\xbf\xfe\xe7\xecV\xaf\
s\xb5\xf02;f\x9b$6\xd4\xfev\x9e\xe5\x1b\xf3\
\x8c\x8c\x0f\xf0\xf0\xe9q\x8c\xb5(\xe8^\xe0\xbe.\xf4\
\x8e\x053\xe8PA\x8a@\x80s\x84\xbeB+\xd9%\
\x1b\xc82\xcc^\x15[k \xa2\x80\xac\xd9d+4\
,\x9f\x8b\xb9\x1e\xadP\xdd\xdbA\x19(\xec\x06\x5c\xff\
\xe1[8g8;=\x89\xe7)\xb2\xcc\x00\xa0qt\
\xe6_\x0a\x84\xe8\x1a\x8c\xb5\x94F\x87\x98\xba\xf4Yf\
\x93y\xaa\xdb\x0d\xa2\xc8\xebH\xe3\x1c\xd6A\x9a\x1a\xa4\
\x14\xc8\xccbm\x82n'\xe8b\x9e\xb8O\xf0w+\
\xdf\x01\x09\xb4`\xaf\xbaKp\xcbR\xdf\xa9q\xf8\xd4\
\x01\xc6\x0e\xf6c\x8c\xed\xd5)\x1d\xa0\xb5D\x08:\x7f\
(\x0563\x94\x8fO\xf2\xa9\xc7~\x93C\xf9\x87\x10\
\xcau\xc0\x13\x02c\xa1\xb2\x15\xf3Q\xa5\xce\xdaf\x83\
\xc5\x95=\xd6wbD\x14\x22\x07K\xb8\x9c\xc7H0\
\x8e\xdc\xd0\xcc\xcf}\xc0)\xf9\x08\xf5\xd7>Fh\xc7\
\xc9\xa9Qz\x06\xd1=Z\x00\xc6X\xee\x1f\x02\xe5{\
,]\xbe\xc6\x8f\xbe\xfb\xf7\xac}\xf9C\x02\xed\xe3i\
\x89\xb1\x8e\xcd\x9d\x06\xcdV\x0a@\xdc\xca\xf0}\xc5\xf0\
x?\xc6\xc4\x94kC\x5cH\x9e\xc4\xbd\xb4\xcb\xef\xbc\
\xf0<W\x8b\xef\xb2\xf1\xddk\xcc\xbfs\x8b\xe1\x83\x03\
\x0c\x94\xf3Xk\x1f\xbc\x00\x02\xb2\xc4~b\xe1X,\
\xeb?\xbbC\xe9\x0be\x9aI\x82\x96\x8az\x1c\xd3h\
\xa6H%\x01A\xe0\xc3\xc0`H),p\x81\xf3|\
Z<\x8e\xbf\xd4\xe4\xf5;\xb3\x1c\x10e\x82\xef7\x99\
{e\x06\x15\xfaL\x1c*\xa3\x94\xfc\xc4\xb8\xeb\xfd\x09\
\xf8\xdfG(\x89\xdd\xdc\xa3\xff\xc3\x13\xe4\xf2>\xf5Z\
B\xb3\x95!e\xc7j\xa3\xd0cx8`|\xf0\x18\
\xcf\xae]dx.F\x9d\x89\xf1\x06\x02\xc2\xbc\xe2\xc5\
?\xfb\x16\xeb\x95=t\x14\x90\xcb\xf9\x1c>:\xf8\x7f\
\x90\x0er_\x02k]o\x878\xe7p\x99\xe1\xd8C\
\xa3\x94\xbd~\xdamK\xb3\x95\xf6\xe4\x93\xc2\xd27\xa0\
8:z\x96\xa7\xdf\xff\x14\x95\xef\xbd\xc7\xd6\xf22\x98\
\x94\xd5\xb9eV\x7f]\xa1\xddl\xa1=\x855\x96\xf1\
\x89~\xf2\xf9\xe0\x81\xea\xf7I\xe8\xf9\x00\x8e\xee$\x80\
@29}\x8c\xad?\x18\xe1\xc5\xca\x0f\xa87\xdaH\
\xa9\xc09\xacs\x1c:0\xc6\xb9\xc9s\x1c~\xa9\xc0\
\xe2\x7f\xbdCi0 M\x0d{\xcb\x15\xae\xfc\xe0m\
j[U\xc2|\x80R\x16!\x04c\x07\xfb?Q\xb9\
\xb3\x0e\xe7\xba\x0cXc\xb1\xb6\x03bX\xc8\xf3\xdc\xdf\
|\x9b\x99`\x86\xbf~\xff;\xd86(\xe5!<\x9f\
\xac\xd5`\xb08\xc2_=\xf3/\xb8+wXZy\
\x91\x89GG\xc8G\x1eV\x08T\x96qt\xa4\xc8\xd6\
F\x15)\x05A\xa8\x89r>CC\xc5\x07\x19s\x10\
\x0d\x84\xa8@w|\xc09z\xe6\x22,4\xf2)\xbf\
X{\x8f4\x13\xf8Z\x83u\x08\x97!\xa4c\xa8\xdc\
\xc7\xeak3\xc8k\xbf\x22\xdf\x1f\x82P\x9d\xf5\x0bx\
Z11\xd6\xcf\x9d\xc5M\xea\x89!\x085\x83C\x05\
\xc2\xc8\xeb]\xc0YG\xffd\x91\xe1\x93e\x90a\xc7\
\x07\x9c\xeb.#!\x90F\xf1\xd2\x95\x7f\xe3'\x0b\xaf\
\xe0{9:\xdel1IB\xd4W\xe0\xd2\xeec\xbc\
\xf1\xed\x7f\xa4r\xf36B\xaa\x9e\xae\xb6\x9d`\x92\x04\
+$if\xc9R\x83\xe7k\xc6\x0e\xf6\xf7R\x93s\
\xe0E\x9a\xa1\xe3\x03H%\xf0\x02\x85\x04\xf0\x02\x85\xf6\
T\x07\x0e\x01m\x1d\xa3\x90\x90%\x08\xbf\x03\x8f\xf5%\
O\xf5}\x06\xf1\xfd\x8fH]B\x94\x0b\xee\xd1$\xc0\
\x0a\x89p\x8e\x9d\xed\x1a\xd5F\x1b\x93Y|_12\
Z\xba\x07\x9fs\xe4\xca!:P=\x06\xa4s\xa0\xa4\
D\x0a\x81\x00J%MS&\x9dP\xe9\x1c\xae\x1d\xe3\
\x15#\xa6\xa7\x9e\xe0\xc8+>\x1b\xbf^BjE\x9a\
Y\x84\x14\xd8vJVk\xa2}\x8d\xd9\xa9qwy\
\x8b\xcc\xd8.W\x8e\x5c>\xe8MX\x96\x1aT\xa0\xee\
\xe5H:\x8e\xdd\xe5\xc2!\xb1\x1czb\x9a\xa3\x93\x0f\
#\xa5FFy\x84\x80\x03\xa3\x13\x5c\xb8z\x98\x8d7\
n \xfdN~\x9c\x9b\xdf\xa2^O\xd0\xbeF\xfa\x1e\
\xa4\x19\xeb\x8bk,\xadV\x91Bb\x9d\xa3X\x08\xf1\
\xba\x9d\x05\xc82\x8b\x0aU\x87B\xd1\xddA\xfb.\xd4\
\x09\x1a\x8e\xc9\xcf\x7f\x96\xcf\x9fy\x86@\xe5pXt\
\x18\xf2\x8d\xd3\xdf\xe2\xf1\x89'IE\xd6\x09\x9a\x02j\
\xf5\x84\xeb\xb7\xd7\xa96ST\xe0\xa3\x02\x8f\xc5J\x95\
\xb8\x95\xf4\xfc\xc2Zwo\xf1\x08A\xab\x95\xa2\x03\x8d\
\x90\x02g\x1c\x1f\xdd\xa8\xa0\x95\xafim'\xb4\xdb\x86\
P{\xbc{\xf7u\xfeu\xe1\xa7dY\x13\xe1\x15H\
qlT\xd7\xf1wd//\xee\xb3\x12\x05\x1a%\x05\
\xceY\x9c\xf28\xf7\xe5\x8b\xa4o\xddb\xf9\xd6RW\
r\xc7\xf6f\x9d\xa4\x9d\xa2\xb4\xc2XKX\xf0i7\
R\xde\xfd\xf7kT\x16\x1b\xc8\xdc\xc5\xb3\xb8(\xa2\xd5\
h\x13\x94\xcb\xbc\xa3>\xe0\xc3\xcd\xdb\x08!\xa1\x1dc\
\xe3&\xdf\xbb\xf5\xcf\xdc\x5c\xb8\x86\xd2\xf7\xda\x09\xa0=\
I.\xf2\x01\x81M2\x06\x0a\x01\xcf~\xed+<\xfe\
\xa5\xf38\xeb\xc8\x17\x03\x86\x86\x8b\x14K\x11q#!\
W\x0a\xf1#\x8f\xd9\x1f\xcd1\x7fy\x11)%ru\
\xb3Nt\xec \x18C\x96\x8fX\xb5;\xf8B\x83\x94\
`-\xd2:v\xeb\xeb\xc4\xbfq\x80\xc2\xc8(\xae\xdb\
R%\xa1\xaf\x14\xde\xdb\xae\xceQ\x9b[\xc4&)\x9f\
~\xe6\x22\x93'\x0f\xe2{\x0a\x84 W\x08\x08#\x8f\
\xe3\x8f\x8e\xd1\xdc\x89Yxo\x09\xe5u#@\x5cm\
\x82\xd6\x1d.\x04(i\xf7\x05\xbc\xcf\xb8\x1c\xbb\xe9\x16\
\xb6mp\x02r\x9e`\xbc\xa4\xc8\xe7\xfc\x074qI\
J\xb2]C\xfb\x9aS\x17O\xe2\x07\x1a)\x05I\x92\
\x11\x95\x02\x06\x8f\xf4\xf3\xe1/?&\xae\xb6\x10\xa2\x83\
\x9fl\xc7m\x9cR\x9d\xcf/)\xc8\xac\xe9U\xd4\x99\
\x13\x89m6\xa97v!M\x00\x81\x96 }\x8f\xdc\
}\x0e\xb7\xefrIe\x0bc,\x87\xa6&\xd8\xdb\xa8\
\xb1\xb2\xb0\x8eI\x0c\xf9\x5c@s;\xe6\xa3\x9b\x15\x84\
\xdc\xff\x9csH\xdb\x8d\xd8\x0e\x81\xb1\x96v\x9a<\xa0\
3\x0e\xf0|Zi\x0c&E\x00\xbb\xb1\xa58X\xc2\
\xf7\xe4\x03?\x15R\xd0Z\xdb$\xdd\xabS(\x97p\
B\xb3pu\x91\x0f.\xdf%\xec\xf3Y\x9a]cs\
y\xbb\x9b':\x90J\xcf\xf7p\x9e\xc6\x00\x03'\xcf\
\xf3\xfb\x8f\xfe)\x0eHmJf3\x12\xd3&\xcc\x14\
\xcf]z\x9e#O_$KR\x0eM\x94\x18\x1f)\
`\x8d\xbd\xb7H\xba\x1d3q\x8bxq\x15\xa9%#\
'\x0e\x22\x80,\xc9X\xbe\xb5\xca\xd5Wob3\x8b\
\xb3\x0ek\x0c~\x14\xa1\xbf\xf0\xc7\xbfK\xbcv\x97p\
)\xc6\xeb+svl\x9c\xe9\x89'\x91\xce\xe0i\x0f\
)$C\xd1(\xe7'/r\xf5D\x85\xe3S\x079\
}f\xac\x1bL\xf8\xe4q\x0eSo\xe1\xda\x8e\xb1\xa9\
\xa3,\x5c\x99'\xe7K\xccV\x9b\xa8X\xc4/t\x12\
\xb6\x17\x85\x5c\xf8\x93\xe7\xf9\x1f\xacr\xdeZ4Ts\
u\x00\x00\x00\x00IEND\xaeB`\x82\
\x00\x00\x01\xe3\
<\
?xml version=\x221.\
0\x22 encoding=\x22UTF\
-8\x22?><svg width=\
\x2232\x22 height=\x2232\x22\
 viewBox=\x220 0 48\
 48\x22 fill=\x22none\x22\
 xmlns=\x22http://w\
ww.w3.org/2000/s\
vg\x22><path fill-r\
ule=\x22evenodd\x22 cl\
ip-rule=\x22evenodd\
\x22 d=\x22M4 40.8361C\
8.89307 34.8632 \
13.2383 31.4739 \
17.0356 30.6682C\
20.8329 29.8625 \
24.4483 29.7408 \
27.8818 30.303V4\
1L44 23.5453L27.\
8818 7V17.167C21\
.5333 17.2172 16\
.1362 19.4948 11\
.6905 24C7.24474\
 28.5052 4.68126\
 34.1172 4 40.83\
61Z\x22 fill=\x22none\x22\
 stroke=\x22#0064ff\
\x22 stroke-width=\x22\
3\x22 stroke-linejo\
in=\x22miter\x22/></sv\
g>\
\x00\x00\x01\xd2\
<\
?xml version=\x221.\
0\x22 encoding=\x22UTF\
-8\x22?><svg width=\
\x2232\x22 height=\x2232\x22\
 viewBox=\x220 0 48\
 48\x22 fill=\x22none\x22\
 xmlns=\x22http://w\
ww.w3.org/2000/s\
vg\x22><path d=\x22M24\
.0083 33.8995V6\x22\
 stroke=\x22#0064ff\
\x22 stroke-width=\x22\
3\x22 stroke-lineca\
p=\x22square\x22 strok\
e-linejoin=\x22mite\
r\x22/><path d=\x22M36\
 22L24 34L12 22\x22\
 stroke=\x22#0064ff\
\x22 stroke-width=\x22\
3\x22 stroke-lineca\
p=\x22square\x22 strok\
e-linejoin=\x22mite\
r\x22/><path d=\x22M36\
 42H12\x22 stroke=\x22\
#0064ff\x22 stroke-\
width=\x223\x22 stroke\
-linecap=\x22square\
\x22 stroke-linejoi\
n=\x22miter\x22/></svg\
>\
\x00\x00\x03\xbc\
<\
svg viewBox=\x220 0\
 22 22\x22 fill=\x22no\
ne\x22 xmlns=\x22http:\
//www.w3.org/200\
0/svg\x22><g id=\x22SV\
GRepo_bgCarrier\x22\
 stroke-width=\x220\
\x22></g><g id=\x22SVG\
Repo_tracerCarri\
er\x22 stroke-linec\
ap=\x22round\x22 strok\
e-linejoin=\x22roun\
d\x22></g><g id=\x22SV\
GRepo_iconCarrie\
r\x22> <path d=\x22M4.\
97879 4.63551C4.\
97887 4.63462 4.\
97895 4.63373 4.\
97903 4.63284C4.\
97992 4.63276 4.\
98081 4.63267 4.\
9817 4.63259C5.4\
3849 4.59036 6.0\
7532 4.54622 6.7\
9718 4.51753C8.2\
5652 4.45955 9.9\
9036 4.46795 11.\
2768 4.65973C11.\
3353 4.66845 11.\
4111 4.70095 11.\
4872 4.77708L19.\
2406 12.5304C19.\
4358 12.7257 19.\
4358 13.0423 19.\
2406 13.2375L13.\
5837 18.8944C13.\
3884 19.0897 13.\
0719 19.0897 12.\
8766 18.8944L5.1\
2325 11.141C5.04\
711 11.0649 5.01\
462 10.9891 5.00\
59 10.9306C4.814\
12 9.6442 4.8057\
3 7.91035 4.8637\
3 6.451C4.89241 \
5.72913 4.93656 \
5.0923 4.97879 4\
.63551Z\x22 stroke=\
\x22#0064ff\x22 stroke\
-width=\x222\x22 strok\
e-linecap=\x22round\
\x22></path> <circl\
e cx=\x229.4346\x22 cy\
=\x229.17334\x22 r=\x221\x22\
 transform=\x22rota\
te(-45 9.4346 9.\
17334)\x22 fill=\x22#0\
064ff\x22></circle>\
 </g></svg>\
\x00\x00\x03\xdb\
<\
svg viewBox=\x220 0\
 24 24\x22 xmlns=\x22h\
ttp://www.w3.org\
/2000/svg\x22 fill=\
\x22#0161f5\x22><g id=\
\x22SVGRepo_bgCarri\
er\x22 stroke-width\
=\x220\x22></g><g id=\x22\
SVGRepo_tracerCa\
rrier\x22 stroke-li\
necap=\x22round\x22 st\
roke-linejoin=\x22r\
ound\x22></g><g id=\
\x22SVGRepo_iconCar\
rier\x22> <title></\
title> <g id=\x22Co\
mplete\x22> <g id=\x22\
F-File\x22> <g id=\x22\
Text\x22> <g> <path\
 d=\x22M18,22H6a2,2\
,0,0,1-2-2V4A2,2\
,0,0,1,6,2h7.1a2\
,2,0,0,1,1.5.6l4\
.9,5.2A2,2,0,0,1\
,20,9.2V20A2,2,0\
,0,1,18,22Z\x22 fil\
l=\x22none\x22 id=\x22Fil\
e\x22 stroke=\x22#0161\
f5\x22 stroke-linec\
ap=\x22round\x22 strok\
e-linejoin=\x22roun\
d\x22 stroke-width=\
\x222\x22></path> <lin\
e fill=\x22none\x22 st\
roke=\x22#0161f5\x22 s\
troke-linecap=\x22r\
ound\x22 stroke-lin\
ejoin=\x22round\x22 st\
roke-width=\x222\x22 x\
1=\x227.9\x22 x2=\x2216.1\
\x22 y1=\x2217.5\x22 y2=\x22\
17.5\x22></line> <l\
ine fill=\x22none\x22 \
stroke=\x22#0161f5\x22\
 stroke-linecap=\
\x22round\x22 stroke-l\
inejoin=\x22round\x22 \
stroke-width=\x222\x22\
 x1=\x227.9\x22 x2=\x2216\
.1\x22 y1=\x2213.5\x22 y2\
=\x2213.5\x22></line> \
<line fill=\x22none\
\x22 stroke=\x22#0161f\
5\x22 stroke-lineca\
p=\x22round\x22 stroke\
-linejoin=\x22round\
\x22 stroke-width=\x22\
2\x22 x1=\x228\x22 x2=\x2213\
\x22 y1=\x229.5\x22 y2=\x229\
.5\x22></line> </g>\
 </g> </g> </g> \
</g></svg>\
\x00\x00\x13\xc3\
<\
?xml version=\x221.\
0\x22 encoding=\x22utf\
-8\x22?>\x0a<!-- Gener\
ator: Adobe Illu\
strator 28.3.0, \
SVG Export Plug-\
In . SVG Version\
: 6.00 Build 0) \
 -->\x0a<svg versio\
n=\x221.1\x22\x0a\x09 id=\x22sv\
g1\x22 xmlns:inksca\
pe=\x22http://www.i\
nkscape.org/name\
spaces/inkscape\x22\
 xmlns:sodipodi=\
\x22http://sodipodi\
.sourceforge.net\
/DTD/sodipodi-0.\
dtd\x22 xmlns:svg=\x22\
http://www.w3.or\
g/2000/svg\x22 inks\
cape:version=\x221.\
3 (0e150ed6c4, 2\
023-07-21)\x22 sodi\
podi:docname=\x22lo\
go.svg\x22\x0a\x09 xmlns=\
\x22http://www.w3.o\
rg/2000/svg\x22 xml\
ns:xlink=\x22http:/\
/www.w3.org/1999\
/xlink\x22 x=\x220px\x22 \
y=\x220px\x22 viewBox=\
\x220 0 209.1 223.7\
\x22\x0a\x09 style=\x22enabl\
e-background:new\
 0 0 209.1 223.7\
;\x22 xml:space=\x22pr\
eserve\x22>\x0a<style \
type=\x22text/css\x22>\
\x0a\x09.st0{fill:#EE8\
1B5;}\x0a\x09.st1{fill\
:#E03989;}\x0a\x09.st2\
{fill:#CCA4E3;}\x0a\
\x09.st3{fill:#A552\
9F;}\x0a\x09.st4{fill:\
#2E4E7E;}\x0a\x09.st5{\
fill:#5075B9;}\x0a<\
/style>\x0a<sodipod\
i:namedview  bor\
dercolor=\x22#00000\
0\x22 borderopacity\
=\x220.25\x22 id=\x22name\
dview1\x22 inkscape\
:current-layer=\x22\
layer1\x22 inkscape\
:cx=\x22166.95193\x22 \
inkscape:cy=\x226.8\
363936\x22 inkscape\
:deskcolor=\x22#d1d\
1d1\x22 inkscape:do\
cument-units=\x22mm\
\x22 inkscape:pagec\
heckerboard=\x220\x22 \
inkscape:pageopa\
city=\x220.0\x22 inksc\
ape:showpageshad\
ow=\x222\x22 inkscape:\
window-height=\x221\
334\x22 inkscape:wi\
ndow-maximized=\x22\
1\x22 inkscape:wind\
ow-width=\x222560\x22 \
inkscape:window-\
x=\x22-11\x22 inkscape\
:window-y=\x22296\x22 \
inkscape:zoom=\x221\
.3896216\x22 pageco\
lor=\x22#ffffff\x22>\x0a\x09\
</sodipodi:named\
view>\x0a<g id=\x22lay\
er1\x22 transform=\x22\
translate(-72.33\
7201,-167.31801)\
\x22 inkscape:group\
mode=\x22layer\x22 ink\
scape:label=\x22\xe9\x8d\xa5\
\xe6\x83\xa7\xe7\x9c\xb0 1\x22>\x0a\x09\x0a\x09\x09<\
path id=\x22path218\
518-6-4\x22 inkscap\
e:transform-cent\
er-x=\x22-2.2251556\
\x22 inkscape:trans\
form-center-y=\x221\
3.862198\x22 sodipo\
di:nodetypes=\x22ss\
ssccsss\x22 class=\x22\
st0\x22 d=\x22\x0a\x09\x09M73.4\
,241.7c-0.9,0-1.\
3-0.9-0.9-1.7c0.\
4-1,30.5-65.7,33\
.6-72.2c0.1-0.3,\
0.5-0.2,0.5-0.1c\
0.1,0.1,31.4,23.\
3,36.5,30.9l10,4\
3.2\x0a\x09\x09c0.3,0-29.\
8,0.3-34.7,0.1C1\
13.7,241.6,94.5,\
241.9,73.4,241.7\
L73.4,241.7z\x22/>\x0a\
\x09\x0a\x09\x09<path id=\x22pa\
th218518-6-4-8\x22 \
inkscape:transfo\
rm-center-x=\x22-8.\
8980835\x22 inkscap\
e:transform-cent\
er-y=\x22-2.8000324\
\x22 sodipodi:nodet\
ypes=\x22ssssccsss\x22\
 class=\x22st1\x22 d=\x22\
\x0a\x09\x09M186.5,168.9c\
0.4-0.8-0.2-1.5-\
1.1-1.6c-1.1,0-7\
1.7-0.1-78.9,0c-\
0.3,0-0.4,0.4-0.\
4,0.4c0.1,0.2,7.\
8,38.5,12.5,46.4\
l34.6,27.5\x0a\x09\x09c-0\
.1,0.3,12.7-27.1\
,14.6-31.6C169.6\
,205.7,177.8,188\
.3,186.5,168.9L1\
86.5,168.9z\x22/>\x0a\x09\
\x0a\x09\x09<path id=\x22pat\
h218518-6-4-3\x22 i\
nkscape:transfor\
m-center-x=\x222.28\
54322\x22 inkscape:\
transform-center\
-y=\x22-13.855386\x22 \
sodipodi:nodetyp\
es=\x22ssssccsss\x22 c\
lass=\x22st2\x22 d=\x22\x0a\x09\
\x09M266.4,167.5c0.\
9,0,1.3,0.8,1,1.\
7c-0.4,1-30.3,65\
.7-33.4,72.3c-0.\
1,0.3-0.5,0.2-0.\
5,0.1c-0.1-0.1-3\
1.4-23.2-36.6-30\
.8l-10.1-43.1\x0a\x09\x09\
c-0.3,0,29.8-0.3\
,34.7-0.2C226.2,\
167.6,245.3,167.\
3,266.4,167.5L26\
6.4,167.5z\x22/>\x0a\x09\x0a\
\x09\x09<path id=\x22path\
218518-6-4-8-1\x22 \
inkscape:transfo\
rm-center-x=\x228.8\
627697\x22 inkscape\
:transform-cente\
r-y=\x222.8316353\x22 \
sodipodi:nodetyp\
es=\x22ssssccsss\x22 c\
lass=\x22st3\x22 d=\x22\x0a\x09\
\x09M153.5,240.5c-0\
.4,0.8,0.2,1.5,1\
.1,1.6c1.1,0,71.\
7-0.1,78.9-0.2c0\
.3,0,0.4-0.4,0.4\
-0.4c-0.1-0.2-7.\
9-38.5-12.6-46.4\
l-34.6-27.4\x0a\x09\x09c0\
.1-0.3-12.6,27.1\
-14.5,31.6C170.3\
,203.7,162.1,221\
.1,153.5,240.5L1\
53.5,240.5z\x22/>\x0a\x09\
\x0a\x09\x09<path id=\x22pat\
h218518-6-4-3-8\x22\
 inkscape:transf\
orm-center-x=\x22-2\
.2628138\x22 inksca\
pe:transform-cen\
ter-y=\x2213.857858\
\x22 sodipodi:nodet\
ypes=\x22ssssccsss\x22\
 class=\x22st4\x22 d=\x22\
\x0a\x09\x09M121.1,316.3c\
-0.9,0-1.3-0.9-1\
-1.7c0.4-1,30.4-\
65.7,33.5-72.2c0\
.1-0.3,0.5-0.2,0\
.5-0.1c0.1,0.1,3\
1.4,23.3,36.5,30\
.8l10.1,43.1\x0a\x09\x09c\
0.3,0-29.8,0.3-3\
4.7,0.2C161.4,31\
6.2,142.2,316.4,\
121.1,316.3L121.\
1,316.3z\x22/>\x0a\x09\x0a\x09\x09\
<path id=\x22path21\
8518-6-4-8-1-2\x22 \
inkscape:transfo\
rm-center-x=\x22-8.\
8760268\x22 inkscap\
e:transform-cent\
er-y=\x22-2.8181124\
\x22 sodipodi:nodet\
ypes=\x22ssssccsss\x22\
 class=\x22st5\x22 d=\x22\
\x0a\x09\x09M234.1,243.4c\
0.4-0.8-0.2-1.5-\
1.1-1.6c-1.1,0-7\
1.7,0-78.9,0.1c-\
0.3,0-0.4,0.4-0.\
4,0.4c0.1,0.2,7.\
9,38.5,12.5,46.4\
l34.6,27.4\x0a\x09\x09c-0\
.1,0.3,12.7-27.1\
,14.6-31.6C217.3\
,280.2,225.5,262\
.8,234.1,243.4L2\
34.1,243.4z\x22/>\x0a\x09\
\x0a\x09\x09<path id=\x22pat\
h218518-6-4-3-8-\
3\x22 inkscape:tran\
sform-center-x=\x22\
2.2418935\x22 inksc\
ape:transform-ce\
nter-y=\x22-13.8601\
96\x22 sodipodi:nod\
etypes=\x22ssssccss\
s\x22 class=\x22st3\x22 d\
=\x22\x0a\x09\x09M199.8,316.\
3c0.9,0,1.3,0.9,\
0.9,1.7c-0.4,1-3\
0.4,65.7-33.5,72\
.2c-0.1,0.3-0.5,\
0.2-0.5,0.1c-0.1\
-0.1-31.4-23.3-3\
6.5-30.8l-10.1-4\
3.2\x0a\x09\x09c-0.3,0,29\
.8-0.3,34.7-0.2C\
159.5,316.3,178.\
7,316.1,199.8,31\
6.3z\x22/>\x0a\x09\x0a\x09\x09<pat\
h id=\x22path218518\
-6-4-8-1-2-0\x22 in\
kscape:transform\
-center-x=\x228.888\
2819\x22 inkscape:t\
ransform-center-\
y=\x222.8066646\x22 so\
dipodi:nodetypes\
=\x22ssssccsss\x22 cla\
ss=\x22st2\x22 d=\x22\x0a\x09\x09M\
86.8,389.1c-0.4,\
0.8,0.2,1.5,1.1,\
1.6c1.1,0,71.7,0\
,78.9,0c0.3,0,0.\
4-0.4,0.4-0.4c-0\
.1-0.2-7.8-38.5-\
12.5-46.4L120,31\
6.4\x0a\x09\x09c0.1-0.3-1\
2.7,27.1-14.6,31\
.6C103.6,352.3,9\
5.4,369.7,86.8,3\
89.1L86.8,389.1z\
\x22/>\x0a\x09\x0a\x09\x09<path id\
=\x22path218518-6-4\
-3-8-3-4\x22 inksca\
pe:transform-cen\
ter-x=\x22-2.262813\
8\x22 inkscape:tran\
sform-center-y=\x22\
13.857858\x22 sodip\
odi:nodetypes=\x22s\
sssccsss\x22 class=\
\x22st1\x22 d=\x22\x0a\x09\x09M168\
.3,390.9c-0.9,0-\
1.3-0.9-1-1.7c0.\
4-1,30.4-65.7,33\
.5-72.2c0.1-0.3,\
0.5-0.2,0.5-0.1c\
0.1,0.1,31.4,23.\
3,36.5,30.8l10.1\
,43.1\x0a\x09\x09c0.3,0-2\
9.8,0.3-34.7,0.2\
C208.6,390.8,189\
.5,391.1,168.3,3\
90.9L168.3,390.9\
z\x22/>\x0a\x09\x0a\x09\x09<path i\
d=\x22path218518-6-\
4-8-1-2-0-5\x22 ink\
scape:transform-\
center-x=\x22-8.876\
0268\x22 inkscape:t\
ransform-center-\
y=\x22-2.8181124\x22 s\
odipodi:nodetype\
s=\x22ssssccsss\x22 cl\
ass=\x22st0\x22 d=\x22\x0a\x09\x09\
M281.3,318c0.4-0\
.8-0.2-1.5-1.1-1\
.6c-1.1,0-71.7,0\
-78.9,0.1c-0.3,0\
-0.4,0.4-0.4,0.4\
c0.1,0.2,7.9,38.\
5,12.5,46.4l34.6\
,27.4\x0a\x09\x09c-0.1,0.\
3,12.7-27.1,14.6\
-31.6C264.5,354.\
8,272.7,337.4,28\
1.3,318L281.3,31\
8z\x22/>\x0a</g>\x0a</svg\
>\x0a\
\x00\x00\x074\
\x89\
PNG\x0d\x0a\x1a\x0a\x00\x00\x00\x0dIHDR\x00\
\x00\x00 \x00\x00\x00 \x08\x06\x00\x00\x00szz\xf4\
\x00\x00\x06\xfbIDATx\x9c\xbd\x97\xd9oT\xd7\
\x1d\xc7?\xbfs\x97\x99\xb9\xb3\xdac\x83\xed\x02\x9e\x00\
\x06\x1c\x11PQ\xa5VPJ\x89\xca\xd2T}I\xab\
\xfc\x01}\x05\xe5!\xad\xd4M\x91\x92\xb4Y\xa4\xaaU\
\x1fK\x94\xb6\xa9\xaaD\xa9\xd4*\x0f%e\xabJ\xa5\
\xaa%\x11\x098\x1b`;\x08\x1c\xcc\x18\xef\x9e1\xe3\
\x99\xb9\xcb9}\x98\xb1Yl\xc0\xa6R\xcf\xc3y\xb8\
\xcb\xf9}\xee\xef\xf7\xfd-W\x8a\xc5\xa2\xe1!\x974\
7\xf3\xd0'\x80\xfa_\x8ck\x84 \x02%\xffg\x00\
\x91\xc6v\xb4\x7f\x8a#g\x8b\x94}\x83\xf5\x90\x14+\
\x06\x10\x01A868\xcd\xf1\x81Q>\x1a\x99\xe1\x8d\
\xbe\x1b\x94\xeb\xfa\xa1 V\x04 \xcd\xfd\x9d\xc1i\x8e\
]\x1a\xc3\xb3-2q\x97\x8bc\xb3\xbc\xf1\xe1(\xb3\
\xbe^q8\x96\x0d \x02\x22\xc2\xdf\x9a\xc6mK\x9a\
\x024X\x22|r\xa3\xcc\x1f\xfbF\xb9\x19\xac,\x1c\
\xf6r\x8d\x1b#\xd45\x04\xda`\xa9yo@*\xe6\
\x90\xf3b\x94\xab>\xb5P\x13h\xa1\x1e\x1ab\xb6\x10\
\xe9\x07\xa7\xc7\x03\x01TSp\xaf\x9d\x1d\xe6z\xb9\xc6\
\xf7\xbf\xb6\x81\xb4\xebp\xaeX&\xef\xc5\xf8B.\xc1\
\xaeB\x0b~\x18b\x99\x88\xb7\xce_\xa3\xafX\xe2\xa5\
\x83[\xc8{\x0e\xe1\x03 \xee\x0b\xa0\x9an\x7f\xfd\x83\
\x22o\x9e\xbb\x86\x12!\xe9\xda\x1c\xdeY`KG\x8e\
D\xcc\xa1\xd5\x0eA\xfb\x88k\xd0X\x0c\x95|\xfe\xfa\
q\x910\xd2\xbc\xf4\xcd^V%\x1d\xa2\xfb0\xdcS\
\x03\xf3\xc6\x7f\xff~\x91\xb7\xfa\xae\xd3\x99I\xe0X\xc2\
\xb1\x8b#\xfc\xfa_Whu#\xda\x9c\x00\x1d\x05h\
c\x884Xh\x9e\xde\xbd\x91mk\xf2\xbc74\xcd\
\xd0L\x1d\xc4Z\xb9\x07\xe6\xd5\xfe\x87sE^?;\
\xc4\xeat\x1cCCp\x188~i\x04/fs\xe8\
+k\xb1\x00\xd3|'\xd2\x86B\xab\xc7\xe1=[0\
a\x95\xad]9.\xcch\xda\xe3\x8a\xb6\x98f\xa9h\
,\x02\x10\xc0\xb2\x14o\xf6\xdd\xe0\xd53W\xc9&l\
\x5c\xdbblv\x0e\x03(\x05\xf5@3[\x8b@\x14\
\x98\x08\x03\xd4\xb5\x10\xb7\xa0Z\xad\xf2\xad\x9e,5\x9d\
\xe5r\xc9P\xf15s\x01(Q\xb4\xb8zQ\xd9V\
w\x1b\x17\x11\x8c\x81\xael\x9c\x8el\x02\x850q\xb3\
\x06@\xd2u\xf0C\xc3\xd6\x8e\x1c\xdf\xfbR\x17\x0e\x1a\
\x03XJ\xf1\xf6\xa7\xa3\xfc\xee\x83\x22J\x84Zd\xb8\
\x5c\xd2T\x83\x08\xaby\xde\xd5\xb2f\xdaW\xdc\x9d\xa0\
\x0b\x00J\x1a\x07\x1dy\xefs^9}\x99=\x85\x16\
~\xb4w\x13\xe9\x84K\xc5\x0fPJ\xa8\x06\x11\x8fu\
\xb5\xf0\xec\xbe\xcd\xacoK\xa3\x9b\xefZ\x96\xc5\x81\x9e\
<\x8f\xadJ\x12\x18a*p\x88\xf4\xad`\xaa\xdb!\
\x02\xd5(\xe5\xb7\x87@\x04\x94R\xbc\xfa\xee\x10\xbf<\
=\x88\xa5\x04/f\xf3\xcc\xee\x02\x87v\x16x\xf9\x1f\
\x03\xcc\xd6\x02\x1e\xed\xc8\xf1\xd3\xc77\xd0\xdd\x12'R\
6P\x07\xc0\x88\xa2\xb3%\xcd\xea\x94\x8b\x1fi\xf2\x09\
\x8bP\xbb\x8c\xce\xd6@d\xc1\xb3\xda\x18\xae\x965d\
\x14-N\xc3{\xf6\xbc\xe0~sf\x88_\x9c\x1e\xc0\
\xb1\x14I\xd7\xe6O\xe7\xae\xa1\xb5\xe1\x99\xdd\x05\x82=\
=\x1c\xef\x9f\xe0\xd0\xceu\xcc\xd4\x0d\x93\xc5\x0a\xdb:\
tC\x94@\xe8\xd7Q\xb18\xa1\x06\x8c\xc6&\xc4 \
\x8b\xca\xb2jB\x5c)k\xac\xac\x22c\xeb\x86\x07B\
m\x18\x98\x98#\xd4\x86\xa4\xab\xc8\xc6]&+5~\
\xfb\xee\x15\x8c1\x1c\xdeU`Ww\x8e\xfe\xc9:\xa7\
\x06\xa70\x18\xe2N;\x9bZ\x9d\x85j\xe7\xd7k\x0b\
Jr\x88P4\xb2C5#1/>\x11\xc1\xb3\x15\
\x8ej\x5cP\x06p\x94\xf0\xdc\xbe\x1e\xbe\xb3}-\xf5\
P\xe3G\x111\xa7\x91`\xe7\x8ben\xfa\x9a\xc1\xa9\
\x1a\x7f\xffl\x8aHk\xeaA\xc4\x85\xf1\x1a\xb6\x1b\xbf\
#\x9e\x8e\x12\xae\x94|^;;L\xce\x0e\xe9J;\
\x0b\xf7E@\x1b\xf0\x1cE!mH(}\x0bP\x1b\
C&f\xf1\xfc\xfeM<\xf5\xc5\xb5D\x06n\xd6\x02\
zW\xe7xn\xdffnTBN\x0eN\xe3GQ\
CtJ\x18\x9e\xa9p\xbd\x02\xb6\x13o\xe8\x00\x98\xac\
CM[\x1c\xbb8\xca\xf3'.\xd1\xeaDt\xa4m\
\x84\x86\x07\x92n\xc3x\xbci|A\x84\xf3aH\xb9\
\x8a\x1f?\xbe\x11_\x1b\x06\xc6fy\xf1\x89^\x02#\
\x9c\x18\x98$\x08#\x94\x08\x8e\xa5\xb0-\xa1T\xf59\
\xfa\xf10On_\xc3*\xc7\x224P\x0d,\xde\xbf\
6A\xa9Z\xe7\xed\xcf'\xc8%\x5c~\xb0w\x03&\
eS\xaak\xbaS\x86\xb8\xdc2~\x07\x004*Y\
\xc2\x16~\xb8g=s\x81\xa6\xec\xc3\xf1\x81I\xfc\xa6\
q\x03D\xc6\xb0.\x9b\xe4\x91|\x8aR\xd5'\xf4\xab\
\x9c\x1c\x9aamK\x8a\xf6\x5c\x0a\xad5c\xe5*q\
Gq\xf4\xc2\x08\x22\xf0\xf4W\xd7\xd3\x9e\xb1\xb0\xcc\x9d\
\xc6\x17\x01\xccC\xb4\xc4mZ\x12\xc2\xa7\x97g\xa9\x06\
\x11\xb6\x9a\xcf\x15\xb0\x95P\xc8g\xd8\xd1\x95$\x0a\xaa\
h\xad9\xd1?N\xdf\xf5A\xbe\xde\xb3\x9a\x81\xb12\
\x916d\xe2.J\x09\xe7\x86K\x94k!\x19W\x08\
\x97S\x8ai~\xa5`\xd8\xdd\x9d\xa4\x1aD\xf4\x8fW\
@\x1a} \xe9:$]\x81\xa8\x862\x11\x96R\xbc\
\xb0\x7f\x13\xe7G*\x1c9s\x85\x7f_\x1eC\x04\x82\
\xc8\xb0.\x9b\xe0g\x07{Y\x93\xb9w[\xbeg7\
4\x06\xe2\x16\x1c\xd8\x98akG\x9aP\x1b\x82\xc8\x90\
\x8a\xd9t\xa7\x05\xc7\xb2@,\x22\xad\xb1\xc5\xb0k]\
\x8a#O\xed\xe0W\xdf\xfd21\xdb\x22\x1b\xb7y\xe1\
\xc0\x16\xb6ux\xf7\x9d\x09\xee;\x0fh\x031\x0b\xf6\
\x16RT\x83\x90\xa9j\xc8\xbe\x8d9\xfe\xf9\xd98\x99\
\xa4\xc7\xfe\x8dy\xca\x95J\xa3\x19\x85\x1a[\x05<\xb9\
u5\x9e\xb5\x83\xd6\xb8b{G\x8aZ\x10\xa1\x94Z\
(Zw/Y\xce\x8f\x89\x12\x98\x0b\x0d\xbe\x16\xfes\
u\x8a\x9f\xbc\xf3\x09\x9ec\xf1\xca\xb7\xb7\xb1\xf7\x91,\
A\xa4\x17\x9e\x15\xc0\xb6\x14\x880:6\xce\xe4\xc4$\
m\xedm\xe4\xdb\xf2`@k\x8d\x8e4\x06\x83m\xdb\
\xcb\x9b\x09\xb5\x01\xcf\x16bF850N\xa9\xea\xe3\
\x87\x8a\x9f\x9f\xbc\x88\x1cx\x94=\x85\x0ca\x13\xc2\x00\
A\xa4QJQ\xaf\xd5q]\x97\x99\xe9\x19l\xdb&\
\x0cC\x8c6LOO\x03\xb0\xae{\xdd\xf2\xa7bm\
\x1a\x8d\xe3\xd9o\xf4p\xb0\xb7\x13?\xd4\x0cM\xcd\xf2\
\x97\x8fF\xb8Qe\xc9IXkM\x18\x86d\xb3Y\
\xca\xa52\xa5R\x89\x89\xf1\x09\x8c1\x04A\xc0@\xff\
\xc0\xca\xfe\x0b\x22chKX\xbc\xfcD/\xfb\xb6t\
\x11j\xc3\xa9\x8b\xc3\xfc\xf9\xc3\x22\xb2\xc4\xe8\xe5\xba.\
\x9d]\x9dx\x9e\xb7\x00d;6\x9e\xe7\xe1y\x1e\x8e\
\xe3,/\x04\xb7\xafP\x1b\xf2q\x8b\x17\x0fn&\xd4\
\x9a\xfe\xb1Yvtz\x18\x13-\xfa\xfa\xd6|+J\
),\xcb\x22\x0cC\xfc\xc0'\x9dN#\xb75\x90e\
\x89p\xa9e+a\xac\x122U\x0d\xe8mO\x10,\
1\xfa\x8a\x08A\x10077G2\x99\xc4q\x9cE\
\xd9\xf0\xd0\x00\x00\x96\x08\x22,\x99\xe7\x22\xc2\xdc\xdc\x1c\
\xc5\xebE\x5c\xd7\xc5u]::;\x16\x01\xfc\x17\x8c\
\x9fJ\xdcK\xe3H\xf3\x00\x00\x00\x00IEND\xae\
B`\x82\
\x00\x00\x02q\
<\
?xml version=\x221.\
0\x22 encoding=\x22UTF\
-8\x22?><svg width=\
\x2232\x22 height=\x2232\x22\
 viewBox=\x220 0 48\
 48\x22 fill=\x22none\x22\
 xmlns=\x22http://w\
ww.w3.org/2000/s\
vg\x22><path d=\x22M39\
.3 6H8.7C7.20883\
 6 6 7.20883 6 8\
.7V39.3C6 40.791\
2 7.20883 42 8.7\
 42H39.3C40.7912\
 42 42 40.7912 4\
2 39.3V8.7C42 7.\
20883 40.7912 6 \
39.3 6Z\x22 fill=\x22n\
one\x22 stroke=\x22#00\
64ff\x22 stroke-wid\
th=\x223\x22 stroke-li\
nejoin=\x22miter\x22/>\
<path d=\x22M32 6V2\
4H15V6H32Z\x22 fill\
=\x22none\x22 stroke=\x22\
#0064ff\x22 stroke-\
width=\x223\x22 stroke\
-linejoin=\x22miter\
\x22/><path d=\x22M26 \
13V17\x22 stroke=\x22#\
0064ff\x22 stroke-w\
idth=\x223\x22 stroke-\
linecap=\x22square\x22\
/><path d=\x22M10.9\
971 6H35.9986\x22 s\
troke=\x22#0064ff\x22 \
stroke-width=\x223\x22\
 stroke-linecap=\
\x22square\x22/></svg>\
\
\x00\x00\x08Q\
<\
svg viewBox=\x220 0\
 24 24\x22 fill=\x22no\
ne\x22 xmlns=\x22http:\
//www.w3.org/200\
0/svg\x22><g id=\x22SV\
GRepo_bgCarrier\x22\
 stroke-width=\x220\
\x22></g><g id=\x22SVG\
Repo_tracerCarri\
er\x22 stroke-linec\
ap=\x22round\x22 strok\
e-linejoin=\x22roun\
d\x22></g><g id=\x22SV\
GRepo_iconCarrie\
r\x22> <path d=\x22M23\
 12C23 18.0751 1\
8.0751 23 12 23C\
5.92487 23 1 18.\
0751 1 12C1 5.92\
487 5.92487 1 12\
 1C18.0751 1 23 \
5.92487 23 12ZM3\
.00683 12C3.0068\
3 16.9668 7.0332\
1 20.9932 12 20.\
9932C16.9668 20.\
9932 20.9932 16.\
9668 20.9932 12C\
20.9932 7.03321 \
16.9668 3.00683 \
12 3.00683C7.033\
21 3.00683 3.006\
83 7.03321 3.006\
83 12Z\x22 fill=\x22#0\
161f5\x22></path> <\
path d=\x22M13.5 18\
C13.5 18.8284 12\
.8284 19.5 12 19\
.5C11.1716 19.5 \
10.5 18.8284 10.\
5 18C10.5 17.171\
6 11.1716 16.5 1\
2 16.5C12.8284 1\
6.5 13.5 17.1716\
 13.5 18Z\x22 fill=\
\x22#0161f5\x22></path\
> <path d=\x22M11 1\
2V14C11 14 11 15\
 12 15C13 15 13 \
14 13 14V12C13 1\
2 13.4792 11.862\
9 13.6629 11.788\
3C13.6629 11.788\
3 13.9969 11.669\
1 14.2307 11.489\
6C14.4646 11.310\
2 14.6761 11.097\
 14.8654 10.8503\
C15.0658 10.6035\
 15.2217 10.3175\
 15.333 9.99221C\
15.4443 9.66693 \
15.5 9.4038 15.5\
 9C15.5 8.32701 \
15.3497 7.63675 \
15.0491 7.132C14\
.7596 6.61604 14\
.3476 6.21786 13\
.8132 5.93745C13\
.2788 5.64582 12\
.6553 5.5 11.942\
7 5.5C11.4974 5.\
5 11.1021 5.5560\
8 10.757 5.66825\
C10.4118 5.7692 \
10.1057 5.9094 9\
.83844 6.08887C9\
.58236 6.25712 9\
.36525 6.4478 9.\
18711 6.66091C9.\
02011 6.86281 8.\
8865 7.0591 8.78\
629 7.24978C8.68\
609 7.44046 8.61\
929 7.6087 8.585\
89 7.75452C8.519\
08 7.96763 8.491\
25 8.14149 8.502\
38 8.27609C8.524\
65 8.41069 8.591\
45 8.52285 8.702\
79 8.61258C8.814\
13 8.70231 8.986\
7 8.79765 9.2205\
1 8.8986C9.46546\
 8.97712 9.65473\
 9.00516 9.78834\
 8.98273C9.93308\
 8.96029 10.05 8\
.89299 10.1391 8\
.78083C10.1391 8\
.78083 10.6138 8\
.10569 10.7474 7\
.97109C10.8922 7\
.82528 11.0703 7\
.71312 11.2819 7\
.6346C11.4934 7.\
54487 11.7328 7.\
5 12 7.5C12.579 \
7.5 13.0076 7.64\
021 13.286 7.920\
62C13.5754 8.189\
82 13.6629 8.416\
29 13.6629 8.932\
25C13.6629 9.279\
96 13.6017 9.560\
38 13.4792 9.773\
49C13.3567 9.986\
6 13.1953 10.160\
5 12.9949 10.295\
1C12.9949 10.295\
1 12.7227 10.399\
1 12.5 10.5C12.2\
885 10.5897 11.9\
001 10.7381 11.6\
997 10.8503C11.5\
104 10.9512 11.4\
043 11.0573 11.2\
819 11.2144C11.1\
594 11.3714 11 1\
1.7308 11 12Z\x22 f\
ill=\x22#0161f5\x22></\
path> </g></svg>\
\
\x00\x00\x04~\
\x00\
\x00\x01\x00\x01\x00\x10\x10\x00\x00\x01\x00 \x00h\x04\x00\
\x00\x16\x00\x00\x00(\x00\x00\x00\x10\x00\x00\x00 \x00\x00\
\x00\x01\x00 \x00\x00\x00\x00\x00\x00\x04\x00\x00\x12\x0b\x00\
\x00\x12\x0b\x00\x00\x00\x00\x00\x00\x00\x00\x00\x00da^\
\xff`Z_\xffda^\xff__^\xffXY_\
\xffZ[_\xff[[_\xff[[_\xff[[_\
\xff[[_\xff[[_\xff[[_\xff[[_\
\xff[[_\xffb`^\xffda^\xff\x1b\x17\x13\
\xff)3\x0d\xff\x19\x16\x12\xff2 \x11\xffP<\x0d\
\xffE3\x0e\xffB1\x0e\xffD2\x0e\xffD2\x0e\
\xffD2\x0e\xffD2\x0e\xffD2\x0e\xffD3\x0e\
\xffA1\x0e\xff \x1a\x12\xff\x1a\x16\x13\xff% \x1f\
\xfff\xa0\x08\xffe\xa2\x08\xffNW\x15\xffxT\x17\
\xff\xb7\x83\x11\xff\xc2\x8d\x0f\xff\xb9\x86\x11\xff\xb9\x86\x11\
\xff\xb8\x86\x11\xff\xba\x87\x10\xff\xba\x87\x10\xff\xb8\x86\x11\
\xff\xc3\x8d\x0f\xfffN\x18\xff\x1d\x1c \xff$\x1e\x1d\
\xff`\x97\x07\xffw\xc5\x00\xffn\xb9\x01\xffDp\x0d\
\xff:2\x19\xff\x88d\x13\xff\xb4\x84\x11\xff\xb6\x85\x11\
\xff\xb8\x85\x0f\xff\xb0\x7f\x0f\xff\xaf\x7f\x0f\xff\xad~\x0f\
\xff\xbb\x86\x0e\xffoS\x15\xff\x1a\x1a\x1e\xff$\x1e\x1d\
\xff`\x98\x07\xffs\xbc\x01\xffo\xb3\x03\xff|\xcc\x00\
\xffP\x81\x0d\xff\x1e\x15\x1a\xffF2\x0c\xffR9\x0b\
\xffvW\x12\xff\xb0\x80\x10\xff\xb3\x82\x0e\xff\xae~\x0f\
\xff\xbc\x87\x0e\xffmR\x15\xff\x1a\x1a\x1e\xff$\x1e\x1d\
\xff`\x98\x07\xffs\xbd\x01\xffq\xb9\x01\xffe\xa4\x06\
\xff25\x10\xff!$-\xff\x11:j\xff\x116b\
\xff\x17\x1a#\xffI7\x13\xff\xad~\x10\xff\xb0\x7f\x0f\
\xff\xbb\x87\x0e\xffnR\x15\xff\x1a\x1a\x1e\xff$\x1e\x1d\
\xff`\x98\x07\xffs\xbd\x01\xffq\xbc\x03\xff:H\x0d\
\xff\x17 @\xff\x06h\xd2\xff\x02r\xee\xff\x02s\xef\
\xff\x0d`\xbc\xff\x14\x1c*\xffgL\x12\xff\xb7\x85\x0f\
\xff\xba\x86\x0e\xffnR\x15\xff\x1a\x1a\x1e\xff$\x1e\x1d\
\xff`\x97\x07\xffv\xc2\x00\xffe\xa3\x07\xff( \x11\
\xff\x0cT\xa5\xff\x00r\xf1\xff\x04j\xdb\xff\x04j\xdb\
\xff\x01t\xf4\xff\x0fD\x80\xff:(\x0d\xff\xac~\x12\
\xff\xbc\x88\x0e\xffmR\x15\xff\x1a\x1a\x1e\xff$\x1e\x1d\
\xff`\x97\x07\xffw\xc4\x00\xffa\x9a\x07\xff$\x1e\x18\
\xff\x09^\xbc\xff\x02n\xe6\xff\x03k\xde\xff\x04j\xdc\
\xff\x02q\xeb\xff\x0cM\x99\xff5%\x0e\xff\xa9|\x12\
\xff\xbd\x88\x0e\xffmR\x15\xff\x1a\x1a\x1e\xff$\x1e\x1d\
\xff`\x98\x07\xffu\xc0\x01\xffj\xae\x06\xff,'\x0e\
\xff\x11E\x83\xff\x00v\xf7\xff\x03m\xe2\xff\x02n\xe5\
\xff\x00s\xf2\xff\x19;]\xff(\x1e\x11\xff\x94m\x14\
\xff\xc1\x8b\x0d\xfflQ\x15\xff\x1a\x1a\x1e\xff$\x1e\x1d\
\xff`\x98\x07\xffs\xbc\x01\xfft\xbf\x01\xffKm\x0d\
\xff\x1c\x12!\xff\x10M\x91\xff\x06i\xd3\xff\x07g\xcf\
\xff\x13@w\xff#\x16\x18\xff\x1b\x19\x1f\xffM=\x18\
\xff\xc2\x8b\x0d\xfflQ\x15\xff\x1a\x1a\x1e\xff$\x1e\x1d\
\xff`\x98\x07\xffs\xbe\x01\xffo\xb6\x02\xffq\xba\x02\
\xffHf\x0d\xff'\x1e\x12\xff\x1e\x1d)\xff\x1f\x1b%\
\xff*%\x10\xffPx\x0c\xff5@\x17\xff\x1b\x16\x1e\
\xff\x9cr\x10\xfftV\x15\xff\x19\x19\x1e\xff$\x1e\x1d\
\xff`\x97\x07\xffs\xbd\x01\xffo\xb5\x02\xffp\xb6\x02\
\xffs\xbf\x01\xffe\xa3\x07\xffW\x83\x08\xffX\x86\x08\
\xffh\xa9\x07\xffy\xca\x00\xffS|\x0c\xff\x15\x0f\x1f\
\xff_I\x16\xffvX\x14\xff\x18\x18\x1e\xff$\x1f\x1d\
\xffc\x9e\x06\xffu\xc1\x00\xffq\xb9\x02\xffr\xba\x01\
\xffq\xb9\x02\xfft\xbf\x01\xffv\xc4\x01\xffv\xc4\x01\
\xffs\xbc\x01\xffr\xbc\x01\xffj\xab\x04\xff%&\x1b\
\xff1(\x1b\xffYE\x17\xff\x1f\x1d\x1e\xff\x22\x1a\x1e\
\xffOu\x0d\xffm\xb2\x03\xffi\xa9\x04\xffi\xaa\x04\
\xffi\xaa\x04\xffi\xa9\x04\xffh\xa8\x04\xffh\xa8\x04\
\xffi\xa9\x04\xffi\xaa\x04\xffk\xae\x03\xff4@\x16\
\xff!\x1a\x1e\xff'#\x1c\xff%!\x1d\xff$ \x1d\
\xff$ \x1d\xff*,\x1b\xff*,\x1b\xff*,\x1b\
\xff*,\x1b\xff*,\x1b\xff*,\x1b\xff*,\x1b\
\xff*,\x1b\xff*,\x1b\xff+,\x1b\xff'$\x1c\
\xff%!\x1d\xff%!\x1d\xff%!\x1d\xff\x00\x00\x00\
\x00\x00\x00\x00\x00\x00\x00\x00\x00\x00\x00\x00\x00\x00\x00\x00\
\x00\x00\x00\x00\x00\x00\x00\x00\x00\x00\x00\x00\x00\x00\x00\x00\
\x00\x00\x00\x00\x00\x00\x00\x00\x00\x00\x00\x00\x00\x00\x00\x00\
\x00\x00\x00\x00\x00\x00\x00\x00\x00\x00\x00\x00\x00\
\x00\x00\x03W\
\x89\
PNG\x0d\x0a\x1a\x0a\x00\x00\x00\x0dIHDR\x00\
\x00\x000\x00\x00\x000\x08\x06\x00\x00\x00W\x02\xf9\x87\
\x00\x00\x00\x06bKGD\x00\xff\x00\xff\x00\xff\xa0\xbd\
\xa7\x93\x00\x00\x00\x09pHYs\x00\x00\x0d\xd7\x00\x00\
\x0d\xd7\x01B(\x9bx\x00\x00\x00\x07tIME\x07\
\xe7\x04\x13\x03\x14 g?\x96\xef\x00\x00\x02\xe4ID\
AThC\xedX;\x8b\x151\x18=\xd7\x07\xae\x95\
b%\xb6\xa2\x8d\x0f,\xc4F\x10AA\xf4\x07XY\
\x89(XZ,\xbakqAW\xc4\xc2\xceB\xb9h\
oi#\x88\x8dbo!\x82\x22Z\xa8 Vk%\
\x17_\xf1|;\xe6\x92\xc9$3\xc9$\xb3\xc3\xe2d\
w\xd8\x9b\xefy\xce\x97/\x99\xec\x05\x861T`\xa8\
\xc0P\x81>+0r%\xbf\x06\xec\x5c\x0f\x1cW\xc0\
V\x97\xbe\x07\xd9\xf2:\xe0\xe9\x15\xe0\x83\x9d\xbbB`\
\x098K\xa3;|\xe6l\xe3\x9e\xe7S\x82\xbd\xb8\x00\
<0q\x94\x08H\xe5\xc9\xf45\x0d6\xf5\x0c\xd6\x97\
~J|{\xcc\x95\xd8`ZRyL\x83g\xfb\xbc\
$\xbb'\xbeH\xab,?\xc1|\x07\xf8\xcc\xfdak\
\xf3\xef=\x9d\xbfD\x80\xc2\x1dZA\xf0\x8f\x16\x81\xf1\
*\x03u\xa6c[O\xa9\x10\x022f\x18e\xc2\xa2\
\xaf\xed\xb1\xe6\x09\xd8-\x14\xb4\x1c\xdc\x1f\xfc-\x06[\
\xadr\x92\x05\x05\xc9d\x14\xbd\x02&x\xc1`\xcf3\
\xe1\x0a\x0e\x13E\xc0\x07\xd6'\x0fF\x91`\x18E \
!Og\xae\xff\x17\x01\xdf\x86\xf5\xc9;+\xbb\x118\
z\x05l\xb0\xf6\xdc\x06\xcd\xfdA\x13%\xdbD=\x04\
xG\xcc;\xa2\x09Hz\x01\xad\x9f&8#(\xbe\
\xfd\x8bq\x1a\xea\xd7-`{\x93O\x8c\xbe\x15\x81\xf0\
\x04R\xf9\xf2\x98\x87\xfar\x038l\xcb\xdb\xce[\x11\
\x18\xcb\x15D\x15?+\x9f\x9d\xa3\x0a^\x9b-@\xbd\
\x90\x96*\xda\xcb\xe9\x1c,\xf4$\xf7\xfb\x0b\xe0\xb1\xc2\
om!\x9f)\xb3\xfe\xf1\xf1\x837#K{\xdd\x04\
\xb6\xf8\xb35k\xa2\x08H\xc5L\xf0\x06\x89e\xde\x18\
\xf7\x16\xf30\xf0\xda\xf72\xd4\xb7b\x937\x83uY\
\x04\x13\x18\xb3\xf2#\x85\xd9\x86\xb4\x83-*\xbcJ\x01\
\xd2\xd67\x88\x80\x80wU\xde&\x01\x95z\xafS\xea\
6\xb0\xb9\x12\xb7F\xd0H \x18\xbcN\x92H\xe2\x12\
\xd4w\x9eR\xbbk0\x97T\xb5\x04\xa2\xc1g\x22\xc1\
S\xeamhKy\x09\xf86lhe\xd2\xdbI2\
)u\x17\xd8X\x97\xd3K\x80\xdd|\xaa\xce1H\x97\
\xd8N\x92\xe3\x02\xd4\x0f\x82\xf4~?\xe5%@\xdf\x83\
A \x9b\x8c2\x90\xe0\xd1w\xde\x97\xa6D \xc7\x9b\
\xd1\x99(\x9d\xc4\xecd\xb2+^\x9a\xb3m\xf69\x01\
\xe4\x10\xa6\x93\xd0(\xf6\x9bplB\xdb\x0c\xe5\x9b\x1c\
\xb8K1\xda\x93\xf8\xac\xe3\xb0\x9dL\x8c\xbe\x8b\xd8\x8a\
\xf9\xd7\xec\x04$`;\x12\xef}X\xec\x15\xf0\xd9\xe5\
\x95\xb7#\xe1\xc4\xd0\x0f\x81\xf6+Q!a\x7f\xb1\xf5\
\xc9\xb08\xb44\xc2\xe3\x8aGVA\xf0\xdd\xe9\xa8N\
K\x8f\x8f&\x84\x12\x01\xbe\xf2&?\x813\xff\x0c\xe4\
\xe8:\x99\x15o\x86`\xdc\xc4\x133L\xa9\x85\xe6\x81\
g\x14\xdc\xcf\x90\xa7\xab\x10\x93\xab\xc0s3\xb8s\x0d\
\xaf\x03GH\xe4\x1c_l\xbb\xbaB\x12\x13\x97 \xdf\
I\xe5m\xf011\x06\xdb\xa1\x02C\x05\x86\x0atS\
\x81\xbf\x22G\x9c\xdf\xb5\xb4\xa1\x9c\x00\x00\x00\x00IE\
ND\xaeB`\x82\
\x00\x00\x06\xca\
<\
?xml version=\x221.\
0\x22 encoding=\x22UTF\
-8\x22 standalone=\x22\
no\x22?>\x0a<svg\x0a   t=\
\x221765075901095\x22\x0a\
   class=\x22icon\x22\x0a\
   viewBox=\x220 0 \
163.84 163.84\x22\x0a \
  version=\x221.1\x22\x0a\
   p-id=\x228103\x22\x0a \
  width=\x2232\x22\x0a   \
height=\x2232\x22\x0a   i\
d=\x22svg1\x22\x0a   sodi\
podi:docname=\x22pr\
ev.svg\x22\x0a   inksc\
ape:version=\x221.3\
.2 (091e20e, 202\
3-11-25, custom)\
\x22\x0a   xmlns:inksc\
ape=\x22http://www.\
inkscape.org/nam\
espaces/inkscape\
\x22\x0a   xmlns:sodip\
odi=\x22http://sodi\
podi.sourceforge\
.net/DTD/sodipod\
i-0.dtd\x22\x0a   xmln\
s=\x22http://www.w3\
.org/2000/svg\x22\x0a \
  xmlns:svg=\x22htt\
p://www.w3.org/2\
000/svg\x22>\x0a  <def\
s\x0a     id=\x22defs1\
\x22 />\x0a  <sodipodi\
:namedview\x0a     \
id=\x22namedview1\x22\x0a\
     pagecolor=\x22\
#ffffff\x22\x0a     bo\
rdercolor=\x22#0000\
00\x22\x0a     bordero\
pacity=\x220.25\x22\x0a  \
   inkscape:show\
pageshadow=\x222\x22\x0a \
    inkscape:pag\
eopacity=\x220.0\x22\x0a \
    inkscape:pag\
echeckerboard=\x220\
\x22\x0a     inkscape:\
deskcolor=\x22#d1d1\
d1\x22\x0a     inkscap\
e:zoom=\x2211.51169\
8\x22\x0a     inkscape\
:cx=\x2224.062479\x22\x0a\
     inkscape:cy\
=\x2222.064511\x22\x0a   \
  inkscape:windo\
w-width=\x221920\x22\x0a \
    inkscape:win\
dow-height=\x221010\
\x22\x0a     inkscape:\
window-x=\x22-6\x22\x0a  \
   inkscape:wind\
ow-y=\x22135\x22\x0a     \
inkscape:window-\
maximized=\x221\x22\x0a  \
   inkscape:curr\
ent-layer=\x22svg1\x22\
 />\x0a  <path\x0a    \
 d=\x22M 115.70103,\
144.2701 57.4952\
92,84.170641 c -\
0.375032,-0.3872\
37 -0.375032,-1.\
084264 0,-1.5489\
58 L 115.85104,2\
2.367334 c 0.900\
09,-0.929373 1.4\
2515,-2.245986 1\
.42515,-3.562597\
 v -0.619581 c 0\
,-2.78812 -2.175\
23,-5.034105 -4.\
8755,-5.034105 h\
 -0.60005 c -1.2\
7512,0 -2.55026,\
0.542135 -3.4503\
5,1.471508 L 44.\
669037,80.298251\
 c -1.650167,1.7\
03853 -1.650167,\
4.49197 0,6.1958\
23 l 63.456243,6\
5.520796 c 0.975\
09,1.00681 2.325\
24,1.6264 3.7503\
7,1.6264 v 0 c 2\
.92528,0 5.32553\
,-2.47832 5.3255\
3,-5.49879 v 0 c\
 0.075,-1.39406 \
-0.52506,-2.7881\
1 -1.50015,-3.87\
238 z\x22\x0a     p-id\
=\x228104\x22\x0a     fil\
l=\x22#0064ff\x22\x0a    \
 id=\x22path1\x22\x0a    \
 style=\x22stroke-w\
idth:0.135018\x22 /\
>\x0a</svg>\x0a\
\x00\x00\x02\xa9\
<\
?xml version=\x221.\
0\x22 encoding=\x22UTF\
-8\x22?><svg width=\
\x2232\x22 height=\x2232\x22\
 viewBox=\x220 0 48\
 48\x22 fill=\x22none\x22\
 xmlns=\x22http://w\
ww.w3.org/2000/s\
vg\x22><path d=\x22M21\
 38C30.3888 38 3\
8 30.3888 38 21C\
38 11.6112 30.38\
88 4 21 4C11.611\
2 4 4 11.6112 4 \
21C4 30.3888 11.\
6112 38 21 38Z\x22 \
fill=\x22none\x22 stro\
ke=\x22#0064ff\x22 str\
oke-width=\x223\x22 st\
roke-linejoin=\x22m\
iter\x22/><path d=\x22\
M21 15L21 27\x22 st\
roke=\x22#0064ff\x22 s\
troke-width=\x223\x22 \
stroke-linecap=\x22\
square\x22 stroke-l\
inejoin=\x22miter\x22/\
><path d=\x22M15.01\
56 21.0156L27 21\
\x22 stroke=\x22#0064f\
f\x22 stroke-width=\
\x223\x22 stroke-linec\
ap=\x22square\x22 stro\
ke-linejoin=\x22mit\
er\x22/><path d=\x22M3\
3.2216 33.2217L4\
1.7069 41.707\x22 s\
troke=\x22#0064ff\x22 \
stroke-width=\x223\x22\
 stroke-linecap=\
\x22square\x22 stroke-\
linejoin=\x22miter\x22\
/></svg>\
\x00\x00\x03/\
\x89\
PNG\x0d\x0a\x1a\x0a\x00\x00\x00\x0dIHDR\x00\
\x00\x000\x00\x00\x000\x08\x06\x00\x00\x00W\x02\xf9\x87\
\x00\x00\x00\x06bKGD\x00\xff\x00\xff\x00\xff\xa0\xbd\
\xa7\x93\x00\x00\x00\x09pHYs\x00\x00\x0d\xd7\x00\x00\
\x0d\xd7\x01B(\x9bx\x00\x00\x00\x07tIME\x07\
\xe6\x0a\x19\x03\x13\x1b\x82\xa4d\xac\x00\x00\x02\xbcID\
AThC\xedX\xbfk\x14A\x18}\xab\x06c\xa5\
X\x89\x85M\xd0\xc6\x1f\xa4\x10\x0b\x0b\x09(\x88\xfe\x01\
VV\x22\x0a\x96\x16A\x93\x14\x07\x1a\x91\x14\xe9RD\
\x0e\xed-m\x04\xb11\x85\xad\x85\x04\x22\xa2E\x14\xc4\
*V\xe1\x88?\xc67{;\xcb\xecdgw\xe6v\
\x99\xdd#\xfb\x85%7\xf3}3\xdf{o\xbe\x99\x9d\
;\xa0\xb3N\x81N\x81N\x81&\x15\x88\xf2\x92?\x02\
\xa6\xf6\x03W\x04p$\xcf\xdf@\xdf\xd6>\xe0\xedC\
\xe0\xab\x99{\x17\x81E\xe0\x16\x83V\xf8L\x9a\xc1\x0d\
\xb7\x07\x04{o\x0ex\xa1\xe3\xc8\x10\x90\xca\x93\xe9:\
\x03\x0e6\x0c\xd6\x96~@|\xa7\xf5\x958\xa0G\xd2\
yY\x81g\xf9| \xbb7\xb6\x99\x02\xf7_e\xbe\
i>\x93\xffX\xda\xfc\xffL\xe5\xcf\x10`\xe7q\xe5\
 \xf8W\xf3@/0\xd0\xdct,\xeb\x01\x1d\x92\x80\
\xb4\x14\xa3lP\xf4\xf1\xb6\xb1'`\x96\x90\xd3r\x88\
\xf7\xe0\x16\x19Zt\x11\xbbN2\xa7Ij\x0a\xf2^\
\x81\x18\xfc&\xb3'\x8fN\xa6&L^\xd3x\x11H\
\xc1\xeb)H\xa4I\x12^\x04\xbc\xa4\x09\x14\xbc\xb7\x08\
\xc4\x1b\xf6\x84!-\xdbMnd\xef\x15HIH\x22\
\x0e\xe0y\x5cE\xdc\xf6\xf1\xdfK\x80w\xc4z\xcd\x9b\
\x80L/I\xa8\xa7\x0cN$\xc0\xb7\xff\xd0n\x08\xfc\
Y\x02\x8e\x95\x8d\xf1\xf1\x8fD\xc09\x81\xd4\xdd\xb0Y\
\x81\x1f\xf1z\xd4d#\x11\xe8\xc9+HR\x16\xf1\xe7\
<+\x03I\x7f\x5c^\x15-?y\xc1\xa4\x12pO\
\xe0\xaf\x0a\x91\x9f\xd9\x97\xfd\xe2S\x06>\x19,\xcb\xeb\
)p\xb8 ]\xa9\xcb\x8b\x80TL\x07\xaf\x91\xd8\xe2\
\x8d\xf1L\xdcv\x04\xaf\xc6>\x10\xf8\xe5;Fg\xe5\
L\xa0G\xe5\xf5\x0diJ3/\xf0\xb1\x0a\x90Q\xc7\
:\x11\x90\xe0\xf3\x947ITns\xf5\x96\x81C>\
\xf3\x94\x12\x08\x06>A}_`\xfb\x09p\xca\x95D\
!\x81\xd0\xe0\x15\xe89\x81O\xae%e%`\xdb\xb0\
\xae\xca\xd4\x12\xc7\x92Z\x05&\x8a\xe6\xb2\x12\xe0\x01}\
\xbdh`(\xdf]\x81\x1d\x82\xb4\xfe>e%@\x80\
\xe7C\x81,\xcb\xc3\xbb\xc8\x1d[L\x86@\x1doF\
[\xa2\x8a\xfd\xe9\xc9d*\x9ei\xb3l\xceVL\x14\
b\xf89=\x89I\xe8\xa8\xe6\xdc\x08\x81\xc61\xc7w\
\x15\xc7r\xd21Z.b\xc3\xe8\x9f\x8e\x93\x87\x08\xfb\
bKb\xae\x80-\xae\xb5\xfdcO\xc0\xfca\xeb\x9b\
&\xf5\x85\xc5\x08\xaf[\x22\xfd\x8c\xc2\xc1\x83fS\xc7\
\x94!\xc0W^\xff7p3\x09\x90G\xd7\xb5\x96\x10\
Hap\x13\xf7uL\x99\x12\x9a\x05\xde\xb1\xe3y\xdb\
@kx\xfa\x0b\xc0\x9a\x8e/\xf7+\xddc\xe0\x12\x89\
\xdc\xe6\x8b\xedd\x1b\xc8\x10\xe4g\xa9\xbc\x09\xbe\x0d\xd8\
:\x0c\x9d\x02\x9d\x02{]\x81\xff\xd4;\x9a\x8c\xa1b\
\xf3o\x00\x00\x00\x00IEND\xaeB`\x82\
\x00\x00\x01\xc6\
<\
?xml version=\x221.\
0\x22 encoding=\x22UTF\
-8\x22?><svg width=\
\x2232\x22 height=\x2232\x22\
 viewBox=\x220 0 48\
 48\x22 fill=\x22none\x22\
 xmlns=\x22http://w\
ww.w3.org/2000/s\
vg\x22><path d=\x22M4 \
9V41L9 21H39.5V1\
5C39.5 13.8954 3\
8.6046 13 37.5 1\
3H24L19 7H6C4.89\
543 7 4 7.89543 \
4 9Z\x22 stroke=\x22#0\
064ff\x22 stroke-wi\
dth=\x223\x22 stroke-l\
inecap=\x22square\x22 \
stroke-linejoin=\
\x22miter\x22/><path d\
=\x22M40 41L44 21H8\
.8125L4 41H40Z\x22 \
fill=\x22none\x22 stro\
ke=\x22#0064ff\x22 str\
oke-width=\x223\x22 st\
roke-linecap=\x22sq\
uare\x22 stroke-lin\
ejoin=\x22miter\x22/><\
/svg>\
\x00\x00\x02\xbf\
<\
?xml version=\x221.\
0\x22 encoding=\x22UTF\
-8\x22?><svg width=\
\x2232\x22 height=\x2232\x22\
 viewBox=\x220 0 48\
 48\x22 fill=\x22none\x22\
 xmlns=\x22http://w\
ww.w3.org/2000/s\
vg\x22><path d=\x22M42\
 7H6C4.89543 7 4\
 7.89543 4 9V39C\
4 40.1046 4.8954\
3 41 6 41H42C43.\
1046 41 44 40.10\
46 44 39V9C44 7.\
89543 43.1046 7 \
42 7Z\x22 fill=\x22non\
e\x22 stroke=\x22#0064\
ff\x22 stroke-width\
=\x223\x22/><path d=\x22M\
12 20.5799L16 18\
V30\x22 stroke=\x22#00\
64ff\x22 stroke-wid\
th=\x223\x22 stroke-li\
necap=\x22square\x22 s\
troke-linejoin=\x22\
miter\x22/><path d=\
\x22M31 20.5799L35 \
18V30\x22 stroke=\x22#\
0064ff\x22 stroke-w\
idth=\x223\x22 stroke-\
linecap=\x22square\x22\
 stroke-linejoin\
=\x22miter\x22/><path \
d=\x22M24 20V21\x22 st\
roke=\x22#0064ff\x22 s\
troke-width=\x223\x22 \
stroke-linecap=\x22\
square\x22/><path d\
=\x22M24 27V28\x22 str\
oke=\x22#0064ff\x22 st\
roke-width=\x223\x22 s\
troke-linecap=\x22s\
quare\x22/></svg>\
\x00\x00\x02+\
<\
?xml version=\x221.\
0\x22 encoding=\x22UTF\
-8\x22?><svg width=\
\x2232\x22 height=\x2232\x22\
 viewBox=\x220 0 48\
 48\x22 fill=\x22none\x22\
 xmlns=\x22http://w\
ww.w3.org/2000/s\
vg\x22><path d=\x22M19\
 6H9C7.34315 6 6\
 7.34315 6 9V39C\
6 40.6569 7.3431\
5 42 9 42H39C40.\
6569 42 42 40.65\
69 42 39V29\x22 str\
oke=\x22#0064ff\x22 st\
roke-width=\x223\x22 s\
troke-linecap=\x22s\
quare\x22 stroke-li\
nejoin=\x22miter\x22/>\
<path d=\x22M42 19L\
38 7L26 11\x22 stro\
ke=\x22#0064ff\x22 str\
oke-width=\x223\x22 st\
roke-linecap=\x22sq\
uare\x22 stroke-lin\
ejoin=\x22miter\x22/><\
path d=\x22M38 7C33\
 22 30 25 20 29\x22\
 stroke=\x22#0064ff\
\x22 stroke-width=\x22\
3\x22 stroke-lineca\
p=\x22square\x22 strok\
e-linejoin=\x22mite\
r\x22/></svg>\
\x00\x00\x01\x10\
\x00\
\x00\x04Bx\xda\xc5\x93Qn\x830\x0c\x86\xafby\
\xcf%)\xa0\x0aM\x84J}\xe8\x09\xb6\x03T4@\
6\x9at!#p\xfb9\x1bt\xe3qZ\xc5\xa4H\
\xb1\xad\xe8\xfb\x13\xfbO\xbe\x1f.-\xf4\xd2v\xcah\
\x81\xdb\x88#H]\x9a\xb3\xd2\xb5\xc0\xe7\xa7\xe3&\xc3\
}\x91w}\x0d^\x9d]#0\x89\x11\x1a\xa9\xea\xc6\
}\xc5\xbd\x92\xfe`\x06\x81\x1c8\xa4\x19-\x84J\xb5\
\xad@m\xb4D \xbe\xee\x046\xce]\x1f\x19\xf3\xde\
G>\x89\x8c\xadY\xcc9g\x04\xc6\x22o\x95\x960\
lI?E\x18i'\xc6\x10\x13?\xa4\xf1g\xda9\
k^\xa5\xc0\x07\xcewiU\xcd\x85\xcd|\xab[!\
\xb0\xca\xd3U`\xf7\xf6~\xb2\x12\xd9\xfa\xf8\x94/\xf9\
!\xff\x8b\x80\x95\xa5\x03\xeap\xb2#\x1e\xe1p\x9eE\
\xf6=\x0a\x0a-\x1d\x89\x97\xcd\xff\x95\xea\x8bQd\x81\
\x8br\xd2\xfeTM\xffCtzj\xd8\xd6\x7f\xebZ\
\xaa7\xe3\x04\x83\x8c\x93\x81\x86\xc90\xe3d\xa0\xbb8\
3[\xf2\xb3\xfb\xe0\xc3\xef->\x00/\xe9K\x1d\
\x00\x00\x03i\
<\
?xml version=\x221.\
0\x22 encoding=\x22UTF\
-8\x22?><svg width=\
\x2232\x22 height=\x2232\x22\
 viewBox=\x220 0 48\
 48\x22 fill=\x22none\x22\
 xmlns=\x22http://w\
ww.w3.org/2000/s\
vg\x22><path d=\x22M28\
.2857 37H39.7143\
M42 42L39.7143 3\
7L42 42ZM26 42L2\
8.2857 37L26 42Z\
M28.2857 37L34 2\
4L39.7143 37H28.\
2857Z\x22 stroke=\x22#\
0064ff\x22 stroke-w\
idth=\x223\x22 stroke-\
linecap=\x22square\x22\
 stroke-linejoin\
=\x22miter\x22/><path \
d=\x22M16 6L17 9\x22 s\
troke=\x22#0064ff\x22 \
stroke-width=\x223\x22\
 stroke-linecap=\
\x22square\x22 stroke-\
linejoin=\x22miter\x22\
/><path d=\x22M6 11\
H28\x22 stroke=\x22#00\
64ff\x22 stroke-wid\
th=\x223\x22 stroke-li\
necap=\x22square\x22 s\
troke-linejoin=\x22\
miter\x22/><path d=\
\x22M10 16C10 16 11\
.7895 22.2609 16\
.2632 25.7391C20\
.7368 29.2174 28\
 32 28 32\x22 strok\
e=\x22#0064ff\x22 stro\
ke-width=\x223\x22 str\
oke-linecap=\x22squ\
are\x22 stroke-line\
join=\x22miter\x22/><p\
ath d=\x22M24 11C24\
 11 22.2105 19.2\
174 17.7368 23.7\
826C13.2632 28.3\
478 6 32 6 32\x22 s\
troke=\x22#0064ff\x22 \
stroke-width=\x223\x22\
 stroke-linecap=\
\x22square\x22 stroke-\
linejoin=\x22miter\x22\
/></svg>\
\x00\x00\x06\x16\
\x00\
\x00\x15\xb6x\xda\xedXKo\x1bU\x14>\x1e\xcf\xd8\
^@\x95V\x95\xd8 \xd5\x02\x81\xb2AT\x05\xb1A\
B\xd9\x80\xd8\x80\xca\xa2\xad\xd4\x82\x14\xb5\x8dc'n\
\xe2<\xc9\xc3I\xc6\x09? \x15tQ\xb5Ba\x81\
\x84\x90\x10YTt\x03\xc2;@T4B\x08\x15\x11\
\xe2g\x9c\x97]O\x12?\xe2\x87z\xf9\xce\x8c\xc7\x8d\
\x1d\xdbma\x01\x8b\x5c\xe9\xd3<<w\xbes\xce=\
\xf7\x9coLd!\x89\x9cN\xc2\xd1I\xedG\x89^\
$\xa2\xb66\xe3\xda-\x13\xbd\x8b{\xed\xb8\x87G\xa8\
\x83\x8c\xfb\xfah\xa3\xc3q8\x0eG\x8b\x91W\xc9Y\
\x9a\xa3\x0eFQ\xa5\x93\xff\xf6}\xe91r\xa6\xc7\xe4\
\x0eFf\xa2\xf9\xfb\x98\xab4KA@\xd4a\xe9\x9f\
\xd8\xb1\xe6s87\x07\xe5`j\xd8*\xee\x8fX\x85\
\xf6\xa1$v'$\x91\xf3[\xc2y\xbf^\x16j\xb8\
\x8b\x01\xd2\x00Q\x0a\x1c\xe0gh\xe59:\xfd\xb8\xdc\
q\x9frrc@\xd66\x07d\xb15(\xd7\xf0g\
\xfd\x16\x91\x9b\xb2\x08\xc4\xb9jCA\xd5}\x14\xcc_\
l\xcc\xcfvi\x8f\x13\x87\x90\x8f\xda\xd6|Jx\xbd\
_\x11\x1b>\x83?=j\xf2[t\xfe\xbd\x19\x9d'\
l\xfa\xbe7\x8dk\xf0\x17\x0c\x1b\xb4B\x80\xd4\xe2,\
u\xd6\xaf\x07~[\x12j\xeb*\x9a\xe8\x93\x17\x13}\
\x8a`0\x7fr\xc8\x0a\xc8\xf3\xb0\xe1\xf4\xce\xb8\xb4\xc4\
\xfc\xf9i#\xce\x1cS\x9c\xab\xcc\xcf\xd0\xf9U\xf2\xd5\
\xac\xcd\x1c-\xd4\xd8\xa0\xd2|\xd3\xb8\xf7(\x9dq\xaf\
M0V\xaf\x186l\x0e*\x9d\xd5\x5c\x84\xed\xe0\xd7\
\xd8\xffJL\xd5\x8c\x9f\x82Y?!/H\xe4\xa7H\
\xd4\xfb\xc7\xd7\x9c\x83&?\xcf\xcd4X\x07\x8e{\xac\
\xd7\xa6E{L~\x9bH\xf8\x94\x03\xb6f\xfd\xd2B\
~\xdab\xfa\x13d\xfe\xdd\x09\x12\xa6\x0dM\xf7F\xa0\
\xba\x06\x88\x9f%X\xffL\xb4\xd7\xb6\xc0\xdc\x8c\x88\xc7\
.`K\xb8\xd1\xbb\xb2\xd3\x92\xca>p\xac\x99\x7fw\
\x5c\x87\xd8\x01\xf8\xd8,\xb6\x1c+\xd3\x06=\x06ST\
\x8dk\xcc\xeb\xe8\x08\xbb\xedB\x07\xb8u~\xdck\xc6\
\x9f\x83\xff&\xbf6F\xc1\xf4\x08\xf8\xc7Hh\xa3\xcd\
\xf9+6,\x996d&\xa5\xaa\x7f\xe0]f\xeeP\
\xb7aC\xc8mo\x9a#\xbb~\xf0c\xffU\xf6Y\
05B\xf3\xf7\x87I\xa4\x86\x0c~\xaeWM\xf9\xb1\
gK\x95\x1a\xc1\xf6oOHj\xcck\xff:\xe2q\
\xe8~W\xf85\xce\x85\xa6\xfc\x93\x96E\xf6\x7foF\
\xb7aa\xcbG>@$\x07\x80A\xf0\x0f\xb5\xae3\
{\xc8\x7f\xd3\x06\xd4\x93\xedh\x8f\xfd\x01\xf33\xe07\
\xd6\xdf\xd1\xd9j~\xc6oYbn=\x07\xb0\xa6\xe0\
\xeeX\xef#\xb1\xd1O\x82\x8f\xb0c\xbe\xd5|\xde\x0f\
\xc8\xc70\xaf\xc1z\xbf,\x22nc\xbd\x99\x7f\xd5k\
\xff\xade/\xe0\xfd7e\xf8\xae\xaf\xff\x9cQ\x03\xd7\
\xfbIK\xf4\xe2}WH\xe0\xa8=\xaa\xc6\xed\xa2~\
s-\x8b\xb8m\x15\xd8u\xaczm\xe7Z\xfa\x8e\x9c\
5c\xcf\xfc\xe6^\x8f{h\x01\x10\xab=\x06\xa2n\
j\x19C\xd8x\x22\xeaVD\xa4[\xa9\xda\x90\xf0\xda\
~|do\xc5\xbe\xad\xfa\x1e\xa0\xc5\xea\xfeqS\x07\
 \xd8\x86\x88\x8b\x04\xce\xc3\xa1\xce\xe69\x14vY\xd3\
\x91n\xd9\xe0\x07V\xbd\x8a\xd8\x99\x90\xc6\x1f\xd1\xd7;\
Ln\xbd\xce\xce\xd6\xfa\x08\x9f\x83\xd1n\x83?tY\
?.4\xe4\xee\x92\x96\xc1/\xc2.Y\x07\xdb\xc1k\
\xc15-\xd3\xa2?q\x8f+<\xec1\x07jS\xa8\
\x8bN\x86\xbb\x0c\xee}X\x0c\xb9\x8d\xfd\x88\xf3s\xe0\
N\x03\xe0eXul\xf4K\xf72\x93F\xed\xc6\xde\
h\xd8#y\x9f\xed\xe3\x16%\x95\x1a\xd6&p\xa8u\
\xfc:\xc2&\xba,\x15H:\xa2niY\xcf\xc7q\
Z\xcaM\x19u\x11\x1c\x1a\xa0\xea\xfa\x091\x06\xc2f\
_\xaf\xe8\x8b\x96\xfb\x0b|\x0bM\xf9u\x186D\x5c\
\x96\xe5\xea\xbeB\xbd\xc9N\xd2\x92\xde\xc7\x9b\xe9\x07\xee\
\x1ds\x8d\xd7\xb4\x81\x0d>@k\xccO\x0f\xe0\xfb\xcd\
F{\xbb0]\xdb\xab\xeb\xf4\x8b\xfa$\xfa\x8d\xf3\xbf\
b\xc7\x228\xe3\xc02ps\xe5\x12\x9dh5\xaf\xa2\
\xe5\xe6+\xda%\x88\xf8\xfbX\xd3\x1e*\xfb\xc3q8\
\x0e\x8e\xf6\xca\xdf\x22\xce\xfd\xff\x93\xc8\xff_{\xd1\xb3\
%\xc6\x93>'\xae\x93\x82\x9a\xfc6j\xc2\xd5r\x80\
>\x01\xde\xc1\xef\xb6\x03\xf3\xce\x90\x15\xdfno\xa5\x86\
\xe5\xab\xdbc\xd2\xb5\xdc$\xbd\xc7\xcfA+\x9d\x01\x12\
\x98_\x06J@\x12\xb5\xe5r\xbd-k}\xb6\xb3\xf8\
\xeeY\xc7wg\x19\xdf;Eh\xcd$\xea\xd1\x07\xa8\
\xcd\xdf\x14f\xa8\x80\xde\x10(\xcf\xd2\xfb\x98\x7f\x0f\xf3\
#8\xbe\xfePG\xdb^\x82\x86\xf9}\xad_\xc9m\
\x0d\xc9\x81\x9dqk\x17\xfaj\x0a\xcf|\x97\x9d\xa0\x18\
\xbe\x0f\x12\xe8q\xcf\xf1\xb3\xb0\xff\x0c\xeeo\xe3}_\
\x89Qz\x1a\xf5\xd2\x81o\x80O\x8d\xef\x0f\xfb5\xbe\
N\xa9t\x04\xf3\xbfE\xed]\x85\xce\x8eCc\xc7s\
\xa3\xf4l%>6\xeeE\xb0-\x83o\xb0\x0b\xd00\
g\xa1a3\xc0\xddx\xaf\x9d\xffR\xa3M\x95\x9e\xc2\
\xfc[\xe0H\xa4\x06\xe9'h\xe4\xa46B\xa7\xaaZ\
t\x8e^`M\x9e\x99\xb2\xfc\x01\x1d\xba\x02\xed\xbb\x17\
v;.\x9a\xbf\xef\xa8t\x1cz\xeb\x0e\xf7~h\xcb\
\xeb\xd0w\xe5\x0d/\xb9\xebt\xc1y\xc4*\xcb\x1a2\
\xea\xb1\xdf\x8ex\xe8h\xf5[a\x92^\x05\x7f\x12\xcf\
|\x96\xf0\xd0\xe9\x98\x87\xb6\xa1\x8d\xbe_\xb9L\xcfT\
c\xe6\xb2\x9e\x87\x16\xcb\xc6z\x94\xd2\xc6\x80\xe2\xda\xbf\
\xfe\xf9\x19i\x0esw\xb0n\x17\xfe\xbcBG\xa0i\
\xbe\x84\xc6(\xa3\xa7\x5c\x0d\xb9\xa8\x1d\x9a\xa33\xe2\x92\
\xa2\xd0\x11\xa5\xe4\xa0\x94\x86\x86\xb8\x0d\x9f\x9e\xc7\x5c\x19\
~\xbd\x89\xb9Q\xcc\xbd\x85\xebc\x86\xee\xa2S\x98{\
\x17(\xa3\x17m\x01y\xf4\xe2\x22\xf4\xc8\x0d\xc4\xf7\x1c\
\xe2\xf8\x17\xe2\xf9\x0b\xfa\xec\x17X\x9b5\x9c\xffZ\xfc\
\x88^\xdb\xef\xef\xcaEz\x196|\x8c\xb9w\x81\x1f\
\xb8\xc7\xb1\xcfB\x90\x05}\xea\x0d\xf4\xaf\xcf\xc1\xfd3\
r\xe4\x06\xf2\xe3\x95F\xb9}\xc7EJ\xc2E\xc7c\
\x97\xe8\x98\xe0m[\x9b\xf7\x0e\xb6\xb7Qn\xff\x97\xe3\
o\x0b\x0c\xb3\x17\
\x00\x00\x02e\
<\
svg xmlns=\x22http:\
//www.w3.org/200\
0/svg\x22 fill=\x22non\
e\x22 viewBox=\x220 0 \
32 32\x22>\x0a    <pat\
h fill=\x22#0064ff\x22\
 fill-rule=\x22even\
odd\x22\x0a        d=\x22\
M21 3.5a5.5 5.5 \
0 1 0 0 11 5.5 5\
.5 0 0 0 0-11ZM3\
.5 16a5.5 5.5 0 \
1 1 11 0 5.5 5.5\
 0 0 1-11 0Zm12 \
7a5.5 5.5 0 1 1 \
11 0 5.5 5.5 0 0\
 1-11 0Z\x22\x0a      \
  clip-rule=\x22eve\
nodd\x22 opacity=\x220\
.4\x22></path>\x0a    \
<g filter=\x22url(#\
keypoints-tool_s\
vg__a)\x22>\x0a       \
 <path fill=\x22#00\
64ff\x22 fill-rule=\
\x22evenodd\x22\x0a      \
      d=\x22M21 6.5\
a2.5 2.5 0 1 0 0\
 5 2.5 2.5 0 0 0\
 0-5ZM6.5 16a2.5\
 2.5 0 1 1 5 0 2\
.5 2.5 0 0 1-5 0\
Zm12 7a2.5 2.5 0\
 1 1 5 0 2.5 2.5\
 0 0 1-5 0Z\x22\x0a   \
         clip-ru\
le=\x22evenodd\x22></p\
ath>\x0a    </g>\x0a</\
svg>\
\x00\x00\x013\
<\
?xml version=\x221.\
0\x22 encoding=\x22UTF\
-8\x22?><svg width=\
\x2232\x22 height=\x2232\x22\
 viewBox=\x220 0 48\
 48\x22 fill=\x22none\x22\
 xmlns=\x22http://w\
ww.w3.org/2000/s\
vg\x22><path d=\x22M42\
 6V42M17 19L12 2\
4M12 24L17 29M12\
 24H36M31 19L36 \
24M36 24L31 29M6\
 6L6 42\x22 stroke=\
\x22#0064ff\x22 stroke\
-width=\x223\x22 strok\
e-linecap=\x22squar\
e\x22 stroke-linejo\
in=\x22miter\x22/></sv\
g>\
\x00\x00\x03\xb3\
<\
svg t=\x22170279857\
7488\x22 class=\x22ico\
n\x22 viewBox=\x220 0 \
1024 1024\x22 versi\
on=\x221.1\x22 xmlns=\x22\
http://www.w3.or\
g/2000/svg\x22 p-id\
=\x222700\x22\x0a    widt\
h=\x22200\x22 height=\x22\
200\x22>\x0a    <path\x0a\
        d=\x22M756 \
436c-67 0-124.2 \
47.6-137.2 112.2\
-20.6-1-36.8-5.4\
-78.4-21.6-61-23\
.8-143.6-66.4-22\
3-191.6 54.2-20.\
2 90.8-72 90.8-1\
31 0-77.2-62.8-1\
40-140-140s-140 \
62.8-140 140c0 3\
4 12.4 66.6 34.6\
 92.2 19.8 22.6 \
46.2 38.2 75.4 4\
4.6v342.6c-29 6.\
4-55.6 22-75.4 4\
4.6C140.4 753.4 \
128 786 128 820c\
0 77.2 62.8 140 \
140 140s140-62.8\
 140-140c0-34.8-\
12.8-68-36-93.8-\
20.6-22.8-48-38.\
2-78-43.8V400.6c\
81.6 113.6 164 1\
54 226 178.2 50.\
4 19.6 74.2 24.6\
 99 25.6 13.2 64\
.4 70.4 111.6 13\
7 111.6 77.2 0 1\
40-62.8 140-140s\
-62.8-140-140-14\
0zM352 820c0 46.\
4-37.6 84-84 84s\
-84-37.6-84-84 3\
7.6-84 84-84 84 \
37.6 84 84z m-84\
-532c-46.4 0-84-\
37.6-84-84s37.6-\
84 84-84 84 37.6\
 84 84-37.6 84-8\
4 84z m488 372c-\
46.4 0-84-37.6-8\
4-84s37.6-84 84-\
84 84 37.6 84 84\
-37.6 84-84 84z\x22\
\x0a        p-id=\x222\
701\x22 fill=\x22#0064\
ff\x22></path>\x0a</sv\
g>\
\x00\x00\x02u\
<\
svg viewBox=\x220 0\
 24 24\x22 xmlns=\x22h\
ttp://www.w3.org\
/2000/svg\x22 fill=\
\x22#0064ff\x22><g id=\
\x22SVGRepo_bgCarri\
er\x22 stroke-width\
=\x220\x22></g><g id=\x22\
SVGRepo_tracerCa\
rrier\x22 stroke-li\
necap=\x22round\x22 st\
roke-linejoin=\x22r\
ound\x22></g><g id=\
\x22SVGRepo_iconCar\
rier\x22><path d=\x22M\
19 13H5a1.001 1.\
001 0 0 0-1 1v2a\
1.001 1.001 0 0 \
0 1 1h14a1.001 1\
.001 0 0 0 1-1v-\
2a1.001 1.001 0 \
0 0-1-1zm0 3H5v-\
2h14zM2 20h1v1H1\
v-2h1zM1 3h2v1H2\
v1H1zm1 6H1V7h1z\
m0 4H1v-2h1zm0 4\
H1v-2h1zm20-6h1v\
2h-1zm0 4h1v2h-1\
zM7 4H5V3h2zm2 0\
V3h2v1zM5 20h2v1\
H5zm4 0h2v1H9zm4\
 0h2v1h-2zm4 0h2\
v1h-2zm5-1h1v2h-\
2v-1h1zM18 5h5v1\
h-5v5h-1V6h-5V5h\
5V0h1z\x22></path><\
path fill=\x22none\x22\
 d=\x22M0 0h24v24H0\
z\x22></path></g></\
svg>\
\x00\x00\x06\xc0\
<\
?xml version=\x221.\
0\x22 encoding=\x22UTF\
-8\x22 standalone=\x22\
no\x22?>\x0a<svg\x0a   t=\
\x221765075901095\x22\x0a\
   class=\x22icon\x22\x0a\
   viewBox=\x220 0 \
163.84001 163.84\
\x22\x0a   version=\x221.\
1\x22\x0a   p-id=\x228103\
\x22\x0a   width=\x2232\x22\x0a\
   height=\x2232\x22\x0a \
  id=\x22svg1\x22\x0a   s\
odipodi:docname=\
\x22next.svg\x22\x0a   in\
kscape:version=\x22\
1.3.2 (091e20e, \
2023-11-25, cust\
om)\x22\x0a   xmlns:in\
kscape=\x22http://w\
ww.inkscape.org/\
namespaces/inksc\
ape\x22\x0a   xmlns:so\
dipodi=\x22http://s\
odipodi.sourcefo\
rge.net/DTD/sodi\
podi-0.dtd\x22\x0a   x\
mlns=\x22http://www\
.w3.org/2000/svg\
\x22\x0a   xmlns:svg=\x22\
http://www.w3.or\
g/2000/svg\x22>\x0a  <\
defs\x0a     id=\x22de\
fs1\x22 />\x0a  <sodip\
odi:namedview\x0a  \
   id=\x22namedview\
1\x22\x0a     pagecolo\
r=\x22#ffffff\x22\x0a    \
 bordercolor=\x22#0\
00000\x22\x0a     bord\
eropacity=\x220.25\x22\
\x0a     inkscape:s\
howpageshadow=\x222\
\x22\x0a     inkscape:\
pageopacity=\x220.0\
\x22\x0a     inkscape:\
pagecheckerboard\
=\x220\x22\x0a     inksca\
pe:deskcolor=\x22#d\
1d1d1\x22\x0a     inks\
cape:zoom=\x2216.28\
\x22\x0a     inkscape:\
cx=\x2215.970516\x22\x0a \
    inkscape:cy=\
\x2214.434889\x22\x0a    \
 inkscape:window\
-width=\x221920\x22\x0a  \
   inkscape:wind\
ow-height=\x221010\x22\
\x0a     inkscape:w\
indow-x=\x22-6\x22\x0a   \
  inkscape:windo\
w-y=\x22135\x22\x0a     i\
nkscape:window-m\
aximized=\x221\x22\x0a   \
  inkscape:curre\
nt-layer=\x22svg1\x22 \
/>\x0a  <path\x0a     \
d=\x22M 37.517781,1\
43.30038 110.672\
27,84.104337 c 0\
.47135,-0.381407\
 0.47135,-1.0679\
57 0,-1.525657 L\
 37.329241,23.23\
008 c -1.13126,-\
0.91541 -1.79116\
,-2.21223 -1.791\
16,-3.50905 l 1e\
-5,-0.61027 c 0,\
-2.7462 2.73386,\
-4.95843 6.12763\
,-4.95843 h 0.75\
417 c 1.60261,0 \
3.20522,0.53399 \
4.33647,1.44939 \
l 80.036289,64.6\
8845 c 2.07397,1\
.67824 2.07397,4\
.424437 0,6.1026\
77 L 47.039181,1\
50.92873 c -1.22\
553,0.99169 -2.9\
2241,1.60196 -4.\
71356,1.60196 v \
0 c -3.67658,0 -\
6.69326,-2.44107\
 -6.69326,-5.416\
14 v 0 c -0.0943\
,-1.3731 0.65989\
,-2.7462 1.88542\
,-3.81417 z\x22\x0a   \
  p-id=\x228104\x22\x0a  \
   fill=\x22#0064ff\
\x22\x0a     id=\x22path1\
\x22\x0a     style=\x22st\
roke-width:0.150\
225\x22 />\x0a</svg>\x0a\
\x00\x00\x06\xc0\
<\
?xml version=\x221.\
0\x22 encoding=\x22UTF\
-8\x22 standalone=\x22\
no\x22?>\x0a<svg\x0a   t=\
\x221765075901095\x22\x0a\
   class=\x22icon\x22\x0a\
   viewBox=\x220 0 \
163.84001 163.84\
\x22\x0a   version=\x221.\
1\x22\x0a   p-id=\x228103\
\x22\x0a   width=\x2232\x22\x0a\
   height=\x2232\x22\x0a \
  id=\x22svg1\x22\x0a   s\
odipodi:docname=\
\x22next.svg\x22\x0a   in\
kscape:version=\x22\
1.3.2 (091e20e, \
2023-11-25, cust\
om)\x22\x0a   xmlns:in\
kscape=\x22http://w\
ww.inkscape.org/\
namespaces/inksc\
ape\x22\x0a   xmlns:so\
dipodi=\x22http://s\
odipodi.sourcefo\
rge.net/DTD/sodi\
podi-0.dtd\x22\x0a   x\
mlns=\x22http://www\
.w3.org/2000/svg\
\x22\x0a   xmlns:svg=\x22\
http://www.w3.or\
g/2000/svg\x22>\x0a  <\
defs\x0a     id=\x22de\
fs1\x22 />\x0a  <sodip\
odi:namedview\x0a  \
   id=\x22namedview\
1\x22\x0a     pagecolo\
r=\x22#ffffff\x22\x0a    \
 bordercolor=\x22#0\
00000\x22\x0a     bord\
eropacity=\x220.25\x22\
\x0a     inkscape:s\
howpageshadow=\x222\
\x22\x0a     inkscape:\
pageopacity=\x220.0\
\x22\x0a     inkscape:\
pagecheckerboard\
=\x220\x22\x0a     inksca\
pe:deskcolor=\x22#d\
1d1d1\x22\x0a     inks\
cape:zoom=\x2216.28\
\x22\x0a     inkscape:\
cx=\x2215.970516\x22\x0a \
    inkscape:cy=\
\x2214.434889\x22\x0a    \
 inkscape:window\
-width=\x221920\x22\x0a  \
   inkscape:wind\
ow-height=\x221010\x22\
\x0a     inkscape:w\
indow-x=\x22-6\x22\x0a   \
  inkscape:windo\
w-y=\x22135\x22\x0a     i\
nkscape:window-m\
aximized=\x221\x22\x0a   \
  inkscape:curre\
nt-layer=\x22svg1\x22 \
/>\x0a  <path\x0a     \
d=\x22M 37.517781,1\
43.30038 110.672\
27,84.104337 c 0\
.47135,-0.381407\
 0.47135,-1.0679\
57 0,-1.525657 L\
 37.329241,23.23\
008 c -1.13126,-\
0.91541 -1.79116\
,-2.21223 -1.791\
16,-3.50905 l 1e\
-5,-0.61027 c 0,\
-2.7462 2.73386,\
-4.95843 6.12763\
,-4.95843 h 0.75\
417 c 1.60261,0 \
3.20522,0.53399 \
4.33647,1.44939 \
l 80.036289,64.6\
8845 c 2.07397,1\
.67824 2.07397,4\
.424437 0,6.1026\
77 L 47.039181,1\
50.92873 c -1.22\
553,0.99169 -2.9\
2241,1.60196 -4.\
71356,1.60196 v \
0 c -3.67658,0 -\
6.69326,-2.44107\
 -6.69326,-5.416\
14 v 0 c -0.0943\
,-1.3731 0.65989\
,-2.7462 1.88542\
,-3.81417 z\x22\x0a   \
  p-id=\x228104\x22\x0a  \
   fill=\x22#0064ff\
\x22\x0a     id=\x22path1\
\x22\x0a     style=\x22st\
roke-width:0.150\
225\x22 />\x0a</svg>\x0a\
\x00\x00\x01\xd7\
<\
?xml version=\x221.\
0\x22 encoding=\x22UTF\
-8\x22?><svg width=\
\x2232\x22 height=\x2232\x22\
 viewBox=\x220 0 48\
 48\x22 fill=\x22none\x22\
 xmlns=\x22http://w\
ww.w3.org/2000/s\
vg\x22><path d=\x22M24\
.0083 14.1006V42\
.0001\x22 stroke=\x22#\
0064ff\x22 stroke-w\
idth=\x223\x22 stroke-\
linecap=\x22square\x22\
 stroke-linejoin\
=\x22miter\x22/><path \
d=\x22M12 26L24 14L\
36 26\x22 stroke=\x22#\
0064ff\x22 stroke-w\
idth=\x223\x22 stroke-\
linecap=\x22square\x22\
 stroke-linejoin\
=\x22miter\x22/><path \
d=\x22M12 6H36\x22 str\
oke=\x22#0064ff\x22 st\
roke-width=\x223\x22 s\
troke-linecap=\x22s\
quare\x22 stroke-li\
nejoin=\x22miter\x22/>\
</svg>\
\x00\x00\x01\xe3\
<\
svg viewBox=\x220 0\
 24 24\x22 fill=\x22no\
ne\x22 xmlns=\x22http:\
//www.w3.org/200\
0/svg\x22><g id=\x22SV\
GRepo_bgCarrier\x22\
 stroke-width=\x220\
\x22></g><g id=\x22SVG\
Repo_tracerCarri\
er\x22 stroke-linec\
ap=\x22round\x22 strok\
e-linejoin=\x22roun\
d\x22></g><g id=\x22SV\
GRepo_iconCarrie\
r\x22> <path d=\x22M6 \
15V16C6 17.1046 \
6.89543 18 8 18H\
9M18 15V16C18 17\
.1046 17.1046 18\
 16 18H15M6 9V8C\
6 6.89543 6.8954\
3 6 8 6H9M18 9V8\
C18 6.89543 17.1\
046 6 16 6H15\x22 s\
troke=\x22#0064ff\x22 \
stroke-width=\x222\x22\
 stroke-linecap=\
\x22round\x22 stroke-l\
inejoin=\x22round\x22>\
</path> </g></sv\
g>\
\x00\x00;;\
\x00\
\x00\x01\x00\x06\x00\x10\x10\x00\x00\x00\x00 \x00\xf7\x02\x00\
\x00f\x00\x00\x00\x18\x18\x00\x00\x00\x00 \x00p\x04\x00\
\x00]\x03\x00\x00  \x00\x00\x00\x00 \x00E\x06\x00\
\x00\xcd\x07\x00\x0000\x00\x00\x00\x00 \x00\xd1\x08\x00\
\x00\x12\x0e\x00\x00@@\x00\x00\x00\x00 \x00\xfa\x0b\x00\
\x00\xe3\x16\x00\x00\x80\x80\x00\x00\x00\x00 \x00^\x18\x00\
\x00\xdd\x22\x00\x00\x89PNG\x0d\x0a\x1a\x0a\x00\x00\x00\
\x0dIHDR\x00\x00\x00\x10\x00\x00\x00\x10\x08\x06\x00\
\x00\x00\x1f\xf3\xffa\x00\x00\x02\xbeIDATx\x9c\
]\x92OHTQ\x14\xc6\xbfs\xde}\xf3F\x17\xea\
\x18B\x13-\xfaG\x0b\xdd\xb4j\xe5\x22(\xa2\xa0E\
\x8b&\x82\xb0\xb2B#\xa8\xc4$Z\x14\xaf\x81\xb6\xea\
B0\x14*\xa9\xc6b\x84 h\xd7\xa2E\x8b\xd6E\
\xb9\x08\xb1\x16jj1\xc6\xa8co\xee\xbb\xf7\xc4}\
\x8eb\x1ex\xbcw\x0f\xe7\xdcw\xbe\xdf\xf9(\xd3[\
\x18#\x95:%6^\x80\xd82@HB\xa4\xf6\xe1\
\x82h#\x0d\x08\x13q\x13X5\xc2\xe8\xd7\x8a\x80\xd3\
bL;t\xb5LA\xea\x12\xac\xb1\x00']\x9b-\
$\x1e\xc4]\xc2\x041\x15T\xe3a\xabh/\x13\xde\
+!\xfa\xb9\xd4\x7f\xeeK\xf3\x9d\xc2an\xcc\xe6a\
\xf4\xd6\xde\xe4\xe7\x12U\x00c\x00\xa5`+\xe5\xa8\x19\
\xa5\xc1\xa9\xc1[\x9f\x9ao\x8f\xffV\xee~\x84\xa1\xf2\
W\xcc/\xfdg~|}\x02\xd7%\x04&\x16\x8b5\
@N\x12\xf3\x0eX\xdf\x8d6;\x15\xa5-\xbaF\xea\
\x01x\x0a\x02\x8b\xc96^\x988\xfb\x1d\xc0yl\x8b\
\x1d7\x9f\x1f\x95\xba\xba\xb301C\x04$\xb8\x86\xd1\
n\xddr\xbd\x18\x18\xd1\xa2\xe0R\x99%I\xe6\x0eC\
\x0f\x93m\x82Vx\xc8\xe7t\xe3\x8dg\x87$\x1d\xbc\
\x85\x8d\x03\xf2\x03\x92h\xe5Ji\xa0\xe3\x9d\xab\x0d\x02\
\x98\x0aj\xb46X!\x9f7h\xfd*x\x90\xd3\x8d\
w\xc7\x9b\xbctP\x04\x10\x90_G6\xaa<,\x0d\
t<A\xd7\x88\x9f\xd4\xd6\x82\x89d\xf3\x00\x84\x8e\x1e\
;\x04\xac\xe9\x15y\xfe\x01R>ITy\xb14p\
\xfe>\xc2\xf7\x0a\xa3]\xf1V\x89\xea?\xc1]\xbb<\
\xe4\xbbu\xa6\xb70\xc8A\xfdqX\x03\x89\xd6>\x94\
\x96\x97/#W\xf4\x90?b\xb6nH\x88\x84\xdd\x92\
\x91=(\x08Cvp2=\xcf\xafrP\xdf\x03\x13\
Cb=\x1d!>\x83\xec\x9c\x93F\x08\x1f\x10r9\
\xde6\x81\x00\xa5\xcf\x1e\x86\xf2q\xa6\xb7\xd0N\x9e\xff\
H\x12/`\xdeH\xf5\xd8j\xff\x85\xc5Z\xad\xdd\xbe\
\xa1\x0d\x09\x84\xf9l\xdc\xd2\xf7tg\x0c.\x82\x5c\x8e\
\xaa\xd0\xd1=_\xe8oC\xdf\xcb\xfd,\xa6\xa6;\x0d\
\x92\xb2]\x1a\xe8\x9c\x01&\xd6!\x8a\x83V\xcc\xd9\xd8\
\xa6\xf7q\xaa.\x9b8\xce\xe8\x940\x0dY\xcf\x9bS\
V\xbe\xb1\xf04\x0bO1\xdbiP\xf0\x11\x17\xc7\x82\
\x99\x86U!\x11gnh\x10\x09\x88\xcaVGe\x81\
\x94E\xb0\xec\xfc!\x90\x15!\xa9\xac?p\xef5\x00\
\xab\xd8\xf3\xa3\x8a|\xe7_!\x18\xca\xf4\x16f\xe1\xfb\
'\xfc\xb5x1J\xd9,\x81-\x19%`+06\
Y1yJ\x80\xc8Y\x02$\xda\xc6\xa6:\xcf\xf5\x0d\
\xbb\xa9\x1a\xbdQ zL\x16o\xb5O\xcc\xd6Y@\
\x04\x9c@\x04<Z\xf7\x88\xb8\xb3\x83\x1f;3\x83\xfd\
\xb4bk\x9d\x81\x86\xff\x01\xafQTM\xf4G\xcd\xc7\
\x00\x00\x00\x00IEND\xaeB`\x82\x89PNG\
\x0d\x0a\x1a\x0a\x00\x00\x00\x0dIHDR\x00\x00\x00\x18\
\x00\x00\x00\x18\x08\x06\x00\x00\x00\xe0w=\xf8\x00\x00\x04\
7IDATx\x9c\x9dVKh\x9cU\x14\xfe\xce\
\xbd\xf7\x9fW\xd2\xd8\x99V\xb0\xa2\x08\x22\xf8\x88\x0bW\
\xae\x5c\x18\xd1\x9d\xa0\x0b;X\xf3\x001\xb8\xd1\x82\x99\
\x84bA\x98\x99e\xc1&QZ\x82O\x08\xed\xa4\xd2\
\xd0\xe2\xc2\xa5\xd0,\x5c\x89\x8a\x0b\x0d\xe2Ft\x91\xa0\
\x91\x99&\xf3\xfe\xff{\xef\x91\xfb\xcfLf\xfe\xc9\xa3\
\xe0\xd9\xcd\x9ds\xbe\xf3\x9d\xef\x9es\xeeO\x99\x85\xaf\
^\x84\x90+\xe4\xc5\x1e\x03\x03\x10\x02\xff\xcf\x08\x80\x05\
\xd8\x81\x00\x1c\xb4\x7fc\xdf\x9fU`\xfb\x09A\x9eF\
\xb3v\x91\xc9nCx\x0dh\xdfBx\x0c\x98n0\
\x0b@F\xf1\x84 \xb6\xd6\xa1v\xcc\x18\x90\x94I&\
\xc4\xc0\x18\x13\xca\xfb\x80\x05}\xaa(\x9e|\x94\x9b\xb5\
\xb9\xf2\xd2\xf4\xb2\xf3\xcb\xcc\xad]D|\xe4i\x0a\xda\
\x9aA\xddrh\x9fY\x04\xb0\xcf\xddpj\xcc3\xed\
\xc6g\xbb\x1f\x9e\xdbpg\xe9\xdcu)\xe2\xa9K\x0a\
 f!\xb7\x90\xbf\xa3\x80\x0d\xa0\x8a\xacH\x8c<\xe3\
\xe0\xe8H\xb9\xc8\xfd\xd9\xffi\x0dDj\x0ch\xd56\
\x91\xcf\x7f\x07<\x0f\xaam\xed\x80\x04\xab\xd0\x9b-\xa1\
8\xa1C\xe7\xdcZ\x17\xc3\xf1\xa3\xc3\xf1\xad\x05\xfb5\
\xd3\xf1q\x0a\x22\x80P\x12D\x0d\x14\x8b\x1a(\x02\xf3\
%\x87A.\x81c\xd3\xa9?\x9f\x17\xa8a\xd96k\
\x8f\xc0\xb4\x0dx\x1f!\xa4\xcb\x80 \xc02(CB\
\xbd\x0b\xb6\x22<%!\x01\xf6\x88\xf9\x8fa.a\x02\
\xe2}\x81E\xf9\xf2\x1b\xab\xb8\x87e\x16\xd6n\x90\xf2\
\x04\x07-\x0b\x90\xa5\xe4\xa8\xc7\x8d\xbd\xcb\xe5\xc5\xc9\xaf\
\x91\xbf\x19C1\xebG\x12D\xec\xecM\x89\xa7\xee?\
\xa8\xcd\xde\x8e\x87\xa5l3=W\xba\x22R'_\xb7\
\xf5\x8a\x01\x83\x1d\xb8mVoU\x16'\x17\xc2\xd8\xed\
J\xa4\x1b\xba\x12Q\xffp=\xdb\xeb\xcd\xbe\xe5\xef\xa8\
\x10<wmV$G\xdf\xb1\xf5\xbb:T&\x9eR\
\xb6]\xff~l\xf4\xccT\xc5\xc9[8kQ(D\
\xc8E\xdbd|\x9c\x0f\xad\xa88\xa1\xd3\xb9\xd5\xe7H\
%V\xd8o\x1a\xd7\x14\xe4\xc5\x15\xeb\xe0/\xa9\xf5\xab\
\x7f\x16'Z\x07\x88v\xef\xb5\x93\x80\x86\x9b\xbc\xc7<\
/\x5cE\x99\x0b\xd7\x1e\x22\x95\x5c'W\xb11\x0c\xe9\
\x09f\xae\x19\xbf\xfe\xca\xbf\xcb\xd3\xdb\x1d\x12E\x1b\x89\
\xed\xfe\xea$8(\x8a\x1b,\xc2\xe68\xb9Kc\xa3\
n\x91\xf4\x1e\xe0\xa0\xad\xdd\x04\x93\x90du\xfb\xdc\xee\
Go\xfe\x1c\xcaw\x98\xac\x11\x89D\xb7M\x07\xad\xb0\
!]`\xba\x1a|.\x92#\xcfr\xbb\xee\xc0\x9d\xee\
\x92\xfd\xc6\xf9\xbb\x8bS\xdf\x84\xe0\xbd\xf99`f\xf0\
\x0e\x86\x08t\x03\xd3\xb9\xeb\x17D\xea\xc447\xaa\xda\
iJ\xc9\x13\x8a\x1b\xd5\xc5\xf2\xd2\xcc\x95\xe3\xc1\xfb\x16\
\x1d\xb4\x10<\x1f\x06\x9e\xcc\xad\xbe,b\xc9K\xdc\xac\
\xbb\xecL\x89Q\xcf\xb6\xaa\xb7+KS\xf3]\x9f#\
e\x19J0\xa0\xce\xafp\x97\xe5\x9f\xca\x95\x9e\xb0\xca\
+\xb1\xd1\x0ck\x1cs\x8f\xdb\x8d\x1fc\xacgB\xe6\
\xe3;\x8c|\xfe\xe0.)\x16\x18(`\x90tg\x92\
m\xb7\x8b6a\xee{\xbf\x94\xb6Z\xde\x16B\x8eq\
\xbb\xa9)\x16W\x1c\xb4~7u\xf3Rye\xa6~\
<\xdf\xa2\x93`\xa8\x82\xc1\xeb]\xcf\x1a9_\xbaJ\
\xc9\x91'\xb9\xb1\x17@H\xc5\x8c\x16\x1b\xbf\x10K\xf0\
\xa9\xf4{k\x0f\x0a\xc1\x07\xa5\x91\x1eC%Hs\xf5\
\xef\xddqooH\xa2\xa81\xe3q\x0a|\xeb6\xa1\
\x93\x1e\xba\xed\x81\xe4\x97\x86\x90p;\x8b\x0f[\xb06\
\xd0$\xe2J5\xf9<\xb2\xd9\xab\xc7& B\x0bR\
\x08h\xa6p\xe7\x93\x92D$\xc3\x07\x87\x8e\xd8\xdf\xd6\
J\x90 38\xc9\x03\x12Y\x10L\xe7\xc1\x01P\xdb\
\xb6\xb0\x96\xc1p+Av\xb2\xf6\xe6\xf2\x08#hX\
\xe3\x91\x8b\xea\xe1\xd4\xb7\x18\xcc\xac \xa5\xe0\x96\x8d\xf7\
z\xba\xfc\xf6\x0f/d\xce\xfc\x93$\xe3\xb6\xe2\xe9\xd0\
W\xd4\xfd\xc3WI\xd7D\xb2\xc5:\x80\xa8,NV\
\xf7\x0f\xe7J\x80\xd1D\x99\xf9\x1b?A\xaa\x87\xa1\xfd\
/,\xd3.\x91u/\x15\x83\x05Gv\x94\x93\x7f_\
\x02\xf7\xf5@\xfd\xaaB\x7f'\x22{ H0\x8d\x92\
\xe7\xcdr\xe0\xff\xa2\x8c\xb1\xafI\xc1\x1fCz\x0b\xd2\
\x8bI\x08\xf7\xf2\x1d\xf1T\xde\xc3:\xef\x96\xfb\x18\xd1\
\xb0:\xf8\x96\x02\xfb\xd6\x7f\xb3\xc6\x0c\x0av\xc4o\xc2\
\x00\x00\x00\x00IEND\xaeB`\x82\x89PNG\
\x0d\x0a\x1a\x0a\x00\x00\x00\x0dIHDR\x00\x00\x00 \
\x00\x00\x00 \x08\x06\x00\x00\x00szz\xf4\x00\x00\x06\
\x0cIDATx\x9c\xa5W]h\x5cE\x14\xfe\xce\
\xdc\xb9{\xb3M\xd26\xabEk+\xbe\xa8h\x83\xe0\
\x93\x08\x0a\xdaW\x11\xa5\xc2\x06E\x13\x88\x88\x15T$\
M\xd5\x07\x1f6\xfb h%\x8d\x7f\xa0\xad\xa0X\xdd\
V\xbb*\xbe\x09\x82?/\x82\xfaf!\x0a*\xd2\xaa\
\xd8Bq\xb7m\xb2\xbb\xf7o\xe6\xc8\xcc\xdcM\xb2\x9b\
\xddd\xd5\xc3^f\xef\x9d\xb9s\xfe\xbe\xef\xcc\xb9t\
\xd9\xd3\x9f\x8e2\xb7\x0eAx\xf7\x80\xf9*\x92>\x9c\
\x10\x00\xce\xc6\xb5b\x9em \xdd\xd3\xedm\xda\x13Z\
\x81\x89\xfeB\x12\x9f\xa8%c\xcfI\xad\x1b\xcf{\xc3\
c\x8fq\xd4\x04\xab\xf87\x1d\xa9\xbf\xedb\x22\xee\xa3\
\x8b\x00\xee\xb6\xaa-\xa2\xa7r\x22\xf3\xd7\x0733a\
Hx\xfe\xf54\xb2}v\xacq\xa1)\xc1(r\xdc\
JU\x1a>|ad\xd7\x09\x94\xf7\xa6\xf6\xe5G\x8f\
\xf8\xd8\xf9\xd7z\x13\xce^\xd5O9\xb0s\xac\xf7\xdc\
\xd9:\xe3\xe8\xfe\xc4E\x88i\xec\xe0\x89\xa2H\xe2\xe3\
\xc4<E\x85\x83\x1fh\xd6\xea\xe7\xfa\xe1\x07o\xb0\x9e\
1`\x16\x90\x9f\x7f\x95\xe3V\x02\x82\x87\xff.\x1a\xc2\
\x13P\xea\xec\xd6\xd1\xe8\xb63\xe5\xe9\xb0=Q\x98\xa9\
\x9c\x86\xa0\xdd\x82\xfc\x1c\x11\xd1y\x94J\x02\xa5\xaao\
BO\x8c\x11\xf2\x83+H\x88\xdd\xe4\xc9\x9d\xff\xf9\x12\
\xde.!s;\x01\xdeu\xa6v\x85\x8b\xa6\xd1c\x12\
!P#\x99\xf3D\x96(F\xb9\xacWRG\x94@\
%\x09\xb4\x0e\xa1\xd2d\xa0+M5\xd2\x84W\xc7\x84\
\xa1ReF\x02\x96\x11\xfd\xe1\xf6\x9f\x9bc\xe3\xa4\xb5\
\x86\x04\xa4\xcbKW\xdcX\x07^\xb0\xc5\x87J}\x88\
N\x5ce\x16\xae\xb91/\x0bp\x12\x02\xda\xc2\x87V\
\x98\xc3 \xab\x8c(\xe8\x89' 3\x00\xe4&\xc7\xa1\
\xec\xe8\xfb\x9f\xeb\xc6\xa5\x22\x92HA\xe8N`i\x0b\
ig\x95\xf5\x84%\x03\x0dbL\x8b\xdc\xd0>\x8eC\
\x0d\x227\xcf\xac\x91\x1b\x92h\xc6\xdf\xa3\x5cV6\xfc\
\x16e\xeb\x0c`7,.\xda?\xf5\x17'~\x07`\
\xae\x81dl\xe6\xed\x9b(\xb7\xf5\x0eN\x13m|v\
[jEC\xc3\x92\xc3\xe6\x0f4\xaa\xa7M\x96\xad\xa2\
r\xdb\x1f\xe7\xb4l{\xd2\xb1\xa3\x01\xc9\xdc\x9c\x87\xf1\
q\xc6\xe2\xe2j\x04\xda\xf7v\x84g\x22\xb6\xed\x1bu\
5I\xf1%\x11\x0a\xac\x95\xf1\x9e\x8c\xe7$\x03\x8fU\
rNsr\xef\x85\xf2\xe4%\xe0W\x91\xe1\xac#\xa2\
rm\x00V\xc4\x19\xe4\xeaAOaB\xb1\x0a\xd4F\
\xa4\x08.~H2w9G\x0d\x05\x12\x9e)6\x10\
\xa6\xbc D\xd2\xd8waa\xfa\x0cJ%\x89r\xb9\
\xe7~\xc2\xd6\xb5M\xebk\x97\x94\xbe\xf6P\x9dPc\
~\xfd-\x11\x0c\xdf\xc2Q3\xb5\xcaM\x9cI(\xf2\
}\x81\xb45U[\x98\xfe\x16\xa5\xafz+\xcf4\x8a\
\x8e\xbb\x81\x94\x9b\x0d\xf7\xa6c3\xc7\x9e\x15\xf9\xd1I\
\x0e\x97\x13\x10\xb5\xc1\x9c\x9a\xbc\xeb\xb0\xf1L\xed\xf0T\
\xb5\xbd\xb6\xf7FN\xa7\xe8\x89\x81\xbe\xcaM(\xf7\xa6\
\xdb\x0f\xbc\x7f\xb7\x08\x86_\xe0\xa8\x91\x02\x9c\xa5\x91S\
\xca\x8f\xfa\x1c.\xbfQ_\x98|ic\xe5\xab\x22\xd7\
\x1cW\x1bK\xf1\xa4\x87\xf2DZx\xea\xdd\x1bY\xe6\
*\xac\x94\x86f\x91\x81.\xa5\xfc\x88\xe4p\xe9\xb3\xda\
\xfc\x03\x8f\xe3\xa4\xf40q\xa7\xa3\xf4&\x22\x9c\xf5\x9b\
X`X\xb1g\x91\x0bO\xbe\xb7\x95\xfd\xe0\x13!\xbc\
\xadP\x89\xa9h\xc2\xd2-\xc8K\x8e[\xa7\x10\xa9\xfb\
W\xe9<XTE\xe7\xed\x5c\xaf5\x8e\x92\x86B9\
\xaf\x22\x82\xfc\x0d\x1c\x87\x0etZgtK\xcf\xa9\xb8\
uo\xed\xb5\xc9K(\x81\xd6\x96\xf5\xbeB\x1du\x00\
\xfd\xad-}\xe5\xd9\xbc\xcfT^\xa4\xfc\xe8\xdd\xdc\xbc\
\x94Z\xd0\xb1fx\x86n\x1c!\x89\xf6]|e\xfa\
\xb4K\x13\x0d\x14\xfa>\x11\xe8\x92\x0cH\xdbg\x8eM\
y\xf9\xe1g\xb8\xb5\xe4\x94\xaf\xa1\x1b\xc7\xd1Tma\
\xd2\xd1\xad:\xf1\xaf\x94\x1b\xc9\x0c\xe8\x91/\xeb\xcd\xde\
\xb40S\xb9E\xe4\xf2G9\x09\x15\x98\xb3\xde@8\
\xbaE\xcdg\xeb/O\x9e\x1c\x14\xf1\xfd\x0d\xe0n\xcf\
K\xc2x\xb3\xe3\xe0;W\xb2\x94\x1f\x13\x10@)Z\
\x83x\x9f[Ko\xd6\x0f?t\xe8\xff(7\x92a\
\xc0\x9d\x14N\xcc\xf1=g\xc3\xaf\x1a\xe7\xaa\xc2\x0fv\
s\xb8\x9c\x95Y\xadh\xcb6\xa9[K\x9f\xd7o\xf5\
\x9f@\xe9d\x0e\xe3\xe7\x15J\xbcq*\xcd~}\x80\
)\xd7=)V\xcd\xa1\xa1\x0a\xb3\xd7\x1d\xa1\xfc\xb6\xdb\
\x1d\xe8LqgM\xb9!O\x87\xcdo\xeb\xbf\xcb\xbb\
0o\xf3\xfd\xafs\xde\xddi\xcb\xcc\xe9,\x02U\x03\
\xa4\xb80s|\x1f\xe5G\x1f\xe1\xd6\x92)\xb3\xa6O\
g\x08A\xac\xf42\xa9\xf8\xd0\xf6k\xbcq\x9e\xad\xf8\
 V\xd0\xa2\x7f\x93*4\xfb\x9e \x9d\xaa\xa86?\
\xf9Sg\xb2]\xd4\xe5\xaaUk\xa6\x88\xae$C3\
S\x80\x5c\xf7\xe3\x88\xaa\x93<\x84\xf8X\x90\xd7>\xf5\
\xb1a\xcb\xca\x02,r`\xb4\x0cE\xaf\xb5,\xe9\xfa\
\xd4\x90v\xf7\xae\xb3\x80\x0c\xb7\xdb\xdf\x06+\xd6\xd9{\
\xa7N\xa5\x83\x9e^\x1aJ\x99\xbe3\xc2\x9e\xe2\xfaw\
\xa8\x17\x06\xec\x84\x09\x8f0^\xbbZ\xbfn\xbe\xc7\xb3\
^\xc2\xe6\xac0)\xca\x80\xddCD\xd6:j\xcb\xfb\
\xdaH\xb6\x984\xb46\x16j[\xf1:/\xf3L\xdb\
o\xac\xcd.B\xea\xd6SFS\xd3i\x81,k\x0c\
\xee\x98a\xd0m\xd2\xedgU\xcc\xa2\xda\xc7\xb1\x8f4\
\xc7\xdf\xc4\x8a5\xcbN\x90\x11{\x8eN*\x19 \x0a\
lt\x93\x94A\xe4hX6?\x97\x8a\xd9\x8a\xe0$\
RT\x98\xad\xfcM2\x90\xacZE\xf6\x82\xef\x86c\
\xc4\x7f\xa6#\x1a\xe7\x96S\xec\xd9A\x18?o\xfa@\
^\x09\xe1\x8fU{2\xa2<\xd7y\x86n\xd6S\x98\
\x9aq\xba!v\x0c\x0fK\x95\x0f\xc7!\xf3_ I\
~\xa1\xcb\x0e\x1c\x7f\x1cC[^7h\xe7\xd6\xf2E\
&j\x9a\xdcQ\x1bp&\x93\xdd\xc7\xb5\xed\xc6\xbb\xdb\
KZ_h\xcc\x9bm\xe3\xec\x7f\xdb{\x04\x22\xc8\xef\
\xb0}`\x14\xdeg\xb7(\x1c\xa8\x14!\x83\xfdP\xc9\
\xcd\x00\x17 \x0c\xcd\x06\xc3\xd9\x8a\xfau\x9f\xf1\xbd\xc4\
B($O\x9e\xd2Qk\xde\x9c#\xff\x00\xea\xc7W\
N\xa0~g|\x00\x00\x00\x00IEND\xaeB`\
\x82\x89PNG\x0d\x0a\x1a\x0a\x00\x00\x00\x0dIHD\
R\x00\x00\x000\x00\x00\x000\x08\x06\x00\x00\x00W\x02\
\xf9\x87\x00\x00\x08\x98IDATx\x9c\xcdZkl\
\x1cW\x15\xfe\xce\x9d;\xb3\x0f\xaf\x1d\xaf\x93\xa6\x01U\
j\x05j$R!!\x1e\x82J\xf9a#$$*\
 D\xd8\x90\xd4i\x13!QZJ\x93\xd8\x94\x0a\x09\
\xc9^U\x08\x14\x88\x1d\x12\xa9%\x88\xaa\x0a\x8e\x9d\xd6\
n\x84\x04\xea\xe3\x1f\xfc\x88x\xfcA*R#\xa1 \
H\x04U\xda:\xf1\xfa\xb9\xbb\xf3\xba\x07\xdd;k{\
m\xcf\xac\xd7\xdeM\xcb'\x8dw\xd7s\xe7\xce9\xf7\
\x9e\xf3\xddo\xce\x1d\x02\x80\xfc3\x93;\x84\xc2\xd3\x0c\
\xf5\x10\x14\xdf\x0bV9\x00\x02 \x06\x98\xd0(\x1ao\
\xb9\x0d\x90\x02\xd1\x02\x84\xf8\x171^\xb9\x9d\xa5Q\x14\
\xfa<\xd2\xc6S\x10\xbcN\x99\x8e\x07\xd9]\x04H\x80\
\x84\x04\x88\xa2\x83\x19\x1f\x1cx\xedO\x15\x82\x95\x02\xa5\
\xda\xc0\xe5\xb9\xdf\xed\xc9\xd9\xbd\x92\xfc\xf0)\x91m\x7f\
P\x95f=r2\x8e\xf2\xddy\x0e\x83\xab\xc4|;\
\xf2\x9am\xd6^m\xea\x08\x09\x80E\xfd&fF\x05\
\x18V\xf4\xbd>\x88\xc1 P\xd5\x0f\xc9\xe0\x8f\x0a;\
\xb5\x87Ks\xbe\xc8\xb6\x7f\xe5\xe6\xe2\xd2Q\xc9P_\
VnY\x91\x9dv8\xf0&\xc9\x0a\x07gN\x1d\xf9\
/\xfe\x0f\xb1\xe3\xf8o;aUF\x84\x9d:\xa6<\
O\x01\xdcG\xf9\x81\x89\x9b\xc2v\xf6p\xe0M[\xe5\
\x99\x8fL?\xf7\xe4\x22\x86\x86\x04\xd0-pu\x9a;\
\xef\xf1\xf7\x93\x9d\xfa\x14\x05\x9e_w\x84\x1b\x18\xd1\x86\
\xc0`\x08a!\x0c\xe7f:><\x86\xe1\xee\x10\xc3\
\xc3\x84\xab\x0f\x10\xa6\xfa\xc2j\xc8_'\xe9t\xb2\xef\
\xdd\x90\x00\xdaaI\xb0\xef\xbei\x8c\xef\x9d\xb4P\xe8\
\x0b1\xd4-\xf4\x05bp\xe2\x90\xe8\xd8\xf9\x18/\xcd\
\x02\xc2j\x89\x8d\xf5\x1d`\x90\xed@-\x14\x8b\xc0\xf4\
8\x88\x82\xea\x19\xa5\x07\xb6X\xe8\x9b\xcb\x0f\x8c_#\
a}\x06\xe0NI\xc4:cu\x04\xcf\xc4\xf2\x08\xf3\
\x22\x97\xe6\x03vK\xba#\xed\xf0\x9d\x86B\xe0\x08\x06\
\xde\x03z\x97\x8d\xaf\x85f\x979c\x1aQJ\x9a\x84\
\xd2\x08\x11\x9a\x09\xdc\xf7\xd6\x1a'\x18\x10D\x14\x19\xbe\
\xfcy'\xc1\xd0t)L\xf2\x16V\xc2\xb26<5\
\x11\xa8\xaa'\xd6\xaaA\xcb\xb9\xbe\x0e\xa4c\x9b\x0d\x05\
-\x7f6\x07\xd2\xdc\xdc\x088\x1a\xd0\xfam4\xe1G\
\xaepB\x122`\x91\xb4\x09Dv\xd39\xa0m\x0f\
\x1b\xb0\x0b&\xa8\xe3\xc2g\x036\x0f\x09\xc6\x1c\xfb\xde\
-f\xf6\x10\x86u\xdb\x138\xd9C\x021\xa3B\xe0\
\xbb!,+y]a\xc3h\xcc\xecl\xd1\x81u=\
\x16z\xcc\x08t\xb4\xbb?\x99\x9duGE\xbam\xd3\
a\x0b\xc9\x8f\xa5\xd9p\xc9\x96mN\xa5\xe4+\xfa:\
R\x99_#\xd0\x1c\xae\xa5J\x0c\x88\x14\x84\xa6E\x8c\
\x9a\xdf\x9a\x15\xa7\xfa\xf4\xb4m\xe2@\x82y7\x0a\xc7\
*\x00\xf4\xd1\x14\xd2\x03\x17\xf6\xc2I\x9f\x86\x0a\xa5\xc9\
\xa5\xf8T\xf0)\x93\xb3\xb9<\xff\xd3\xe2h\xffy\x0c\
\xb1@\x81\xc2\xd8\xbc\xdc\xe0@2\xc8LN#\xa9W\
;\x08\xba}\xef\x94\x19\xe5\x1d\xbb\xfc\x8ePX\xbf\x17\
B\xeed\xb7\xac \xb4\xecX\x7f-\x07\x94i\xb7\xb9\
\xbc\xf8\xf2\xcc\xe9\xfe\x1fbhH\xa2\xb0y\x1e\xd4v\
\x94\x1c\x94\xc6\xe3\x06\x0e\xaa9\xb4\x07\x9a\x92\xa7\xfaB\
+\x831\x91\xca\xece\xaf\x1c\xc4\x1b\xafBJ\xb7I\
vK\x7f\x9a\xb9\xe5\x1e5J`x81lj-\
\x16-\x97\x02\xcb\x18\xfa\x83\x85B!\xe8\x1a\xb8x\x8a\
2\x1d\x0fqy1\x88]G\x14k\x1df\xb1_\xf9\
\xb7\xf4\xd4A\x5c0!\xdb\xb0=\x9b\xe6\xc06\x8d\x97\
\x9a\x04\xbaN\x8c=J\xe9\xdc\xd3\x5cY\xd0\xc6od\
(f\x05)I\xb1\x9ag\xb7r\xe0\xbd\xb3G\xdf]\
\x912\x0d\xa2f:[$\xfc\x8d\x01=A\xd7\xc9\xb1\
\xcf!\x95>\xcf~%\x04\x1bz]\x9bE:\x91\x85\
0J\x1d~\xf0\x8d\xd9\xb3G\xffn\xe2\xbe\x0e\xe3\xc4\
\xa1\xb5\xd2@\xc7n\xa1/\xdcub\xecC\xa1\xe5L\
\x09F\x8a\xc3PK\x83\x8d\x14@\x14\x92\x93\x91\xaa\xb4\
\xf8x\xf1L\xff\x1b\xcb\xb3\xd6\xd8\x8dV\x07\xbb\x859\
\xc0\x91\xe4\xfd\xf6y[I{R\xd8\xce=\x1c\xb8\xa1\
\xd15\x1b\xef\x1fP&'\xb9\xbcp\xaax\xa6\xff\x97\
[3~-V;WM\xda?\xf4G\xb3\xe0\xe4s\
\xb9\xe7)\x9d\xddo\xd4+\xc5h\x8f\x88.%\x97\x16\
&gF\x8f<\x13\xd1e\xcf\x96\xc2\xa6\x16\xad\x99\x81\
\x95\xa4\xbdxRd\xda\xbf\xc5\xa5\x04\xc6\xd1t\x99j\
\x93\x5cY\xfas\x97\x9f\x7f\xa4\x86.\xb7}\xef\xfa\xcf\
\xb0\x8d \x1a\xc1 \x7f|\xfc\x8bH\xa5OG#\x1f\
\xa7\x898\x8c\xe8\xd2\xbdn\x91u\xf0\x9f\xe7\xbe\xe4n\
{\xe0j\xae\xa8\x91\xd3\xdb`\xa1\x88\xf2\x82]O\x8d\
\xdf\xafR\xf6\x84\xae\x1a@\x85bC\xd2j\xba\xb4\xa4\
.\x0c\xcc+/\xfc\xea\xcc\xd9\xc3\xefl\x95.[?\
\x03\xcc\x84}o\xf1]OL\xe6\x94#.\x93%\xbb\
\x10\xfa\xd1\xc3H\x02]*\xbfth\xf6\xec\xe1m\xd1\
e\x12Vo\xc6[\x9aJ\xc2\xf0\xb0^iU\x90\x0e\
.P*\xfbqv\xcb\xf1I\xab\xe92\x95\xb58\xf0\
\xbe[\x1c}\xf4\xb5(_\x0a\xdbb\x9cU\xc4\x8a9\
\xde\xa2L\xe8\x09\xf2'\xc6\x9e\x15\x99\xdcA./$\
$-\x07\x94\xed\x90\x5c\x9a\xfbYq\xa4\xff\xf9f\xe8\
2\x092N\xa26\x94\xb4'\x7f\xf3M\x91\xce\xfd\x88\
+KI2!\xa2\xcb\xf2\xc2\xd4\xccH\xff\x0f\xaa\xc6\
\xb7$l\xb6/%L\xe2\x15\x82\x1d'\xc6>Iv\
\xe6\x05\xf6=\x05V12A\xab\xcb\xacT\xee\xd2_\
\xdao\xb9U\xba\xecn\x8a.\x1b\xc8\x01\xd4\x876b\
\xaaW\xe5\xbe\xf7\xc2]\x96t.\x13Q\x16a\xb0\xf1\
!}E]z\xd7%*_\xbb\xb1Eu\xd9\x18\xb8\
\xdeB\xd6\x9d,\x13\x86\x86\xc9Ne_\x22'u\x9f\
\x11i\xeb\xb5}U]\x1a\xba\x0c\xdc\x03\xd3??V\
\xa5\xcb\x82)\x834\x8f\xe1\xba!\xb4\xa9L\xe8Z\xb8\
\xff\x9cH\xe7>\x1f\xc5\xfd:\xc6Y\xa6K!\xa0\xbc\
\xca\xe1\xd9\xd1G\xde4q\xdf\x22\xbaLB\x8d\x03\x09\
S\x5ce\x8e\xfc\xc0\xf8\xe3\x94i\x7f\x82K\x09\x8c\x03\
\xad.\xb3\x16\x05\xde\x93\xc53G^\xd5\xa2\xae\xd5\x8c\
\xb3\x82\xd8gbN\xd6\xf6;N^\xec!\x99:\xc7\
n)\x84)\x9d\xacW\xc7\x1cR[\xa7TK\xb3\xa3\
\xc5\x91\x87\x9f\xc3/^K\xe1\xcab`\xaeo\x06S\
\x9b\xcf^rY\xc50G\xaf\xda5xi\xaf\xb2\xc4\
K\x80\xb2\xa0T\x8c\xb6\xd7\x1a'c\xa9\xa5\xb9\x17\x8b\
#\x0f\x0f\x98\x7f\x1d\xaf\xea\x9c\xf7\x012\xf9T\xb7\xd6\
4\x81\x1a\x98\x18\xa0tn7/\xcd\xfa\xa6:\xb7\x06\
:\xee\xa5\x16h\xef\x80\xf9\x95\xae\xef\x8f\x7f\x01J{\
HM$m\x00\xa4\xd2`\xcf_\x9c9}\xf8\xaf\x8d\
;\x90Ds\xc4\x840\xd0\xe7b\x0a+DF\xc01\
v\x0b'\xf5\xaay<l\x96\xea\xd9\x06\xc9\x0c\xd8\x9d\
\xbb\x06`o\xe3\x0e\xa8\x84Ac\xd2I[\xbf*D\
\x10\xec\xbbQ\x01\xb8y(C.\xc4\x0b\x89-j\x8a\
\xcc53\xa0K\xf21mI\xcb\xce\x06\x109\xd9\xfc\
>%\x9b\xda\xa86\x86Z#\xa7I\xdcQ\x1eO\xc6\
J\x1e\xd5u\xa4f%N\xd0B\x9ay\xee\x80\x86\xd9\
\x14\xdc\xd8\x03\xd6\xe6e\x15\xed\xbf\x10z\xbf\xc4\xd2\xab\
l\xfc\xcdV\xfe\xb4\x00\xac\xf7\x22\xe2\x17\xd6\xabST\
\xb3\xe9\xadC\xcd\xd3\x0e\x98pc\xb3\x89\xa6w!u\
AV\x87\xfd\xb0\x1ey\x02\x8b\x11vK\x97\x04\x10\xb2\
\xafb\xa7\x93,f\x9f\xabS.\xe46=\xf1\xaa\x9d\
\x01v\xe0\x09\x0b\xb4X\xddz\xa9\xee\x8c\xe8W\x0a\x8a\
\x02\xbd\x93`\xf8J?\xf81cAo\xf0-\x82U\
\x1eL\x1fC\xc1\x18\x11\xf5T\x88\x86\xb48r\xe8?\
\x00\xf4\xf1\x01\x81V\xbf\xfe\xea1\xdf\xfcgpbg\
TD\xe6\xb7%\x13\xfeA\xa1\xffY\xb2DO~p\
\xe2\xc7R\x05/*\xd9\xf1\xee\xed\x8a\xe3\x01\xd7p\xb7\
\x93\x97\xbeG\x16gS+=\x095\x9f\xb8P9\xd9\
\xdd\x89I\xef\xe0\xb6\xbaq=\xe1\xe4}m\x0a7\x8b\
kg\xaf\x98\x8f\xee\xa3\xab\xdc\xf3\x0f\xd8\xbb\xd8\xed\x0c\
\xa5<\x00\xd0\xa7\xa1\x02m\xcf\x15\xea\x1a\xbct\x90\x9c\
\xf4e\x0e<\x90\xd9/\xae\xb8\x0c\x9a&pP\xdd\xe8\
\x17\x1c\xbd\x1a\x10M\xa7\xde\x88\xae\xb3\xd2\x92\xd9AL\
|I\xa4J\x08qk\x22t\xd6*S,\x889I\
\xfaU\x03\xe2\xbc\xb0\x9c\x0e\x1dQ\x1c\xfa>8\xf8\x84\
i\xdcur\xec\x04\x9c\xec\xb3\x04\xe4V\xfa^\xd9\x98\
4?\x92\xec\x8dua\xebg\xd0\x00\xeb/\xe7\xaf\xf6\
\x94K\x14T\xbes\xfbt\xff\x18E\x05\xd9\x82\xea\x1a\
\x1c\xdbGV\xfa\x10\xb3\xda\x0fV\xf7B\xa9<\x83\xd2\
\xa4\xd7\xf6\x84\xfd\xa0\xf7\x11\xfa\xbd\x88%\x16\xe2m\x12\
\xf2J\xe8U\xce\xcf\x9d9\xf27M:\xff\x03\x07\x9e\
;\xdb\x83\xee\xa5\xfd\x00\x00\x00\x00IEND\xaeB\
`\x82\x89PNG\x0d\x0a\x1a\x0a\x00\x00\x00\x0dIH\
DR\x00\x00\x00@\x00\x00\x00@\x08\x06\x00\x00\x00\xaa\
iq\xde\x00\x00\x0b\xc1IDATx\x9c\xdd[k\
l\x5cW\x11\x9e9\xf7\xdc]\xaf\xedM\xb2N\x13\xd5\
-USTBq\xa0\xadh\x05H \xd4\x14\x09\x8a\
\xda\x1f\xa4\x8a\x97\x12\xd7\x09\xa4\xf4AQ \xb1\x0bB\
\xa2t\xbdT\xfdQ\x14\xd9m\x05\x94>hIj;\
\xc2\xe6G\xc4\x8fV\x82\xd0\xb4j\x7f\x00\x12HP9\
\xa5\x8fT\xb4<Zh\xbd\xeb\xd8\xbb\xde\xbd\x8fs\x06\
\xcd\xb9\xeb\xc4\xeb\xda{\xef:\xbb\xb6\xc3\xf7#\xd9\xf5\
\xdd\xf3\x98s\xe6\xcc73w\x0eB&# \x9b\xd5\
\x9b\xee\xfcq\xbb\xdf\xba\xb9\x17A\xdd\x00\x04\x97\x11\xe9\
\xcd\x88\x90\x00@\x0b\xcee\x10h\x02(\xa1\xc0\xb7\x01\
q\x02\x85\x18\x9b\xbc?=Zy\x8a\xc8\xffv|\xf7\
\xc8G\x00\xe4\x11\xb4\xe4\x15@\x1aH\xf9\x00Zqk\
\x05\x84\xb4J37s\xab\x1b\x8b\xb6B\x01\xc2B\xb4\
\xa4\x11Y{\xee\xef<\xadn*\x0c\xf6Lbg\xe6\
\xd7\xad\xce\xcc\xcc\x1f\xb0u\xddGiv\xda\xaft\x82\
(c\x16\x08n \xcet\xba\xec\xa5X\xe95\xe4\xf1\
x\xd2\x14|\xe4M\xf5\x1c\x00\x22#\x9fhOI]\
\xc8?\x93K\xbez\x83t\x0a\xa7\xba1\xde6'\xbc\
\x05\xd2FD\x04\xf2\xbc\xd7\x00\xbc\xbf\x11\xd2$\x12x\
\x80\xc8\xaa \xeb\x12F\x9b\x05\xb7\x00y\x15\xeb\x017\
\x14\x16h\xb2\xea]=\x02\x0c\xb6\x99\xfb`\x18a\xe8\
BDq\x15J[\x92\xef\x92.\xe6\x15J\xfb\x8b\x1d\
\xc5\xad\xd7J\x22y\x03R0\x08J\x1b\x89\xe8\x1f\xca\
w\xef\x9cJ\xc6~\x03\xd9\xb4\x0b\xff'\xe880\xf2\
\x09B5\x8cv\xecC\xe4{\x1a,)@\xb97J\
\x04}\x19i\x9f\x95\x1e\x09PiP=S\x837\xbf\
\x00\xc4g0#\xe0\xc46\x84\xeeJ/\xc7\xf2\x02\xe2\
e\x01\x1d\x9d\xabd\x17B\xf0v\x9e \x9f\xd2\xd0\xd5\
=o~\x03\x00\xdb\xb6a.\x9d\xfe\xe3\x86\xfe\xe1\xaf\
\x0b\xb2\x8e\x03\x90\x00\xad\x11@\x5c\xc9\xea\xb2\x19\x94\x02\
\xb4c\x96v\xdc?M\x0d\xedz\x012\xc7% \xb2\
\x15\x0c\xf4\xa8+`\x8aT\xdf\xc8\x93\xc2\xee\xf8,\x15\
<\x17\x08\xd6\x0e; h\x14R\xead\xfb\xc9|\x1e\
\xbe\x00Y\xd4g\x8c\x00\x83\x10\xba\xc7\xac\xa9\xf6\xee\x17\
S\x85\xd1\xd7\x85\x8cm5\x86\x9e\xe8\x02I\x08\xedH\
\xa4AH\x01\xc2y\xd94<\xf1\xae1\x1d\x8b\x0cu\
1\xc6Z/\x06*\x04\xc6q\xad\x80\x08\xd0\x8e\x03\x94\
<\x82\xf1\xee\xca\xe1\x9f\x0f$\xe8\xca\x10d\xd3\x1a\xfa\
F\xfe\x0eBn\x05\xdf\xe3\x07\x1b$\x02\xd8\x80\xdc\x03\
\x0bD\x93F\xf0\xaeM\x8bS\x10\x91C\x9e\xabI)\
\x05\xa4\xd6\x8e\x06\x18M\x15\x02\x01f\x8d\xb0\x01\xaa7\
\x90\x8fr\xa0\x16S\xc6F\xb2\x7f\x80\xd0\x22\x81H\x02\
\x00\xab; \x89\xdaF\x8f\x87@\x10\xc1\x92\xaf!\x15\
`Q\x85\xe1\xebP\xdbD\x00~\xb0\x12\xc4\x1e\x8e%\
\x0cM\x98?\x98\xc7\x8b\xa8\xcf\xb9\x80\xd3\x9b>7\xff\
\xa5\x9d(\xc3\xe6\xa7\x7fe\xad\x9d]l\x04\x10\x02G\
.\x8a\xeb`<\x5cd\xa7\xe1Lk\x9a\xbf:\x8b\xf6\
\x0f\x0a\x88\x07A\xfe\x9f\x9a\xe6\xfe\x9acV\xd1\xcc(\
\xc0`.\x04XY\x80\xe8\x90u\xceo=&\xda$\
 \xc9\xa6\xb1\x00;n\xae\x03\xa0\xd9J\xd7\x11\x0e\xcc\
\xdf\x909O\xb8\xee\x05 Z|W\x07\x06\x08\xb2Y\
\xee\xf7\xa8.N\xbfA\xca\xe5\xd9E^\x01\xe4q(\
\xca\xefI\x10\xe2,\x12]\x03\xd2\xde\x02\xbe\xc7\xc66\
\x5c\x14\x9e7\xbb\xf0\xbe\x93\xaf\xccw\x9e\x0f\xb0\x10z\
\x19\x1a\x80\xc1\xd1\xc8\x0f\xee\xfa\x114\x19\x1d\xfb\x9e\xea\
\x82D\xe2z\xd0j\xce\x99\xa9\x0d\xf6ad\x5c\x92[\
\xfa\x0f\x0a\xf5m\xe3\xc1\x0e\x0cD\x1eOV}\x0b\xb1\
\x01\x90!\x01\xdb\xc6\x11\xc6\xa1\xb1H}P@\xfe\x0d\
\x9d\xea,]\x08\xf1\xd81\x14\xb8\x89|_\x87\xee>\
\xef<G\xac@\x0e)\x7fgn\xb0\xf7\x15h\xbd\xd9\
x\xadK7\xaa\x96QV?\x0ca\xc1\xc0\xc5l,\
x\xc7\xd2\xe3p\xe9\xf9\xed2g\xfb\xa3h\xc7:\xa9\
\x5cT&\x1a\x0ci\x09(8\xaa\x93\xda\x99\xd9\x9b\x1f\
\xda\xf3\x22d2\x12\xb2\xf5\x19B\xb1\xe0\xeb\xca\x079\
\x03\x03\x16\x8c\xa7\xd5\xa4\xcc\xff\x14[\xda?M\xe5Y\
?\x82\xf0,\xbe\xc2\x966In\xf1\xee\xfc\xd0\x9eQ\
\x13\xbfd\xb3\xe1\xc2/\x90P\xc0j\xc2\xecX\xd6O\
\xf5\x8d\xf4\x89\xd6\xf6\xbdT*\xf8\xd5\xd4\xbc\x04\x88|\
L\xb4K*O?\x9e\x1b\xec\xbd/\x10~{\xdd\x14\
\xf8\xfe\x05X\x8a\x05\x9a)\xfc\x81\xc3\xd7\x09;v\x90\
\x9cY\xc5\x9eYh;\xd2\x0a[\xda\xa5.\x17\x7f\x9b\
{+v\x07Gy\x90\xbd\xc6\xb8\xf2g\xb9\x00\x04+\
\x063\xe9\xac\x7f^\xdf\x91\xad(\xe3\xa3\xa45\x98\xd0\
$\xcc\xea\xb3\xf0\xb1V\x8b\xdc\xd2\x84\x9e\xd5_\x86\xf1\
\xb4\x86\xae\x09\xf6\xe8\x96=yY\x17\x0b4\x02\x9c\x85\
\x86\x09\xda\xf8\x9d\xa3IM\xa5_\xa1e\xa7\xc8-)\
\xc0\x90\xec\xb3\xa1\xbb\x98E\xda\xfb\xaf\xaf\xdc/M?\
\xbc;oX\xa9n\xc3\x5c-\xa3\xa8z\xc6;\xd1\x5c\
\xf0\x0e\x074\xa5\x8b\x870\xd6\xfa1rK~\x04\xe1\
\x03\xba#t\xb5\xeb\xee\x9c\x1e\xda\xfd:\x8c\xb1\x16\x9d\
=+\xc9\xea\xe95\x99\x052\xc7-6V\xa9\xbe\x91\
{!\x91\xdcA\xb33\x11\x8c\x9e\xc9U(\xb4m\xa9\
J\x85\xbdS\x0f\xec~\xc1\xd8\x8ftzYFo\xe1\
Q\x97+v\x04\x8c\xd1\xdb\xee\xa7\x0e\x0c\xef\x12\xf1\xc4\
\xddT*F\xb4\xf8\xa08\xfeP\xa5\x99\xbb\xa7\x1e\xd8\
=r6\x16\x7f1\xc8y\x03\x85;B\xcb\x05\xabk\
:\xed\xaf\xdb\x7f\xe8j\xb4c\x8f\x91\xe7i \xcd\xe9\
\xf2\x08t\x97\x94T.<>5\xd8s\xdf\xdc\x226\
rjb\xfe\x17l\xc6[ 6z\xe9\xb4:\x7f\xdf\
\xd8&)\xe3\xe3\x88\xa2\x154G\xd4\xa1n\xae\xcf\x8e\
\x8e.\x17\x8e\xe5\xde\x92w\x04\x06o`\xd9t\xb7\x14\
\x044\x17hrq\x99\xe3\xd2\x89\xf9\xbf\xc4X|\x0b\
ye\xb6\xf8\x22\x9c\xee\x12\x92\x5cgB\xcfR\xda\xd0\
\x1d\xa7\xb7\xcf\x82\xee\xce\xcc\xa8\x16\x0b`\x83\x1d!6\
z\xe3i\xd51\xfd\xaf\x87DK\xfb\xf6Hn\xee\x1c\
\xdd)\xff]\xe1\xfa;N=\xdc\x93\x87\xee\xb1\x90\x00\
\xa7^\xe0\x0ah@&0V\x1b\xfa\x86\xbf\x89\x89\xe4\
7\xa8\x1c\xc1\xcd5tg\xd6\xc7\xd3~\xa9\xfb\xbd\x87\
z^3\xf6c<\xddp\xd5_\xc2\x15\x06j\x9c\xa7\
\xb7\xdd_\xbf\x7f\xf4Za\xc7\x1f$wV\x01\x99\xf7\
|\x11\xe8.&\xb4\xe7\xec\x9d\x1a\xda\xf3|\x85\xee\x9a\
&|\xfd)\xb1(0\xf5\x06i\xb5\xbe\xff\xf0%\x96\
e\x1d1\x82k\x1d!\xb6\x0f\xe8\x8eJ\xa7\xee\x99\x1a\
\xea\x1dn4\xdd-\x05\xd1P?\xc0\xbcO\x04\xe0W\
\xee\x02lvs7\x83\xef\x86\x1b=\x1d\xd0\x9d\x9e\x9d\
y\x227\xd8{o\x85\xee\x9a\xb3\xf3\xb5\xc3a}6\
]s*\x8a\x83\x1c\xed\x14\x0b?\x17-\xad\x1f'\xa7\
\x14\xc5\xe8\xf9\xc1\xce\xcf<\x9b\xff\xf3\xab\xb7W\x02%\
S\x9d\x01+\x00\xd10\x0d\xc8dL\x84\xd7\xd1\xf7\xd4\
\x0f0\xde~S$O\xcf\xd0]\x8b\xd4^\xf9\x84O\
v7<\x9f\xf5\x83\xe8\xae\x99\xc2W3\x9d\xacz\xa6\
\x97\x19\x0bTb\xfb\xf5\xfd\xc37\xa2\x9d\xf8!\x95Y\
x\x88Jw\xefY\x8av\xe4\x87\xd2\xb9`\xf7\x9bk\
\xf4\x16B4*\xb6\xdf\xf0\xad\xd1\xcb\x85\x8c\xfd\x82\x94\
\x1f\xb8\xb9\xb5b\xfb\xd3t\x87\xae\xf6\xcb;\xdf\x1b\xfc\
\xca\xabf\x11\x9bHw\x91\x16@\xd7k\x03\xd8\xe2\x8f\
u\xeb\xe4\xf7\x0em\xc4\xb85.@$\xc1\x0fss\
\xe7\xe8..\xb4W\xba\xf54\xddE\xc9\xe7\xad-\x1b\
@\xc8\x95\x17\xfc\xc9\xf6b\xc3\xc2n\xd9j\xdc\x5c\xf3\
\x966B2\xd3\x99\xbdgjh\xf7a\xb8\xed\x11{\
\xb5\x84_$!\x02\xd1\x91\x19\xe0\x08O\xa5\xfaG\x06\
1\xd1v]\xe0\xe9E\xb1\xf8I\xa9K\x85's\x83\
=\x01\xdd=z\xfb\xaa\x09\xff\xfeh0j,PQ\
\xd9\x8e\x03\xc3\xb7\x88\x96\xf6\xfd\x91\xb2\xb9\x95\xe8\x8e\x9c\
\xe2\xb3\xf9d\xe7m\xe6\xf8\x0c\x98\xe8neS\xf15\
\x83\xa1:\x8c^\xaa\xef\xd0g\xc0\x8e?l\xd4>\xcc\
\xcd\x9d\xa3;\xd7y\xd9+\xb9\xe9\xd3N\xceJ\xe4 \
\xeb\xca\x0ac\xc8n\xf0\xaeqt\xb7\xef\xa9\x0f\x80\x88\
\x8f\x99\xf2\x1a\xa5L\x85\xd9\x92m\x884\x17]\x92\xf2\
'\x85\xe7\xee\x98\xf9\xc9\x9e\xc9\xc6Gw\xcb\x87\xac\xfa\
V3!\x12\xb8\xb9\x97\xee\xfbd|2>5.\xec\
x'9!\xaf\xb0*tG\x80\x1ejg\xe7\xe4\x83\
\xbd\xaf\x04\xc7g\xb9\xf9\xbcF`\xd1\x9c \x86\xb7\xcb\
\x00r\x16v\xb2\x7f\xe4g\x22\x9e\xfc\x14\x958\xa1i\
\xdeL.=\x10\x0a\xc0xBP\xa9x\xeb\xe4`\xef\
s\xb0\xe7\xc9\x16\xd8\xd6\xe6\x99Eh\x06Nl\xa3z\
}\x09Y\xfdU\xd78\xf7\xa8Rw\x1d\xb9K\xc4[\
\xbf\x1a\x08\x1ff\xf4P\x83\x1d#*\xcf\xf4\xe5\x06o\
~\xc2\xfc\xed\xd0\xd7\xcap\x08V\x17\x0b\xb4\x5cV=\
\x5c\xca(\x8dukV\x12$\xbd\x1b\x94\x22.\xa6\xae\
=\x08h\x946\xc7\xf5\xaf\x90\xb0\xde\xe4L0\x08\xd4\
\x5c\xff\x00\xcd\x00\xb3\x97\x1dC\xf4\xfd\xc9\xdc\xc1\x9b\x8e\
\xd5\xd3TF\xfa\xd5\xe9\x8a\x0b,D:/\x08\x82\x94\
\x07(\xf0\xc3\x22\xdezt\xae\x82\xa7i \x0d\x18o\
\x03=3\xf9\x12\x00\x5cn\xc2\xf2\x88\x0c#\xab;\x0a\
\xd9\xa1:jo\x82\xdf\x13P\xb9\xd0\xfc;\x07\x08\x0a\
4\xb0\xb5\x0dJd\xea\x80\xac\xee(\xd4\x11Z\x06u\
\xa1U\xd7\xa2-\x0b\xc4ue<N\xdd#\x89:\x07\
Z\x13\xdc\xbd$\x96\x91\xd3\x14\xd5\x1d\x84\xa9\xaa\xa9 \
_\xc3\xa8lP`\xb3\x16\xc7\x02-\x17\xd5Oko\
0\xadq\x0d\xe0[\x00ge\x030\xccr\xb2\xb1a\
~7\xaa\x161pj\xfa\xf97\x08\xe6\xc3s\x0b\xff\
%\xd3\xb8y\x0f\x08\x84\xba\xbe*1@\x89\xb6-@\
I\x11\xb5RtE\xaanHK\xb0b\x00\xe0,\xed\
\x96\xf3\xad\x97\xf1\xe0\xd2X\xd0\x06y\x09\x1c\xae:0\
Q\xd0\xbc\xde\x10\xe0\xb9\xea\xc6\xd9l\xc0\xe4\x08\xfb\xa9\
8\xb3IY\xda'\xc5\xb5\xf3\xb5\x81Z\x13\xb2\xd64\
\x1b\xc2\x22Q*Z\x00~\xae2\xdf\xb0\xb3\x1c\xd4#\
\x13MK\x02,!P\x8b\x09\x05Il0/ s\
O[@\xc4EK\xa7\xeb\xe8\xf9\xc3\xd4\xc1]\x7f\x85\
s\x0b\x95M\x22\x80c\x8f\xb2\xc0\x9a\xfaGcF\x09\
\x84\x05\xa8\xfdw\xb0\xa3\x7f\xf4$\xa0\xb8\x04-\x8b/\
LN\xe4\xda\xac\xab\x96y[l)\x8d\x98;\x03\xbc\
\xc2\xe1\xbd\xd4\xb2\xe0\x8b\xdc\x00\xa9\x02\xa7\xd4Cv\xbf\
\xa3\x7f\xe4/h\xd9\x97s5\x0c\xf9\xee(\xa6\xfaF\
\x0e\x8bx\xa2\x97\x9c\x92\x87\xb1\x16[\xfb\xces\xa0\xe0\
~\x04\xf9R+@\xee\x9f\xc5\xbconb\xc1\x84u\
q\xd7\x16\xe1\xc2F\xe1\xbf[\xae2\x00\xd2\xcfk\xab\
\xad@\x00\x17-9\xb0\xb5\xaeHo\xbe\xed\xd6>\x0e\
\xf9\x14\x0b\xa5*\xef\x06j#j>\xe1\xb6G\xecu\
m\x22) y\x11Zz\x9f\xb0\xec[\xc8s8A\
ci\xbf\xdc\x83\x1b\xf7\x8f^M\xb6\xf8\xbd\xb1\x8dZ\
i\xce\xdc\x18\x83\xea9\xa7xJ|\x09\x81/\x97 \
\x93\x8c\xb1|d\x11_P\x99\xab\xd1\xe7zn\xf6\x0f\
\xc2\xbcH\xe3c\x84\xd3(\x81\xb1\xe4&\xf8\xaa\xf1#\
F\xb8m\x09\xae\xf7\xf0\xcd\xb86\x04\xe8\xc4X\x02\xf8\
\x9d\x05\xc6[\xb8\xf6\xe0\xa4\x8d\xe7]a\x86I\xf5\x0f\
\xf7\x8b\xc4\xfa\x83\xe09,8\x87\xba,\x96m\xce\x89\
\x09\x03\xcf\x0c\x1c\x8c]-kd\x0f\x14W\x837\xd9\
{\xd1\x00\xfc\xbe\x82\xef\x0b\xd9\xf1\x18\x08\x01\xba\x5c\xba\
>?\xd4\xf3\xb4\xb9O\xc7I\x04\x13\xb2\xca\xd8\xf7\x05\
B\x17\xf0%c\xcd\xef7T\xb0ifsY-\xcc\
\x04W=\x8f\x17\x1d&*D\xb3\x91,S\x90\x9e<\
\xa9|\xef\xaeS\x83=G\xb9\xec&X\xee\xca\x15z\
\xe8\x1e\x8b\x9d\xb7\x05?\xaf@\x7f\x0e\x95\x7f%!\x5c\
\x00\x84\x1b\x00(\x81\x00q\xf6\x03\x02\xb5:G\xc0\xd7\
{\x10\x0a\x84\xe2\x1d@x\x19\x10\x9f\xd1\xce\xbf\xc7O\
=x`j\xae\xc8\xf2\x7f!\xce\xc2X\xfd\xd1\xfe\xee\
\x00\x00\x00\x00IEND\xaeB`\x82\x89PNG\
\x0d\x0a\x1a\x0a\x00\x00\x00\x0dIHDR\x00\x00\x00\x80\
\x00\x00\x00\x80\x08\x06\x00\x00\x00\xc3>a\xcb\x00\x00\x18\
%IDATx\x9c\xed]}p\x5cWu?\xe7\
\xde\xb7\xef\xed\xaedl\xc9v\xa8\xf3\xdd\x16B\xb0!\
|v\x0a\x94\xd6q\x87\x96\xe9\x10Z\x86A\x22\xb6d\
;\xa6!\x81\x04\x93H\xc2M\x03\xa5\x92(\x13 D\
\xb2\xec\x944N'\x05\xc7\x96Me\xda\xd2\xd2\xa63\
\xe5\x8f8\xb4\x81\x96\x81&\x14\xe4\x10\x13&\x09\xa58\
\xc1\x92V\xb2\xa5\xfdx\xef\xdd{:\xe7\xbe'E\x92\
\xa5\xb5\xb4\xbbow\xb5\xda\xdf\x8c=\xbb\xda}\x1f\xfb\
\xce\xb9\xe7\xfb\x9c\x8b0\x1f\xdd\xdd\x02z{5\xbfl\
\xec\x1c\xdc\x10\x13\xf8VA\xf4\x06 \xf1Z\x02\xfd*\
\x02\xdc\x80H\x1b\x89\xd0A \x07\x84\xb0\x80\xe8\x82\xd3\
\xd4Q&\x10\x11!d\x110G\x00#\x08t\x86\x00\
\x7f\x8a\x00O*\xad\x7f8\xf1\xf3\x9f<\x01'z]\
\xf3\xdd\x96!\x09'Z\xd5\xec\xc3q\xd6\x99\x10\x98\x8e\
\x88\xb4\xbes\xf0Z-p/\x80\xd8\x86\xa4_\x8bN\
\x12@+ \xad\xf8\x82\x00d\xf8#x]G\x15\x00\
\x03J\xa2`\xfa\x01\x0a\x09 -\xa0\xec\xa4KB\xfc\
\x00H\x0c\xc1\xb9\xf1\xbfN=t\xeb\xc4|&\x98\xc5\
\x00\x86\xf8\xd0\xdcq\xf4\x93 \xe4\xa7\xd0v\x92\xa0\x14\
\x90\xef\x02\x10\xf8\x00\xc4g\x07@\xe2\xff\xe6\x1eWG\
\x95\x80\x08\x08y\x85\xf2\x1b\xcd\xd2\x19-\xc7\x90\x8b<\
\xef\x19\xd0\xfe\xde\xb1\xfe\x1d\xdf\x9c-\xe5\x0d\xdf@w\
7\xc2\xa9-\xb8\xeeJ\xef\x01\xe94\xdcBn\x06@\
\xf3rgv\x0a\xbfS\xc7\x0a\x84\x11\xd1\x01\xa1-[\
\x12\x91G^vWj\xff\xae\xafN3\x01B7\x09\
\xe8E\xdd\xdcu\xb4\x03\x9d\xc6~\xca\xa5y\xb5\xcb\xfa\
*\xaf1\x10)\x94\x96$\x804\xf8\xfe\xb6\xb1\xfdm\
\xdfeu`V\xf6\xba\xae\xa3W\x09\x10?\x00\x94k\
X\xd7\x03\x82\xc8s&\x15\x88\x19\x10U\xa4\x0e\xa8f\
/GK\xf9\x12\x12\xe0\x8c\xf8\x97\x80\x8b\xd0\x84\xb4B\
;!\xc9\xcb~{\xac\xf1\xd2\xad\xd0{\xbd\xb2\x82\xc3\
\xe5\xcd\xe8\xc4\xd7R.\xad\x01\xd9\x92X\xe8`\xb6\xfc\
\x100\xe6H60f\x8cB\xad\x17\xb9\xd32\xf2\xc5\
b?8\xba\xebAY`\x8cr\xf3\xd4/r?\xbc\
dYh\x0b /\xcb\xb4\xe1U,/\xfc\x9e\x90\xe4\
f\x09c\xf6;\x9a\xd2\xbf\xf8\xfd\x14\xe0\xa3\x16\xec}\
\xd4A\x1c\xff\x03v' \xf0\x03\x16\xb8\x11\xd2h\xc7\
\x05[\xff\xa4\xbc\x1f\x81r\x7f\x04\x9aN\x01\xe2\xcf\x04\
\xc0\x88&p5\xea\x1c\x12\x06\xfaFC\x9c\x04H\x14\
\x22\xf2\xa5B\x8a\x84@\x8a\xf3-F}-D\xc1J\
5\xa6\x09\x1d\xb3\xe2\xca\x00!\xd1\xd1>\xc5`\xb1g\
\xa95\x22\x8a8\xa0w9\x00l\x06\x82\xb7\xa3\x93l\
\x227M\x0br*\xb2qh\x09\xf4\xdc\xdd\x00\xf0\xa8\
\xd5l\x8f\xbf\x11\x00\xae!\xdf\xe5//\xb0\xfaQ\xa3\
\xed\x08\xed{'\x81\xf4}\xda\xcf=1q`\xcfx\
\x14?\xb6\x8e\xe2\xd1\xdc5\xb4\x99\xbc\xec\xed \xed\xdb\
@\xf9:\xf0\xdef\x81\x10A+\x96\x19on\xe8z\
\xe4\x12\x0b@]\x8bv\xe3\x1a\xca\xa5\x15\xe0<\xb1a\
V\xbe#\xb4\x97;\x90\xfa\xde3\x9f\x80\xc7{}\xf3\
\xf7\xee\xc7,\xd8r\x96\xe0\x04\xf3\xdcp\x15\x04\x03z\
\xca{\xb9S'\xaa\xc1\xee\x99\x8b\xcd\xc3\xec\xc9\xd1X\
_\xeb)\x00\xb8\xbd\xe9\x13\xc7\x7f*\xacX\x1fy\xae\
\x9ek\xd3\x11\x92\xef\x11\xa0\xb8\xd2\xf1\xe1:\x0bP\xbc\
\xd6(\x9b\x0b~\x12)t\x12\x92r\xd9o\xa4\xfaw\
\xdci\xbe\xd0\xddmAO\x0f3J\xc0\x08yA\x08\
\xdd=X\x93\x0c\xb0\xb9LV`O\x0fq`nY\
\xc7p\xa0gs\x0b\xa5z\xb1\xbf\xa9s\xf0\xb7\x84\x9d\
|?y\xe9\x97m\x02\xb6\x97H\xfb\xe84\xdaZM\
\xfe\xba\xa5\x15\x5c-%K\x8a9\xb6\x06s\x08\x92\xf2\
'\x85\x14\xc1\xd3\x1d\xfa[\x09\xad\xad>\xf4\xf6.\xf1\
N\x90\xa0\xb7\xdc\xd6y\x8d\xa1w\xa9\xcfz\x168\xca\
74\xc4\xc4FB:@\xda\xbf\x01@Xs\x8ct\
\xa64\x19o\xef5\x96@\xb8\xdc\x18\xf8sD\x00i\
\x8c\xf1\xea\x9f\xfa\xde\xc8\x9a\x9f<eb\x05\xad\x81\x81\
wQ\x0c\x91\x84VT\x1b:\x8e}XK\xb1\x97\xb4\
J\x03\xc0\x85\x16i\x1d\xf9\xa0PX\x0d@\xea\x89\xb1\
\xbe\x1d\x1f1\xd24\xa0\xcf\xd2\x16TK\x8bY\xd1R\
<\xfc$\xf9\xf8c\xb4\xe3\xd7\x91\x97}Y\x0a\x18;\
\x80\xc9)\xae\xb0\x08\xa1\xd9\x18\xb4\x81O\x1f\x9c\x80\xa5\
\x01_K\x88\xff2!\xc3\xee\xeb\xd9]\x5c\x82\xd8\x07\
\x80\xe1\x93\xe6$\x0a\xf4U2\xb9\xee\xf5\x94\x9b\x0ab\
\xd4u,\x1dZ\x03&\x1a@O\x8e\x9f3\xefY\x95\
.G\x9a\xb2\xda\x18\x229\xdaz\xf3\xf9\xe6\xce\xe3?\
\x06!\xaf31\x82\x995N\xc8\x8b\x1eA\xbf\xd2\x02\
\x82\xb5A\xc4p\x8e\xbaf\xf1\xcf<\xf0\xb4yw\xea\
\xec\xb2E9\x0ar\xc9\xcdj\xf2=\xc5\xcc\xb8\xdc\xe3\
W9\x14\xb89I@S\xb3\xfe\xb6<\x1a\x0c\x87\xf6\
\x17\xd2\xcfL\xf2n\xf6\x027g#^\xe7\xeb-D\
t\xc2s\xbf\xfc)\x86\x22\x82\xe0\x17\xe6}!\x96>\
\x8b\x19\x13T\xe2\xf8B]\x04,\x0b\x04A@.\x88\
\xb8\x86F\xee2\xed\x81S[\xcc\xb1Dt\x06\x0d-\
M^'\x00\x87\x07\x0cYh\x8d\x00\x02k\xe1\x9b\xd0\
\xa4\x05\xbc\xb4\xbc\xab\xd6QJ \x86vW\x11n'\
\x82\x18\x0bl<\x96\x00\xb3\xc1QcL\x0a\x02\xb2/\
\x14.\xc6\x04 mY\xe9\x19w\xa4\x8e2\x83\xe9\x15\
\x16^\xb4\x14~\x16\x0d\xda\x9b\x0e)\xcf;9\xc3\xb2\
\x00q\xae\x8b0\xf31\x91\x90\xaeW\xf0\x95\x97\xeb\xbf\
\xd6\xb1\x10\x02\x06\x18\x1e.X\x02\x08\x00S\xd0\xb1P\
n\x86\x00\xd8\x0b\xa4ET\x00\x92tE\xe1\x0cPG\
\x11\xa0\x19!\x1c\xbc\xbf~\xf9\xa7\xd8\xdcB3\xf6\xc4\
\x82\x970\xd7\xb0\xac\xc5S[\x04\xe8\xe9\xe0$\xd5\x17\
\xf8\x5c%\xc0\x80xgNGB\x01\xe4PA\x14'\
\xae\xa3XL\xc7c(\x88\xbdl\xba\xa6pu\x9a/\
#\x8b`\xe5e\x00\xb4\x9c\xba\x1e\xaf\x14Ll\x0e\xe6\
T\xf0F\x81\xfc\x0c\xe0\xfau\x06\xa8\x18\x8c\x8e\xae,\
\x03\x14\x8f:\xff\x14\x86\xc0g'\x8e\x08V\x92\x01\xa6\
bu\x15PQ\x88\xa5\xa4\xdd/\x02\x9d\xbfria\
\x170\x04\xda\x8aJ\xa2\xc9jC\x14`y\xaf\xc4u\
\x9e\xd1K\x80\xbc\x0c\x00p~\xe5<<\xaei\x0c\x98\
-\x1a`\x99\x9d\xe1 v\x13\xb4tU\x8c\x01&\x8b\
83'\x94P\xf0C\xe3\xaa#\x88\x1cRp\xf2\xa9\
\xf4D\xa2\xb0\x88Fy\x9c\xa6\xe5\x0cJ9\x18!\x90\
\x9a\x04v\xe5\x18\x80C\xb9\xb1\xf8\xf2WT\xef\xf5F\
l\x09\x0b\x8f\xeb\xdc\xe4\x0f5X\x1eW\xaeB\xc4\x10\
J\xc5\x08\x85U\xfaj]!\x00\xb8?\x0e\x7f\x13\xa5\
\xb5\x8f\x94_\x06&\x10\x82\xab\xb6\x10\xf11\xf3\xf6\xd4\
\x03E\xfc&&\x87,T\x05\x14\x82@\x0c\x8f|~\
\xfbi\x00\xe0\x7f+\x1e\x9b[\x86\xec3W\xd1>d\
^P\xe6\xf7E\xc5\x00\xbc\xea5:q\xa9\xdd\xa9\xbf\
\x18\xebk?\x16\xb6pEf\x0b\x5c\xc4\x08,\x22\x0e\
\xc07\x1e\xb9\x9b9\x1f\x05\xc4\xcc\x17\x83\x09\xbf\xbe\x05\
6m\xfa~\xec\xcc\xa4\xff\xcf\xc2ix\x1be&\x17\
o\x9c)\x05\xb8\x0a\xdbi\x90:7u$\xb5\xa6\xad\
\x07\xba\xdb\xb8m/R\x03:?\x03\xe4\x12\x85_<\
\xe8>]Z\x1da\xc9P@\x11\xe5\xc2@h\x19\x12\
p\xe2\xad*\xdb1\xd8'\xe2\x89m\x94\x99\xbc\xb0l\
\xbe\x94\xe0\xb6-\xa7AR.}\xd2F\xf5Q\xe8\x09\
=\xa7\x88\x0bk\xeb\xb9\x80\x850\xc4\xc4oU\xeb;\
\x0e\xdf&\xec\xf8^r\xb3~\xa4+_s\xffEB\
j/\xf7tV\xe4\xb6\xbf\xd4\xb7k\x0azz\xd8\xa8\
\xa5Rt3\xe5\xfb<\x02\x1b`\x85\xa3e\x88\xcb\xdf\
\xd5\xda;\x1f\xf9]\xb2\xe2}\xa0<\x0d\xa0\xa3\xeb\x96\
f\xb1\x1f\x8b\x09R\xdeYr\xb37\xa6\x0f\xeeyq\
\xbac\x1b\xca\x80|]\xc0\x000\x01\xab\x0a\xdd\xddf\
\xe5o\xe8<|\x8d\x94\xf6\x11@\x88\x9bn\xe9\xe8\x88\
O\xdc\xd4IZ\xb9\xa4\xfd\xdd\xe3\x07o\xfa\x1f\xc3\x80\
e\x22~~\x09\xc0\xfe\xaf\x93\xac\x85\x08\xde\xd2@d\
\xda%\xd6\xef{\xd3\x1a\xa5\xd3\x87E\xcc\xbe\x94\xdcL\
\x84z?\xa8\xcaDi\x09\x9d\xcb\xde\x91\x1ah\xffW\
\xd3r\xd7\xbb\xad\xf8\xf0\xef2\x90O\xaf\xad\x1e\xe23\
ZO\xf0\x08\x1c\xd2j\xea\x01\xe1$\xdf\x16\xea\xfd(\
\xcb\xd9\x15:I\xa1U\xe6s\xa9\x81\xf6\x07C\xe2G\
\x1e\xfa]^ h\xb5\xf0@w\xb7\x05\xbd\xad~s\
\xe7\xe0'\xd1I\xb6Sn\x8aW~\x94\xf6\x91\x8fN\
\x83\xa53\x93\x83\xa9\xfe\xf6O\xc1\x0b\x8e,\xf7\xca_\
\xa2\x0d\xb0\x0a\xd0\xc2:\xb7\x97\x89\xdf\x82\xd2\xfal\xd0\
B\x15\xa1w\xc4\xa3Z\xec\x84\xa5\xdd\xccc)\xb1\xf1\
V\x13R\xaa`\x87u\x9e\x1f\xba\x0a\xaaz\xbb\x03\xa3\
\xaf\xa9\xe3\xe8\xeb\x01\xc5C\xa6\x04C\xeb`\xd6Zd\
\x16\xbf#\xb5\x9b}&\xe7\xdbm\xd0\xf7\xee)\xe8\x06\
\x9c\x9e\xd8\x15\x09\xccL\x8by\x8d?K3\x02k\x9c\
\xfe\xe1\x94\xac\xc6\xce\xc1\x0d \xf0\xabh\xd9\xeb\xcc\xea\
\x8fJ\xef3\xf1-v\xf7\xfcQM\xee\xf6\xf4\xc0\xf6\
3\x5cy\x0f\xd3\xcd\x1f\x15\xc2B\x0c\x10\x8c\x16Yl\
\x5cLm\x00M\xbbU\xcb\x16i\x93\xf7e\x8c%6\
/8 \xa3\xa4\xee\x9e`\x0bS\x09\xd4\xbb\xc6\xfaw\
?iZ\xb8\x11\xcbn\xf4\xcd\xc7\xeaS\x01\xec\xeeq\
\x98\x97G\xe3]\xe9\x7f\x1e\x13\xc9\x1b\xc8\xcd\xf8\xd1\x12\
\x1fy\xf5s\xc3\xed\xed#_l{\xd4\x18\x9d\xads\
G\xb6V\x1d\x03P\xad\xc6\x81\xd8\xdd;\xd1\xaa\x9a;\
\x06\xf7\xa0e\x7f\x82r\x19\x9e\x7f\x1b\x9d\xbb\x87\xa80\
\x16\x97:\x97\xbe'\xb5\x7f\xe7\xa1\xc0\xe3\x08G\xed\x94\
\x03\xba\xe0P0\x01\xd85\x16\x08\x0a\xe7\xe46}\xfc\
\xf0;\xc1\xb2\xfe\xd2\xe4\xf6\x03=\x1c\x91\xd1\x07>\xc6\
\x93\x16\xe5\xa6\x8e\xa7~\x1e\xff\xf30\xc4[\x15+\x7f\
\x89*\xa0\x86\x86\x81\xf1\xc3?\xd1\xaa\xd6\xdeu\xfcj\
\xb4\xe3G\x10E\x12\xb4\x8a\xae\xb8\xc3d\xf7\xe2\x16\xb9\
\xe9o9\x8d\x937\xc3\x89V\x1d\xce2\xaa\xaaEe\
\xad\xa60\xef\xe5\x1dC\x89\xb4\xaf\xbe\x82\xb6}u\xc4\
F\x9f6\xd9=\xdf\xfb\xb1\xf4\xd5\x8dgzoM\x97\
3\xc1\xb3\x1c\x88\xd5\x14\xe6\x9dB\xef~t\x12[\xc3\
H\x9f\x8c\xe4Z\xdc\x8c\xc9\xee\x9e\xef\x8dh\xd7\xdb>\
2\xb0\xf3L\xe0rV\x1f\xf1/&\x01\xaa\xf2\x86\x97\
\x8d0\xc1\xd2\xd4q\xb4K8\x89?\x0eV>\xcfU\
\x8d\x00av\x0fH{\xe4\xeb\x9b&\x0e\xb4?\x15D\
\x1a\xab\xc3\xe2_}*\x80}\xed\xd6m\xfe\xfa\xae\xc1\
\xf7\x92\xb4\xef!\xcfU\xa1\xd1\x17\xc1\xc5(\x98\xcc&\
cB{\xd9\x8f\xa5\x06\xda\xfe\xa5\x12\xd9\xbd\xe5\xa2v\
\x19 \x18m\xa7\xcc\xe8T\xd4\x0f\x03h\x1b4\x8f\xdf\
\x8a\xaa\xa2\x17}t\x12\x16e\xa7>\x9f\xda\xdf\xfeW\
\x95'~8<\xf3\x22U\xd2\x8b\xdb\x00\x08$\xe2\x0d\
Ue\xb1.\x19F\xe7\x02]\xfa\xa7\x7f\xbf\x1e\xc0?\
\x86Vl#\xf0\xb4\xb2\xbcc\xf0\x8b\x00\x91/\x9c$\
'x\x06\xc7\xf6\xb7\xdfm\x98\xaf'(\x8f\xafv\xd4\
\xa2\x11hv?\xe1\xd9z97\xf3\x10\xda\x897\x90\
\x97\x89R\xef\xfbAv/}\xd2j\xb4\x82\xa1\x8e\x5c\
\xd0\xb9BF\xe4,\xca\x00hZ\xadV\x1cp\xba\xa0\
\xb3\xe9\xdc\xab{ \x9e|\xbf1\xfa\x8ce\x16Yv\
\xcf\x22?\xf7,\x22\xb4\x9d\xedm\x9d4C\x1dW\x08\
\xf1k\xcf\x06\xd8\xfaX`\xf4u\x1ci\x07\xdb\xf94\
\xb9&\xbb\x17\x91\xd8\x07\x0d\x92\xdd=w\x5c\x11\xb4N\
\xf4\xef\xf8E\xb5[\xfc\xcb\xb4\x01V\x0e\x17\x1b\xf0\xc3\
\x7f|\x9b\xdf\xdcq\xe4mZZ\x0f\x12G\xf9Ln\
?\x82.\x1e2\x09\x1e\x1e\xe3\xe4\x91\xa6\xb6\x89\xfe\x1d\
O\x9a\x18\xff\xbc=\xf9V\x02D-\x15v\xac\xbf\xfd\
\xd8\xa5`\xc5\x8e\x08\x19k\x00\x15U\x98\x97x\x92:\
\xaf~$\xcf\xfbxj\x7f\x98\xdd+g\x82\xa7L*\
`eH\x80\xa0\x05\x0d\xe0\x96C1\x1d\xc7\xc3\x22\xe6\
\xbc\x8a\xb2Q\x86yQa<n\xa9l\xfa\x0b\xe3\x5c\
\xcc\xb9\xb5\xd2\xee^\xc9%\xc0l\xba\xa7\xa0\xbaA\x08\
[\xb6\x98\x92\xaa\xe6\xc65\x03\xc2I\xbc\x8b\xb2Q\xe6\
\xf6\xb52\xd9\xbdlzh|\xcd\xe9O\x1a\xe6{\xbc\
\xba\xdd=c\xcc\xd3rU@0,\x9e0]\xe5\xe9\
\xe0\xad'M\x17\xcf\xba\xce#{\xd1\xb6o\x0bb\xfc\
\x11\x19\xb6Da\xef^\xf6\xdf\x9d\xc95{\xa0\xb77\
|6+\xccV\xaa\x99\xaa\xe0i\xa3\xaf\xf3\xd8\xef\x09\
+~/\xf9\xbe\x06\x8a,\xd0\xa3M1\xa7\xe7\x9e\x06\
\x9d\xdd~\xe6\xa1?L\x9b\xddV\xa3,\xe6,\x13V\
\xa6\x1b\x18\x16V\xac\xd97\xf8j q\x18\x80\xb8\x85\
+\x9a0/\x91\x06iqv/%\x95\xbf}d\xe0\
\xa6\xff[\x89\xee^!\xada\xd5)\x02X\xef\xf6\x00\
\xad\xfd\xe5`\x93 1\x88VlS\xd0\xc2\x15A\xb0\
\x87Bw\x8f\xc5?y\x1f\x1a\x19\xd8\xf5\xdf\xd3M$\
\xb0Rp\x91\xee\xe0\x95\x17\x078u\xca\x8ck\x92q\
\xba_\xd8\x89\xdf\x08J\xb9\xa3\x88\xf4\x11?\x03\x8d\x96\
\x83\xda\xf7\xef\x18\xed\xdf\xf5\xf5\xc0\xe2_\x99\xee^m\
\xc4\x018\xc3v\xe2\x84j\xee<\xf6g\x18oh\xa3\
\xec\xd4\xc2[\xa4\x96,\xbb\x97\xe4}v\xef\x1d\x1fh\
\xff\x92I-?\xber\xdd\xbde\xaa\x00\xb3Y\x01U\
cn\xbf\xa9\xf3\xe8\x07AZ\x9f!73oC\xc4\
R\x82\x98\xf8\xa6\x98s\xacq\xc7\xdd\xd0\xbdC@K\
\x8d\x14\xc8\xcc\xc3\xe2\x0f\x90\xaa-\xb7\xdf\xaa6t\x0d\
\xbd\x05\xa5\xf5\xa0\xb1O\xcc^\xc1\x11\x18}\x9a-\xfe\
\xb8E\xb9\xcc\xb7e&v\x8b\x99\xd1\xd3\xdbS\xbd*\
\xf1\x22\xe0m\xa4\x0b\x1f\x16\x1d_CUQ\xd0\xd9\x8b\
\xfa\x95]\x8f\x5c\xa2\xc0?\x8a2\xb6\x0e\xcc\xa863\
\x83\xb0\xd4\x17S\xbcU.\xb9\xb9\xe7\xc8\xf3\xb6\x9f}\
\x80\xb3{\xdd\x08\xb0\xf2\xdd\xbd\x15\xda\x19Dh\x0a:\
o9\x14\xf3@<\x22\xec\xe4\xb5\xc6\xe2\x17\x11d\xf8\
\x88-~K\x92\xefN\x08\xa4\x96\xd4\xc1\xdd?\x9b\xee\
\x1f\x84\x1aF\x1e/\xa0\xe26\x00BK\xd0\xc5\xd3\xb4\
\xa6\xf1^\xb4\x1b\xdeM\xb9\xc9\x08\xdd=\xc9R%\x87\
\x8av\x8e\xf4\xb5}\xdf\xd8\x1c\xb5@\xfc\x82K\xc2*\
\x0d3\xa6\xadU5\xdd9x\xb3\xb0\xe2wFX\xd5\
C\xc6\xdd\xe3bN7\xd75:\xd0\xf6\x8dj\xea\xdd\
\xab\xf0\x88\x98\x11\xa8d\x0b\xd7\xba\xae\xa3\xbf\x831\xeb\
\x00)_\x83\xa6\xa8\x0a;\x147q\x90\x9f\xbd\xcf\xb8\
{AjwU\x10\xbf:\xbd\x800\xb7\xbf\xf6\x8e/\
_\x8d \x8f\xa1\xc0$h?\x98\xd8\x1cY\xef^z\
h\xac\xafm\xdf\xac\xb1\xac\x95V\x7feCuE\x02\
\xd9\xe2\x07\x80\x8d\xb7\x0d5\xcaX\xfc\x88\x88\xd9\x97\x91\
\xefFS\xd6ez\xf7\x12\x16\xb9\xd9\xff\x88\xa1\xfa\xd0\
\xcc\xcc\x80Z#~\xbeM\xa3\xaa\xcc\x06\xe0jZ\x93\
a\xf3\xe3\xeeA\xb4\x13\xef$7\xe7GR\xd0i\xb2\
{qI^\xe6Y\xd2\xe9\x1df2'\xdbJU\xda\
\xbeU!\x15P\xe6\x85\xd0\xddm\x06$6u<r\
\x97\xb0\x93{\x22\xcb\xed\x07\xd9=\x1e\xd60\x0e\x8a\xda\
R\xfd\x1f\xfa_cs\xac\xd0@O\xa4%a\x22\xf9\
\x0a*cz\xd7_\xdb9\xf8>\x94\xb1\xcf\x92\xe7\x06\
\xb9}\x8c\xa4\x9e\xcfl\xc8\x88\xbew\xd3\xe8@\xfbw\
\x83\x10s-[\xfc*/\x99\xf3\xcf\x09<\x0b\xd1#\
\x18\x8d\xaa\x9a\xba\x1ey\x1dJ\xeb\x10\x10Y@\x91\xb4\
p\x05\xee\x9eeKp3\x1f\x1b\x1dh\xffG\x93\x5c\
j\xad\xbd\x04\xcfr\x90\x7fBHY\xfa\xf6Q\xbd\xa2\
c\xa8\x19A\x0f\xa2\xb0.!7\x1b\xcdL\xfe\xc0\xdd\
\xe3\x81\x0d\xf7\x8e\xf5\xb7\x7f)`\xbcm\xab\x9a\xf8\x15\
6\x02\xc30o\xf7\x90-\xd1\xfb\x1b\xb4\x9d\xeb\xc2\xd9\
\xbcQ\x84y\x83\xc6Mv\xf7\x1aO\xdf\x1d\xb8\x9a-\
\xab\xce\xe0[\x08b\xd1\x85O\x11\x1bEC\xe1\xb0\xa6\
\xf3\xdeg\x84\x93\xfc\xa3`RW$\x16\x7f\xb8\xf23\
\xdfA\xd9p\xb3)\xe6\xec\xe9\x89v\x87\xb1\x9a\xa8\x08\
\x8a\x12a\xa8u]\xd7\xf1\x9dh9w\x99\xdc~\xbe\
\x9d\x8d\x0a\x06).\xe6$7\xfb\x9c\x0dz\xfb\xe8\x17\
\xdfw\xded\xf7V\xa9\xc5\xbf,\x1b\x00\xa3J\x06\x05\
\x05\x95~S\xe7\xf1w \xe2\x83\xa4\xcd\xa4\xae\xd2G\
\xfa\x82\xde=I\xca\x9f@\x0d\xad/\x0e\xb4\xbfPK\
\xc5\x9ceI\x07\x8b\xc4Z\x8ad6\xef\xc7\x87\xaeD\
AGQ\xc8d\xb8\x17\x9f\x88`2'\x87\x96rJ\
y{F\x07v|\xcf\xb8{+\xb0w\xaf\xc2}\x01\
/\x95\xf0RA\x98\x17Z\x86l\x88\xf9_\xc1X\xe2\
W\x830o\x04j\xc8\xb8{1\x01\xca\xff\x93\x89\xfd\
;\xff!p\xf7V)\xf1U\xc1\x91\xc0\x12\xeb\xc9p\
*\xf6\xba+\xfc\x83\xc2Il\x8blL\x9b\xe9\xe0I\
\xf2D\xee\xfdc};\x0e\xd6\xdd\xbd\xfc(\x8f\x11h\
\x8a+P7w\x0e\xde!m\xe7V3\x9e5\xa2\x04\
\x8f\x887H\xedf\xbe\x96\xeao\xeb\xaa\xbb{\xd5\xc0\
\x00\xe1.\x5cM\x9d\x83\xef\x06\x19\xbb\x97xV\x0fO\
\xea*y\xdf~\xb8\xf2s\x99\xefXi\xb9\xe7\xe5\xbf\
\xd7-\xfe\xca\x95\x85\x87-\x5c\x1bn?|\x8d\x96\xd6\
\x97\x11\xc1&\x15A\x0b\xd7t\xef^.\xfb\x9cF\xbf\
m\xec\x81\xed\x93\xab\xa1\x9eoI\xb8\x887\xb7\xc4l\
[!\xf42\xd31\xa9\xe9\xae\xa1\xb5\xca\xf7\x8f\x0bi\
m\xa2\x5cV\x97\xbc\xa03\xec\xdd\xd3\xca?\x07\xcak\
\x9b8\xb0\xfb\xb9\xba\xbb\xb7t,\xda\x1e^\x94\xe84\
3\xf9\xb7 \xb4\x90@\xcf\x7fP\xd8\x897\x9by=\
\xa5'~\x90\xddC\xe1\x0b\xadv\xa7\x0e\xec\xfe\xcet\
9YI\xafS\xc3\xc8?'\xb0q]aL\xc0\x85\
\x1d\xec\xef_~\xec\xd3\xe8$o\xa4\x5c\x14C\x1b\x0c\
\xf19\xd2'\xc0\xcbu\x8d\xf6\xb7}\x1d\x86\xa8N\xfc\
ebQ\x15P\xf0\x94\xb8\xe9\xf4\xee\xbe\xa3\x1f\x14h\
w\x07-\x5cd\x95~V\x13\x12\xd7\xf3\xe9\xcc\xe4\xc1\
\xd4\xfe\xb6\xfba\xef\xa8\x03\xc3'\x95\xf18j\x05\xc3\
\xc3T\xac\x1d\x83\x17)\x09+}\xc5MS\x8a\xa5\x8a\
\x02\x8d7@\x22\x0e\x909\xc7\x0d\x9c%\x16\xfd`\x02\
=:3\xf5p\xaa\xbf\xed\x0e\x806\x80\xfb!W\xd2\
k\xac\x12D6$\x0aId\xc2W\xc5\x9cf\x91\x93\
\x03\xef\xbe\xc5\xaf\xaej\xee<v\x9c\x80\x9cJ\xef\xbe\
UJ \x80\xf1j\xc0\xf7\xfem\xf4\xbe\x1b\x0fEi\
\xd7\x5cD\x02\x9c)\xfc\xcc\x91\xd3\x83@\xc4\x13\xef\xe2\
\x9a\xd1\xca71\x95\x18\xa4\x01\x9dF\xd0\x13g\xa7\x00\
\xe0\x10l\xde\x18\xd1\x80\xeb\xbc%a@\xc5\xd0\xbf\x0c\
\x1c\x00&\x9c\x5c\xad\x93L\x8a\x01\xb2\x0a%\x09D\xe7\
 b\xe4\x91\x00\xc5E\xd0H\x836[\x0f\x06e_\
\x10\x0dPF\xa1a*\x0f\xf3\xcc\xb8R\x19Wng\
\x90 \xae\xec\xad\xa3\x08 \x92\xaah\x1c@64\x15\
\x11\x0c\x12\xf5`L\x91\xd0\xa5Po\xbab\xdd\xc1Z\
\xd7Z\x97Uy\x11le\x1d\xbc>\xb9\xf2\x06E\xe2\
\x8c[V\x93J\xba<(\x83\x81\x1b\xe5\x84\x90\xba\x0d\
P\x82x\x00\xac\x5c\x06\xa0\xba\x0a(\x1a%p\xa5\x05\
\xdb\x00TF\x1b`\xd354\xf7\xe6\xc3Z\xc0:\x0a\
\xd9\x85\xae\x12* \x5c\xf9\xa4\x8b\x8b\x03L\x8b\xaf:\
\xf9\x0b\x06\x95!\x98\x16\x9d\x17\xc0\x16@\xad\x85h\xcb\
\x05\x0a\x97Me$\xc0\xcb\x90\xaf\xd8X\xf8\x0d\xc8\x8b\
\x15$\xd7\x91\x1f\x04\xa0\x8a\x97\x00\xc8}\x17\x8b_C\
]\xc4\x08|\xbe\x98\x0b\xd7Lv\xaeb\x10\xc5{\x01\
>Z\x8b,D\x1e\x82\x8e\x9e\x15iB\x03L(S\
O\xcf\xfe\x89\xe2\x22\xb5\x09\x0c]h\xf6\xa4\x00`\xcb\
\x96\x82%1\x1a;\x82\x16\xab\xfb]\x98\x01\xb0\x041\
\x08\xe2J\xcdX\x5c\x82V\xb2\xd4\xf5 s/T\x83\
v\x06\x91\xc0\x98\x0d\xe0\xb9EW7!q\x15\xb6X\
\xe0\xa1\x09N8\x9d[\xbc9\xb4`\x0b\xf4dp\x9c\
R\xdfT\xe7\xc7\x05\x22\xe5\xa2\x19\xf1\x86H\x08.\x0a\
r)2\x09S\x19 !\xe9\xac\x8a!\xe1\xb7\xcc\x1f\
Z\x0a\x9fe@\x92I\xb0\xd0EL\x98i\xc2\xe2V\
\xaa\xb9\x05\x9bAO\x18!Hu\xaea\xf9\x0f6\xac\
aK\x0d\xb4?\x01\x00\xfc\xaf\x8ebQL;\xbb\xaf\
\x05\xc8y\x12\x80\x90\x10\x05\x12\xaa\x97,@<\x0f\x88\
\xeb\xe6\x88R\x13<\xa2\xa6\x5c\xee\x97rVT\xa2\x80\
\xfd\xfc\xae\x17Q&2\x8a\xd5\x8fU\x8d\xe1a~\xe0\
\xba\xd8\xa2P\x22\x88-\xf8\x01\xab\x05\xa2\x9f[\x00t\
\x1e@\xac3\xc9G\x96\x0b,\xaeyF\x13\xc1%\xba\
a\xede@t:8`\x99W67^\xef\xcc\xa9\
\x18x\x07uS\x14\x8c\x1b\xcd\xa6*\xe4\x05\xf450\
\xc3\xb1\xf9\xdd\xb3\x02\x08\x9e7\xbd\xf44\xaf\xd5\xca\x89\
\x0b\xd2\xf8~#~zN,\xccEuT/\x82:\
B\x0e)\xbd\x0e-c\xea\xcd\x92$\xbc\xc8}\xfe\xf4\
i\x8b\x80~(\xa4\xf5\xdb\xa4\xbc9cZxr\x07\
\x0a\xeb\xb6\x0d\x9d\xc7\xffn\xa4\xb7\xf54\xb4\xb4H\x80\
\x96\xf0\xe4\xc3\xc1\x9c\x9d\x19\xa90[<, \x91\x97\
*\xa4Kj\xca\x05\xbf\xbf4\xe7)\x19\xa2PW\xe1\
6\x9f\xdc\x90\xd3\x83f\xe5si~\xef6\x8f\x07p\
\xe1y\xef\xbdF\xb8\xcf\xdc\x01\x19\x07\x8d\xbc\xdc\xa8\xf6\
\xbdg\xb0\xb9cp\x17\xd8\xf1\xc3\xc0\xe3\xd9f\xb7n\
\xb1i\x1d\xe3\x1d\xb3\xdc\xa7\x01\xc5\x87S\xf7\xdd\x98\xdf\
\xa03\xcd\x9859|\x09\x83]CJ*\x9aK\x83\
\x99\x85x\xe13\x7f\xd5\xde\x03\xceX\xec\x92\x01\x8c\xc5\
>B^n\xd6F\xdafh\x96\xe0\xa1Yc\xe7'\
\xaf\xc7\xa6\xce\xe3W\x00\xa8\xffD\xcb\xde\x04>o\xc5\
\x02\xf3\x98\xc0\xe6]\xb2}\x02\xf8'\x00\xf8\x9aD:\
\xad]\xfd\x92T\xce\xf8\xd9/\xb5L-f\xa1\xbe\xe5\
\x96C\xb1\x09\xe7\x0aa7O\xd2\xd9\xb3\xbf\xb4\x95T\
\x02\xe3\x0d\x0b~\x97\xb2\x0e:\xb9\xb4\xdf\xb4\xa9\xa9\xe8\
\xb9}\xeeX#^\xd6\x9cP\x8f\xaf\xaa\x19\x80\x84\x1b\
o;\xd1\xe0%\xdc\xf5H\xf22\x02\xf5&\x04\xbc\x19\
c\xce\x1b\x81\xa7\xae\xce\xa5\xa9F\x87\x19 \xfd\xe9\xb1\
\xbe\xf6\xcf\x1a\xaeh\xee:\xf6\x00:\xc9\x8fRv\x81\
\x1d9\xb8\xfbV\x08\x81\x96c\xe66\xeb\xecT\x16\x81\
^\x04\x84\x09\x00\x98\x9aN\xfb\x12P\x0e\x8d\xc5i*\
u\x89\x88\xf8\xb51.\x101\x16\xce\x04\xc8\x07f\xb2\
\x12\xe4\x0fx/)P\x08P<\x03\x90\x89/\xb0\x00\
\xf5\x8a\xbf\xaf \xfa\x8a\xc4\xe7*\x81\x94\xe4`\x01@\
\x8c#n\xdcv\x0f\x00\x0d\x00\xd8\x04DW`\xa2\x11\
\xc1s\x81|w\xd6\xca7\xe0\xf7L\x9c\x0c\x81\xbdy\
\xbc\xef\x03/\xb0u\x80\xca\xc7{\x05d\xdaPXk\
@\xab\xb9\x07\xf1$\x0f&\xa7\x9ba\xf1\xaeQ`\x1c\
D\xecj4C\x98\x8c\xa1\x19~\x8dU\x91\x89 \x04\
a\xa49\x11\xba\xa5\xfd^\xb3#d\xa9P\xc2\xd8\x13\
F_\x9d]\x10\xcc]M?s\xde$\x5c+\x00\xe5\
\x03e&y\x83\x05q\xc1\x14\x96`\x03l\x8b\xb2\xe7\
\x1f\x1a\xef\xff\xc0\x0b\xac\xb6-hi\x11\x13\x07\xb6?\
\xdf\xdc1\xb8\x17\xed\xf8a\xe2\x15\x1f\xc4\xa0gK\x82\
\xc0=4\xe9\x09M\xa0=\xa2\xf9\xa9\xca\x02B\x05+\
\x06T\xca\x93\x95\xd2F\x0a#\xa0\xd3\xcf\x9d\xd8\x8d7\
=\x05\xd6\x82\xfb#\x98\x81\x99S\xcf:N\xf3=\xd3\
\xc7\x06K8\xdc\x09\xbb\xb9\xe3\xe8\xddh;\xf7\x98\xce\
`\xdf\xf3\x01\x99\x09\xaa\x94\xfd\xebX\x0e<\xb4\x9c\x18\
h\x95\xd2*{C\xaa\x7f\xd7\xb7\xc3\xe9-\xbc\xf9\xa2\
\x01\xc2\xd6n\x09\x8f\xf7\xfa\xcd]Gv\x13X_\x10\
\xf1\xe4+)\x97\xe1\xean\x8e\x0aqn\x88%t4\
\x9b5\xd6Qb\x18z1\xc5XmKt\x1a\x80\xdc\
\xa9\xe7\xd1S{F\x0f\xec<9M|\xfe\xe6\xb4\x8e\
 &>\xeb\x84\xb1\xbe\x9d\x875\xc8\xb7\xeb\xec\xd4\x01\
\xd0:\xc5\x1b)\xa2\x9d\x94f\x10\x83\xd9\xac\x91x\xc8\
S\x90\xea\xe5i\x9c,.\x8c\xc8\x981\x00\xea(/\
\x82\xe7\xcf\xb4\x08h\xc23\x97\x11\xed\xb8\xa1\x1b\x7f\xa6\
sS_!\xd7\xdb\x1a\x10\xdf\x8c\xee\x99\x09\x0a]\xb8\
\x9ag\xb5\x22\xaf\xdfw\xecRM\xf0\x1e\xd4\xf0\x1eB\
x\x0d\x02]\x85v2\x11d\x92\x98\x07\x02\xfa\xcf\xe4\
\x11f\xf3@\x90\xcf.\xd7CX\x85\xc0\xe9Q>A\
\x04\xdf\x18\xe5\x92\xf7\x08\x02\xcaM\xe5@\xc8g\x88\xfc\
oi\x80\x87'\xeek\x7f\xca\x1c\xb2\xc0\xe0,\x5c<\
\x91\xd33g\x0f\x9dM\x9d\x83\x1b\xb2\x00\xd7\x82\x10W\
\x22\xe2\xafi\xad\xaf\x12\x00\xbfB@\x1b\x90\x80\x1d\xfc\
$ &\x91 i\xdc\x13s\x7f\x94\xa8\xab\x8ch@\
\x04Y\xde\xe4:t\xc7G\x10\xf0E\x22\xf8\x09\xa1z\
\x1a\x84\x18\xc6\x89\xc9\xa7R\x0f\xdd\xca\x9f\x05\xee,G\
\x09\x17H,\xfd?\x1a\x8b\xc2~\x8f{\xd3\xd0\x00\x00\
\x00\x00IEND\xaeB`\x82\
\x00\x00\x03\xe2\
<\
?xml version=\x221.\
0\x22 encoding=\x22UTF\
-8\x22?><svg width=\
\x2232\x22 height=\x2232\x22\
 viewBox=\x220 0 48\
 48\x22 fill=\x22none\x22\
 xmlns=\x22http://w\
ww.w3.org/2000/s\
vg\x22><rect x=\x224\x22 \
y=\x2218\x22 width=\x2240\
\x22 height=\x2224\x22 rx\
=\x222\x22 stroke=\x22#00\
64ff\x22 stroke-wid\
th=\x223\x22 stroke-li\
nejoin=\x22miter\x22/>\
<circle cx=\x2214\x22 \
cy=\x2224\x22 r=\x222\x22 fi\
ll=\x22#0064ff\x22/><c\
ircle cx=\x2216\x22 cy\
=\x2230\x22 r=\x222\x22 fill\
=\x22#0064ff\x22/><cir\
cle cx=\x2210\x22 cy=\x22\
30\x22 r=\x222\x22 fill=\x22\
#0064ff\x22/><circl\
e cx=\x2220\x22 cy=\x2224\
\x22 r=\x222\x22 fill=\x22#0\
064ff\x22/><circle \
cx=\x2222\x22 cy=\x2230\x22 \
r=\x222\x22 fill=\x22#006\
4ff\x22/><circle cx\
=\x2226\x22 cy=\x2224\x22 r=\
\x222\x22 fill=\x22#0064f\
f\x22/><circle cx=\x22\
28\x22 cy=\x2230\x22 r=\x222\
\x22 fill=\x22#0064ff\x22\
/><circle cx=\x2232\
\x22 cy=\x2224\x22 r=\x222\x22 \
fill=\x22#0064ff\x22/>\
<circle cx=\x2234\x22 \
cy=\x2230\x22 r=\x222\x22 fi\
ll=\x22#0064ff\x22/><c\
ircle cx=\x2238\x22 cy\
=\x2224\x22 r=\x222\x22 fill\
=\x22#0064ff\x22/><pat\
h d=\x22M17 36H31\x22 \
stroke=\x22#0064ff\x22\
 stroke-width=\x223\
\x22 stroke-linecap\
=\x22square\x22 stroke\
-linejoin=\x22miter\
\x22/><path d=\x22M33 \
18V13.125C33 12.\
5727 33.4477 12.\
125 34 12.125H39\
C39.5523 12.125 \
40 11.6773 40 11\
.125V6\x22 stroke=\x22\
#0064ff\x22 stroke-\
width=\x223\x22 stroke\
-linecap=\x22square\
\x22 stroke-linejoi\
n=\x22miter\x22/></svg\
>\
\x00\x00\x0dt\
<\
?xml version=\x221.\
0\x22 encoding=\x22UTF\
-8\x22 standalone=\x22\
no\x22?>\x0a<svg\x0a   t=\
\x221702199255103\x22\x0a\
   class=\x22icon\x22\x0a\
   viewBox=\x220 0 \
1024 1024\x22\x0a   ve\
rsion=\x221.1\x22\x0a   p\
-id=\x224410\x22\x0a   wi\
dth=\x22200\x22\x0a   hei\
ght=\x22200\x22\x0a   id=\
\x22svg2\x22\x0a   sodipo\
di:docname=\x22zlab\
el.svg\x22\x0a   inksc\
ape:version=\x221.3\
 (0e150ed6c4, 20\
23-07-21)\x22\x0a   in\
kscape:export-fi\
lename=\x22zlabel.p\
ng\x22\x0a   inkscape:\
export-xdpi=\x2296\x22\
\x0a   inkscape:exp\
ort-ydpi=\x2296\x22\x0a  \
 xmlns:inkscape=\
\x22http://www.inks\
cape.org/namespa\
ces/inkscape\x22\x0a  \
 xmlns:sodipodi=\
\x22http://sodipodi\
.sourceforge.net\
/DTD/sodipodi-0.\
dtd\x22\x0a   xmlns=\x22h\
ttp://www.w3.org\
/2000/svg\x22\x0a   xm\
lns:svg=\x22http://\
www.w3.org/2000/\
svg\x22>\x0a  <defs\x0a  \
   id=\x22defs2\x22>\x0a \
   <rect\x0a       \
x=\x2236.264733\x22\x0a  \
     y=\x2257.29827\
7\x22\x0a       width=\
\x22219.91994\x22\x0a    \
   height=\x22161.8\
6521\x22\x0a       id=\
\x22rect8\x22 />\x0a  </d\
efs>\x0a  <sodipodi\
:namedview\x0a     \
id=\x22namedview2\x22\x0a\
     pagecolor=\x22\
#ffffff\x22\x0a     bo\
rdercolor=\x22#0000\
00\x22\x0a     bordero\
pacity=\x220.25\x22\x0a  \
   inkscape:show\
pageshadow=\x222\x22\x0a \
    inkscape:pag\
eopacity=\x220.0\x22\x0a \
    inkscape:pag\
echeckerboard=\x220\
\x22\x0a     inkscape:\
deskcolor=\x22#d1d1\
d1\x22\x0a     showgui\
des=\x22true\x22\x0a     \
inkscape:zoom=\x222\
.7575\x22\x0a     inks\
cape:cx=\x22-12.692\
656\x22\x0a     inksca\
pe:cy=\x2275.24932\x22\
\x0a     inkscape:w\
indow-width=\x22256\
0\x22\x0a     inkscape\
:window-height=\x22\
1334\x22\x0a     inksc\
ape:window-x=\x22-1\
1\x22\x0a     inkscape\
:window-y=\x22302\x22\x0a\
     inkscape:wi\
ndow-maximized=\x22\
1\x22\x0a     inkscape\
:current-layer=\x22\
svg2\x22>\x0a    <sodi\
podi:guide\x0a     \
  position=\x22898.\
66908,793.76247\x22\
\x0a       orientat\
ion=\x220,-1\x22\x0a     \
  id=\x22guide2\x22\x0a  \
     inkscape:lo\
cked=\x22false\x22 />\x0a\
    <sodipodi:gu\
ide\x0a       posit\
ion=\x22928.37715,2\
60.87398\x22\x0a      \
 orientation=\x220,\
-1\x22\x0a       id=\x22g\
uide3\x22\x0a       in\
kscape:locked=\x22f\
alse\x22 />\x0a    <so\
dipodi:guide\x0a   \
    position=\x2282\
8.11242,563.5249\
3\x22\x0a       orient\
ation=\x221,0\x22\x0a    \
   id=\x22guide4\x22\x0a \
      inkscape:l\
ocked=\x22false\x22 />\
\x0a    <sodipodi:g\
uide\x0a       posi\
tion=\x2255.14279,9\
91.83337\x22\x0a      \
 orientation=\x221,\
0\x22\x0a       id=\x22gu\
ide5\x22\x0a       ink\
scape:locked=\x22fa\
lse\x22 />\x0a    <sod\
ipodi:guide\x0a    \
   position=\x22940\
.44606,61.737079\
\x22\x0a       orienta\
tion=\x220,-1\x22\x0a    \
   id=\x22guide6\x22\x0a \
      inkscape:l\
ocked=\x22false\x22 />\
\x0a    <sodipodi:g\
uide\x0a       posi\
tion=\x22966.44062,\
1046.2811\x22\x0a     \
  orientation=\x221\
,0\x22\x0a       id=\x22g\
uide7\x22\x0a       in\
kscape:locked=\x22f\
alse\x22 />\x0a    <so\
dipodi:guide\x0a   \
    position=\x2287\
.267453,966.4406\
2\x22\x0a       orient\
ation=\x220,-1\x22\x0a   \
    id=\x22guide8\x22\x0a\
       inkscape:\
locked=\x22false\x22 /\
>\x0a  </sodipodi:n\
amedview>\x0a  <pat\
h\x0a     d=\x22M 875.\
30115,1024 H 212\
.29268 C 94.9073\
17,1024 0.003119\
47,1023.7872 0,9\
06.40179 L -0.01\
991054,157.1698 \
C -0.02303001,39\
.784438 13.21012\
7,0 130.59549,0 \
H 898.51058 C 10\
15.8959,0 1024,5\
4.058722 1024,17\
1.44409 V 863.69\
644 C 1024,981.0\
818 992.68652,10\
24 875.30115,102\
4 Z M 146.61,57.\
816952 C 64.6358\
,57.690668 56.71\
6437,90.048405 5\
6.577425,156.241\
43 l -1.575177,7\
50.04431 c -0.14\
2678,67.93842 67\
.072462,54.39809\
 156.090142,54.5\
9554 l 663.74457\
,1.47221 c 102.3\
9975,0.22713 91.\
28567,-15.75206 \
91.23004,-98.657\
05 L 965.60281,1\
71.90827 C 965.5\
624,111.6753 969\
.34067,59.084394\
 899.90315,58.97\
7424 Z\x22\x0a     p-i\
d=\x224411\x22\x0a     fi\
ll=\x22#1296db\x22\x0a   \
  id=\x22path1\x22\x0a   \
  sodipodi:nodet\
ypes=\x22ssssssssss\
ssssssss\x22\x0a     s\
tyle=\x22fill:#1273\
a6;fill-opacity:\
1\x22 />\x0a  <path\x0a  \
   d=\x22m 180.3650\
6,899.71624 -1.3\
129,-148.82379 2\
33.96651,-286.96\
434 187.0056,-22\
9.36598 -419.816\
21,-0.49235 -0.0\
71,-136.566453 h\
 650.18855 l -1.\
85676,136.734383\
 -452.57093,528.\
44792 452.83711,\
-0.23209 -0.9171\
,136.82183 z\x22\x0a  \
   p-id=\x224412\x22\x0a \
    fill=\x22#1296d\
b\x22\x0a     id=\x22path\
2\x22\x0a     style=\x22f\
ill:#1273a6;fill\
-opacity:1;strok\
e-width:0.931233\
\x22\x0a     sodipodi:\
nodetypes=\x22ccccc\
ccccccc\x22 />\x0a</sv\
g>\x0a\
\x00\x00\x02,\
<\
?xml version=\x221.\
0\x22 encoding=\x22UTF\
-8\x22?><svg width=\
\x2232\x22 height=\x2232\x22\
 viewBox=\x220 0 48\
 48\x22 fill=\x22none\x22\
 xmlns=\x22http://w\
ww.w3.org/2000/s\
vg\x22><path d=\x22M19\
 6H9C7.34315 6 6\
 7.34315 6 9V39C\
6 40.6569 7.3431\
5 42 9 42H39C40.\
6569 42 42 40.65\
69 42 39V29\x22 str\
oke=\x22#0064ff\x22 st\
roke-width=\x223\x22 s\
troke-linecap=\x22s\
quare\x22 stroke-li\
nejoin=\x22miter\x22/>\
<path d=\x22M18 17L\
22 29L34 25\x22 str\
oke=\x22#0064ff\x22 st\
roke-width=\x223\x22 s\
troke-linecap=\x22s\
quare\x22 stroke-li\
nejoin=\x22miter\x22/>\
<path d=\x22M22 29C\
27 14 30 11 40 7\
\x22 stroke=\x22#0064f\
f\x22 stroke-width=\
\x223\x22 stroke-linec\
ap=\x22square\x22 stro\
ke-linejoin=\x22mit\
er\x22/></svg>\
\x00\x00\x02\x15\
<\
svg xmlns=\x22http:\
//www.w3.org/200\
0/svg\x22 fill=\x22non\
e\x22 viewBox=\x220 0 \
32 32\x22>\x0a    <pat\
h fill=\x22#0064ff\x22\
\x0a        d=\x22M5 7\
h16c2.828 0 4.24\
3 0 5.121.879C27\
 8.757 27 10.172\
 27 13v12H11c-2.\
828 0-4.243 0-5.\
121-.879C5 23.24\
3 5 21.828 5 19V\
7Z\x22\x0a        opac\
ity=\x220.4\x22></path\
>\x0a    <g filter=\
\x22url(#rectangle-\
tool_svg__a)\x22>\x0a \
       <rect wid\
th=\x225\x22 height=\x225\
\x22 x=\x2223\x22 y=\x2221\x22 \
fill=\x22#0064ff\x22 r\
x=\x222.5\x22></rect>\x0a\
    </g>\x0a    <g \
filter=\x22url(#rec\
tangle-tool_svg_\
_b)\x22>\x0a        <r\
ect width=\x225\x22 he\
ight=\x225\x22 x=\x224\x22 y\
=\x226\x22 fill=\x22#0064\
ff\x22 rx=\x222.5\x22></r\
ect>\x0a    </g>\x0a</\
svg>\
\x00\x00\x04\xf0\
<\
svg fill=\x22#0064f\
f\x22 viewBox=\x22-25.\
6 -25.6 307.20 3\
07.20\x22 id=\x22Flat\x22\
 xmlns=\x22http://w\
ww.w3.org/2000/s\
vg\x22 transform=\x22r\
otate(0)\x22><g id=\
\x22SVGRepo_bgCarri\
er\x22 stroke-width\
=\x220\x22></g><g id=\x22\
SVGRepo_tracerCa\
rrier\x22 stroke-li\
necap=\x22round\x22 st\
roke-linejoin=\x22r\
ound\x22 stroke=\x22#C\
CCCCC\x22 stroke-wi\
dth=\x220.512\x22></g>\
<g id=\x22SVGRepo_i\
conCarrier\x22> <pa\
th d=\x22M137,65A24\
,24,0,1,1,137,31\
,24,24,0,0,1,137\
,65ZM23,103A24,2\
4,0,1,0,57,103,2\
4,24,0,0,0,23,10\
3Zm120,88A24,24,\
0,1,0,177,191,24\
,24,0,0,0,143,19\
1ZM225,55A24,24,\
0,1,0,225,89,24,\
24,0,0,0,225,55Z\
\x22 opacity=\x220.2\x22>\
</path> <path d=\
\x22M230.63,49.37a3\
2.05,32.05,0,0,0\
-45.26,0h0a31.85\
,31.85,0,0,0-5.1\
5,6.76L152,48.43\
a32,32,0,0,0-54.\
6-23.06h0a32.05,\
32.05,0,0,0-5.75\
,37.41L57.68,93.\
33a32.06,32.06,0\
,0,0-40.31,4h0a3\
2,32,0,0,0,42.88\
,47.4l70,51.36a3\
2,32,0,1,0,52.34\
-10.76,31.51,31.\
51,0,0,0-4.78-3.\
92l27.39-77.59q1\
.38.12,2.76.12a3\
2,32,0,0,0,22.63\
-54.61ZM108.69,3\
6.69h0a16,16,0,1\
,1,0,22.62A16,16\
,0,0,1,108.69,36\
.69Zm-80,94.62a1\
6,16,0,0,1,0-22.\
62h0a16,16,0,1,1\
,0,22.62Zm142.62\
,88a16,16,0,0,1-\
22.62-22.62h0a16\
,16,0,0,1,22.62,\
22.62Zm-8.55-43.\
17a31.93,31.93,0\
,0,0-23,7.09l-70\
-51.36a32.13,32.\
13,0,0,0-1.33-26\
.65l33.94-30.55a\
32,32,0,0,0,45.4\
6-10.8L176,71.57\
a31.87,31.87,0,0\
,0,14.11,27Zm56.\
55-92.83a16,16,0\
,0,1-22.62-22.62\
h0a16,16,0,0,1,2\
2.62,22.62Z\x22></p\
ath> </g></svg>\
\x00\x00\x05\xa3\
<\
?xml version=\x221.\
0\x22 encoding=\x22UTF\
-8\x22?><svg width=\
\x2232\x22 height=\x2232\x22\
 viewBox=\x220 0 48\
 48\x22 fill=\x22none\x22\
 xmlns=\x22http://w\
ww.w3.org/2000/s\
vg\x22><path d=\x22M18\
.2838 43.1713C14\
.9327 42.1736 11\
.9498 40.3213 9.\
58787 37.867C10.\
469 36.8227 11 3\
5.4734 11 34.000\
1C11 30.6864 8.3\
1371 28.0001 5 2\
8.0001C4.79955 2\
8.0001 4.60139 2\
8.01 4.40599 28.\
0292C4.13979 26.\
7277 4 25.3803 4\
 24.0001C4 21.90\
95 4.32077 19.89\
38 4.91579 17.99\
95C4.94381 17.99\
99 4.97188 18.00\
01 5 18.0001C8.3\
1371 18.0001 11 \
15.3138 11 12.00\
01C11 11.0488 10\
.7786 10.1493 10\
.3846 9.35011C12\
.6975 7.1995 15.\
5205 5.59002 18.\
6521 4.72314C19.\
6444 6.66819 21.\
6667 8.00013 24 \
8.00013C26.3333 \
8.00013 28.3556 \
6.66819 29.3479 \
4.72314C32.4795 \
5.59002 35.3025 \
7.1995 37.6154 9\
.35011C37.2214 1\
0.1493 37 11.048\
8 37 12.0001C37 \
15.3138 39.6863 \
18.0001 43 18.00\
01C43.0281 18.00\
01 43.0562 17.99\
99 43.0842 17.99\
95C43.6792 19.89\
38 44 21.9095 44\
 24.0001C44 25.3\
803 43.8602 26.7\
277 43.594 28.02\
92C43.3986 28.01\
 43.2005 28.0001\
 43 28.0001C39.6\
863 28.0001 37 3\
0.6864 37 34.000\
1C37 35.4734 37.\
531 36.8227 38.4\
121 37.867C36.05\
02 40.3213 33.06\
73 42.1736 29.71\
62 43.1713C28.94\
28 40.752 26.676\
 39.0001 24 39.0\
001C21.324 39.00\
01 19.0572 40.75\
2 18.2838 43.171\
3Z\x22 fill=\x22none\x22 \
stroke=\x22#0064ff\x22\
 stroke-width=\x223\
\x22 stroke-linejoi\
n=\x22miter\x22/><path\
 d=\x22M24 31C27.86\
6 31 31 27.866 3\
1 24C31 20.134 2\
7.866 17 24 17C2\
0.134 17 17 20.1\
34 17 24C17 27.8\
66 20.134 31 24 \
31Z\x22 fill=\x22none\x22\
 stroke=\x22#0064ff\
\x22 stroke-width=\x22\
3\x22 stroke-linejo\
in=\x22miter\x22/></sv\
g>\
\x00\x00\x02%\
<\
svg t=\x22176507522\
4471\x22 class=\x22ico\
n\x22 viewBox=\x220 0 \
1024 1024\x22 versi\
on=\x221.1\x22 xmlns=\x22\
http://www.w3.or\
g/2000/svg\x22 p-id\
=\x221718\x22 width=\x222\
00\x22 height=\x22200\x22\
><path d=\x22M170.6\
66667 896h682.66\
6666a42.666667 4\
2.666667 0 0 0 4\
2.666667-42.6666\
67V170.666667a42\
.666667 42.66666\
7 0 0 0-42.66666\
7-42.666667H170.\
666667a42.666667\
 42.666667 0 0 0\
-42.666667 42.66\
6667v682.666666a\
42.666667 42.666\
667 0 0 0 42.666\
667 42.666667z m\
256-682.666667h3\
84v597.333334h-3\
84V213.333333zM2\
13.333333 213.33\
3333h128v597.333\
334H213.333333V2\
13.333333z\x22 fill\
=\x22#0064FF\x22 p-id=\
\x221719\x22></path></\
svg>\
\x00\x00\x02\x8d\
<\
?xml version=\x221.\
0\x22 encoding=\x22UTF\
-8\x22?><svg width=\
\x2232\x22 height=\x2232\x22\
 viewBox=\x220 0 48\
 48\x22 fill=\x22none\x22\
 xmlns=\x22http://w\
ww.w3.org/2000/s\
vg\x22><path d=\x22M14\
.5 8C13.8406 8.3\
7652 13.2062 8.7\
9103 12.6 9.2405\
1C11.5625 10.009\
7 10.6074 10.881\
4 9.75 11.8402C6\
.79377 15.1463 5\
 19.4891 5 24.24\
55C5 34.6033 13.\
5066 43 24 43C34\
.4934 43 43 34.6\
033 43 24.2455C4\
3 19.4891 41.206\
2 15.1463 38.25 \
11.8402C37.3926 \
10.8814 36.4375 \
10.0097 35.4 9.2\
4051C34.7938 8.7\
9103 34.1594 8.3\
7652 33.5 8\x22 str\
oke=\x22#0064ff\x22 st\
roke-width=\x223\x22 s\
troke-linecap=\x22s\
quare\x22 stroke-li\
nejoin=\x22miter\x22/>\
<path d=\x22M24 4V2\
4\x22 stroke=\x22#0064\
ff\x22 stroke-width\
=\x223\x22 stroke-line\
cap=\x22square\x22 str\
oke-linejoin=\x22mi\
ter\x22/></svg>\
\x00\x00\x05\xa0\
<\
svg t=\x22170048300\
4508\x22 class=\x22ico\
n\x22 viewBox=\x220 0 \
1024 1024\x22 versi\
on=\x221.1\x22 xmlns=\x22\
http://www.w3.or\
g/2000/svg\x22 p-id\
=\x221564\x22\x0a    widt\
h=\x22200\x22 height=\x22\
200\x22>\x0a    <path\x0a\
        d=\x22M288.\
948706 504.71152\
9c-25.359059 24.\
636235-23.491765\
 58.970353 1.867\
294 83.546353l17\
5.224471 177.814\
589c25.419294 24\
.636235 60.89788\
2 22.708706 86.3\
17176-1.867295l1\
80.886588-174.01\
9764c25.359059-2\
4.636235 27.2865\
88-58.910118 1.8\
67294-83.546353-\
25.359059-24.576\
-60.897882-22.70\
8706-86.256941 1\
.927529L570.9703\
53 586.752V28.85\
2706a28.792471 2\
8.792471 0 0 0-2\
8.792471-28.7924\
71H480.015059a28\
.792471 28.79247\
1 0 0 0-28.79247\
1 28.792471v562.\
416941L371.47105\
9 510.373647c-25\
.359059-24.63623\
5-57.103059-30.2\
38118-82.522353-\
5.662118z\x22\x0a     \
   fill=\x22#0178f1\
\x22 p-id=\x221565\x22></\
path>\x0a    <path\x0a\
        d=\x22M873.\
411765 240.94117\
6h-180.705883a60\
.235294 60.23529\
4 0 0 0 0 120.47\
0589h120.470589a\
60.235294 60.235\
294 0 0 1 60.235\
294 60.235294v42\
1.647059a60.2352\
94 60.235294 0 0\
 1-60.235294 60.\
235294H210.82352\
9a60.235294 60.2\
35294 0 0 1-60.2\
35294-60.235294V\
421.647059a60.23\
5294 60.235294 0\
 0 1 60.235294-6\
0.235294h120.470\
589a60.235294 60\
.235294 0 0 0 0-\
120.470589H150.5\
88235C77.281882 \
240.941176 30.11\
7647 289.792 30.\
117647 372.37458\
8v520.192C30.117\
647 986.895059 8\
5.654588 1024 15\
0.588235 1024h72\
2.82353c96.55717\
6 0 120.470588-5\
8.970353 120.470\
588-131.433412V3\
72.374588C993.88\
2353 293.406118 \
939.309176 240.9\
41176 873.411765\
 240.941176z\x22\x0a  \
      fill=\x22#017\
8f1\x22 p-id=\x221566\x22\
></path>\x0a</svg>\
\x00\x00\x0d\x5c\
<\
?xml version=\x221.\
0\x22 encoding=\x22UTF\
-8\x22 standalone=\x22\
no\x22?>\x0a<svg\x0a   t=\
\x221702720410034\x22\x0a\
   class=\x22icon\x22\x0a\
   viewBox=\x220 0 \
974.98197 961.58\
688\x22\x0a   version=\
\x221.1\x22\x0a   p-id=\x221\
483\x22\x0a   width=\x221\
90.42616\x22\x0a   hei\
ght=\x22187.80995\x22\x0a\
   id=\x22svg4\x22\x0a   \
sodipodi:docname\
=\x22channel.svg\x22\x0a \
  inkscape:versi\
on=\x221.3 (0e150ed\
6c4, 2023-07-21)\
\x22\x0a   xmlns:inksc\
ape=\x22http://www.\
inkscape.org/nam\
espaces/inkscape\
\x22\x0a   xmlns:sodip\
odi=\x22http://sodi\
podi.sourceforge\
.net/DTD/sodipod\
i-0.dtd\x22\x0a   xmln\
s=\x22http://www.w3\
.org/2000/svg\x22\x0a \
  xmlns:svg=\x22htt\
p://www.w3.org/2\
000/svg\x22>\x0a  <def\
s\x0a     id=\x22defs4\
\x22 />\x0a  <sodipodi\
:namedview\x0a     \
id=\x22namedview4\x22\x0a\
     pagecolor=\x22\
#ffffff\x22\x0a     bo\
rdercolor=\x22#0000\
00\x22\x0a     bordero\
pacity=\x220.25\x22\x0a  \
   inkscape:show\
pageshadow=\x222\x22\x0a \
    inkscape:pag\
eopacity=\x220.0\x22\x0a \
    inkscape:pag\
echeckerboard=\x220\
\x22\x0a     inkscape:\
deskcolor=\x22#d1d1\
d1\x22\x0a     showgui\
des=\x22true\x22\x0a     \
inkscape:zoom=\x221\
.949847\x22\x0a     in\
kscape:cx=\x2271.28\
7645\x22\x0a     inksc\
ape:cy=\x2242.31101\
2\x22\x0a     inkscape\
:window-width=\x222\
560\x22\x0a     inksca\
pe:window-height\
=\x221334\x22\x0a     ink\
scape:window-x=\x22\
-11\x22\x0a     inksca\
pe:window-y=\x22302\
\x22\x0a     inkscape:\
window-maximized\
=\x221\x22\x0a     inksca\
pe:current-layer\
=\x22svg4\x22>\x0a    <so\
dipodi:guide\x0a   \
    position=\x2239\
3.56276,807.5225\
2\x22\x0a       orient\
ation=\x220,-1\x22\x0a   \
    id=\x22guide5\x22\x0a\
       inkscape:\
locked=\x22false\x22 /\
>\x0a    <sodipodi:\
guide\x0a       pos\
ition=\x22237.09782\
,293.38473\x22\x0a    \
   orientation=\x22\
0,-1\x22\x0a       id=\
\x22guide6\x22\x0a       \
inkscape:locked=\
\x22false\x22 />\x0a    <\
sodipodi:guide\x0a \
      position=\x22\
749.13804,367.56\
49\x22\x0a       orien\
tation=\x220,-1\x22\x0a  \
     id=\x22guide7\x22\
\x0a       inkscape\
:locked=\x22false\x22 \
/>\x0a    <sodipodi\
:guide\x0a       po\
sition=\x22393.5627\
6,768.99488\x22\x0a   \
    orientation=\
\x221,0\x22\x0a       id=\
\x22guide8\x22\x0a       \
inkscape:locked=\
\x22false\x22 />\x0a    <\
sodipodi:guide\x0a \
      position=\x22\
238.41074,294.04\
119\x22\x0a       orie\
ntation=\x221,0\x22\x0a  \
     id=\x22guide9\x22\
\x0a       inkscape\
:locked=\x22false\x22 \
/>\x0a    <sodipodi\
:guide\x0a       po\
sition=\x22750.4509\
4,375.44244\x22\x0a   \
    orientation=\
\x221,0\x22\x0a       id=\
\x22guide10\x22\x0a      \
 inkscape:locked\
=\x22false\x22 />\x0a  </\
sodipodi:namedvi\
ew>\x0a  <path\x0a    \
 d=\x22m 200.88964,\
194.07552 a 192.\
52387,193.96724 \
0 1 0 385.04768,\
0 192.52387,193.\
96724 0 1 0 -385\
.04768,0 z\x22\x0a    \
 fill=\x22#d81e06\x22\x0a\
     p-id=\x221486\x22\
\x0a     id=\x22path3-\
4\x22\x0a     style=\x22f\
ill:#d81e06;fill\
-opacity:0.68372\
9;stroke-width:2\
.60223\x22 />\x0a  <pa\
th\x0a     d=\x22m 276\
.75149,193.91179\
 a 116.84694,117\
.72296 0 1 0 233\
.69383,0 116.846\
94,117.72296 0 1\
 0 -233.69383,0 \
z\x22\x0a     fill=\x22#d\
81e06\x22\x0a     p-id\
=\x221486\x22\x0a     id=\
\x22path3\x22\x0a     sty\
le=\x22stroke-width\
:1.57936\x22 />\x0a  <\
path\x0a     d=\x22m 5\
89.93422,681.916\
75 a 192.52388,1\
93.96725 0 1 0 3\
85.0477,0 192.52\
388,193.96725 0 \
1 0 -385.0477,0 \
z\x22\x0a     fill=\x22#d\
81e06\x22\x0a     p-id\
=\x221486\x22\x0a     id=\
\x22path3-4-0\x22\x0a    \
 style=\x22fill:#60\
9ce9;fill-opacit\
y:0.84313726;str\
oke-width:2.6022\
3\x22 />\x0a  <path\x0a  \
   d=\x22m 665.7960\
2,681.75302 a 11\
6.84695,117.7229\
7 0 1 0 233.6939\
,0 116.84695,117\
.72297 0 1 0 -23\
3.6939,0 z\x22\x0a    \
 fill=\x22#d81e06\x22\x0a\
     p-id=\x221486\x22\
\x0a     id=\x22path3-\
8\x22\x0a     style=\x22f\
ill:#2c6ec1;fill\
-opacity:1;strok\
e-width:1.57936\x22\
 />\x0a  <path\x0a    \
 d=\x22m 9.9999999e\
-6,767.55713 a 1\
92.52387,193.967\
24 0 1 0 385.047\
7200000001,0 192\
.52387,193.96724\
 0 1 0 -385.0477\
200000001,0 z\x22\x0a \
    fill=\x22#d81e0\
6\x22\x0a     p-id=\x2214\
86\x22\x0a     id=\x22pat\
h3-4-0-4\x22\x0a     s\
tyle=\x22fill:#28b7\
29;fill-opacity:\
0.52941179;strok\
e-width:2.60223\x22\
 />\x0a  <path\x0a    \
 d=\x22m 75.86186,7\
67.3934 a 116.84\
694,117.72298 0 \
1 0 233.69387,0 \
116.84694,117.72\
298 0 1 0 -233.6\
9387,0 z\x22\x0a     f\
ill=\x22#d81e06\x22\x0a  \
   p-id=\x221486\x22\x0a \
    id=\x22path3-8-\
5\x22\x0a     style=\x22f\
ill:#20bb1a;fill\
-opacity:1;strok\
e-width:1.57936\x22\
 />\x0a</svg>\x0a\
\x00\x00\x028\
<\
svg t=\x22176507535\
6347\x22 class=\x22ico\
n\x22 viewBox=\x220 0 \
1024 1024\x22 versi\
on=\x221.1\x22 xmlns=\x22\
http://www.w3.or\
g/2000/svg\x22 p-id\
=\x222388\x22 width=\x222\
00\x22 height=\x22200\x22\
><path d=\x22M810.6\
66667 128H213.33\
3333c-47.061333 \
0-85.333333 38.2\
72-85.333333 85.\
333333v597.33333\
4c0 47.061333 38\
.272 85.333333 8\
5.333333 85.3333\
33h597.333334c47\
.061333 0 85.333\
333-38.272 85.33\
3333-85.333333V2\
13.333333c0-47.0\
61333-38.272-85.\
333333-85.333333\
-85.333333z m0 8\
5.333333l0.04266\
6 384H213.333333\
V213.333333h597.\
333334zM213.3333\
33 810.666667v-1\
28h597.418667v12\
8H213.333333z\x22 p\
-id=\x222389\x22 fill=\
\x22#0064FF\x22></path\
></svg>\
\x00\x00\x03^\
<\
?xml version=\x221.\
0\x22 encoding=\x22UTF\
-8\x22?><svg width=\
\x2232\x22 height=\x2232\x22\
 viewBox=\x220 0 48\
 48\x22 fill=\x22none\x22\
 xmlns=\x22http://w\
ww.w3.org/2000/s\
vg\x22><path fill-r\
ule=\x22evenodd\x22 cl\
ip-rule=\x22evenodd\
\x22 d=\x22M24 41C33.9\
411 41 42 32.678\
 42 27C42 21.322\
 33.9411 13 24 1\
3C14.0589 13 6 2\
1.3278 6 27C6 32\
.6722 14.0589 41\
 24 41Z\x22 fill=\x22n\
one\x22 stroke=\x22#00\
64ff\x22 stroke-wid\
th=\x223\x22 stroke-li\
nejoin=\x22miter\x22/>\
<path d=\x22M24 33C\
27.3137 33 30 30\
.3137 30 27C30 2\
3.6863 27.3137 2\
1 24 21C20.6863 \
21 18 23.6863 18\
 27C18 30.3137 2\
0.6863 33 24 33Z\
\x22 fill=\x22none\x22 st\
roke=\x22#0064ff\x22 s\
troke-width=\x223\x22 \
stroke-linejoin=\
\x22miter\x22/><path d\
=\x22M13.2637 11.26\
61L15.8582 14.88\
63\x22 stroke=\x22#006\
4ff\x22 stroke-widt\
h=\x223\x22 stroke-lin\
ecap=\x22square\x22/><\
path d=\x22M35.625 \
11.7104L33.0304 \
15.3307\x22 stroke=\
\x22#0064ff\x22 stroke\
-width=\x223\x22 strok\
e-linecap=\x22squar\
e\x22/><path d=\x22M24\
.0088 7V13\x22 stro\
ke=\x22#0064ff\x22 str\
oke-width=\x223\x22 st\
roke-linecap=\x22sq\
uare\x22/></svg>\
\x00\x00\x025\
<\
?xml version=\x221.\
0\x22 encoding=\x22UTF\
-8\x22?><svg width=\
\x2232\x22 height=\x2232\x22\
 viewBox=\x220 0 48\
 48\x22 fill=\x22none\x22\
 xmlns=\x22http://w\
ww.w3.org/2000/s\
vg\x22><path d=\x22M21\
 38C30.3888 38 3\
8 30.3888 38 21C\
38 11.6112 30.38\
88 4 21 4C11.611\
2 4 4 11.6112 4 \
21C4 30.3888 11.\
6112 38 21 38Z\x22 \
fill=\x22none\x22 stro\
ke=\x22#0064ff\x22 str\
oke-width=\x223\x22 st\
roke-linejoin=\x22m\
iter\x22/><path d=\x22\
M15 21L27 21\x22 st\
roke=\x22#0064ff\x22 s\
troke-width=\x223\x22 \
stroke-linecap=\x22\
square\x22 stroke-l\
inejoin=\x22miter\x22/\
><path d=\x22M33.22\
16 33.2217L41.70\
69 41.707\x22 strok\
e=\x22#0064ff\x22 stro\
ke-width=\x223\x22 str\
oke-linecap=\x22squ\
are\x22 stroke-line\
join=\x22miter\x22/></\
svg>\
\x00\x00\x03\xca\
<\
?xml version=\x221.\
0\x22 encoding=\x22UTF\
-8\x22?><svg width=\
\x2232\x22 height=\x2232\x22\
 viewBox=\x220 0 48\
 48\x22 fill=\x22none\x22\
 xmlns=\x22http://w\
ww.w3.org/2000/s\
vg\x22><path d=\x22M6 \
9C6 7.34315 7.34\
315 6 9 6H34.281\
4L42 13.2065V39C\
42 40.6569 40.65\
69 42 39 42H9C7.\
34315 42 6 40.65\
69 6 39V9Z\x22 fill\
=\x22none\x22 stroke=\x22\
#0064ff\x22 stroke-\
width=\x223\x22 stroke\
-linejoin=\x22miter\
\x22/><path fill-ru\
le=\x22evenodd\x22 cli\
p-rule=\x22evenodd\x22\
 d=\x22M24.0083 6L2\
4 13.3846C24 13.\
7245 23.5523 14 \
23 14H15C14.4477\
 14 14 13.7245 1\
4 13.3846L14 6\x22 \
fill=\x22none\x22/><pa\
th d=\x22M24.0083 6\
L24 13.3846C24 1\
3.7245 23.5523 1\
4 23 14H15C14.44\
77 14 14 13.7245\
 14 13.3846L14 6\
H24.0083Z\x22 strok\
e=\x22#0064ff\x22 stro\
ke-width=\x223\x22 str\
oke-linejoin=\x22mi\
ter\x22/><path d=\x22M\
9 6H34.2814\x22 str\
oke=\x22#0064ff\x22 st\
roke-width=\x223\x22 s\
troke-linecap=\x22s\
quare\x22 stroke-li\
nejoin=\x22miter\x22/>\
<path d=\x22M14 26H\
34\x22 stroke=\x22#006\
4ff\x22 stroke-widt\
h=\x223\x22 stroke-lin\
ecap=\x22square\x22 st\
roke-linejoin=\x22m\
iter\x22/><path d=\x22\
M14 34H24.0083\x22 \
stroke=\x22#0064ff\x22\
 stroke-width=\x223\
\x22 stroke-linecap\
=\x22square\x22 stroke\
-linejoin=\x22miter\
\x22/></svg>\
"

qt_resource_name = b"\
\x00\x04\
\x00\x06\xfa^\
\x00i\
\x00c\x00o\x00n\
\x00\x05\
\x00o\xa6S\
\x00i\
\x00c\x00o\x00n\x00s\
\x00\x0a\
\x04\xa7\x97G\
\x00o\
\x00p\x00e\x00n\x00c\x00v\x00.\x00s\x00v\x00g\
\x00\x0e\
\x06\xb5\x91\xe7\
\x00d\
\x00o\x00c\x00k\x00_\x00r\x00i\x00g\x00h\x00t\x00.\x00s\x00v\x00g\
\x00\x08\
\x04\xb2UG\
\x00u\
\x00n\x00d\x00o\x00.\x00s\x00v\x00g\
\x00\x10\
\x02\x1a\xeb\x07\
\x00c\
\x00h\x00a\x00n\x00n\x00e\x00l\x00_\x00g\x00r\x00a\x00y\x00.\x00s\x00v\x00g\
\x00\x0d\
\x05\x8a\xf3\xe7\
\x00c\
\x00h\x00a\x00n\x00n\x00e\x00l\x00_\x00g\x00.\x00s\x00v\x00g\
\x00\x11\
\x09?\xbd\xc7\
\x00g\
\x00o\x00_\x00b\x00a\x00c\x00k\x00w\x00a\x00r\x00d\x009\x000\x00.\x00s\x00v\x00g\
\
\x00\x10\
\x0d\x0b~\xa7\
\x00g\
\x00o\x00_\x00f\x00o\x00r\x00w\x00a\x00r\x00d\x009\x000\x00.\x00s\x00v\x00g\
\x00\x0c\
\x0d^\x03\x87\
\x00d\
\x00e\x00l\x00e\x00t\x00e\x00-\x003\x00.\x00s\x00v\x00g\
\x00\x0b\
\x0a+\x97\xe7\
\x00p\
\x00o\x00i\x00n\x00t\x00e\x00r\x00.\x00p\x00n\x00g\
\x00\x0a\
\x06\x9a\xc4'\
\x00e\
\x00x\x00p\x00o\x00r\x00t\x00.\x00s\x00v\x00g\
\x00\x0c\
\x05\xae\xf7\x87\
\x00a\
\x00n\x00n\x00o\x00t\x00a\x00t\x00e\x00.\x00s\x00v\x00g\
\x00\x08\
\x0b\x07W\xa7\
\x00e\
\x00d\x00i\x00t\x00.\x00s\x00v\x00g\
\x00\x0a\
\x0c\xad\x02\x87\
\x00d\
\x00e\x00l\x00e\x00t\x00e\x00.\x00s\x00v\x00g\
\x00\x08\
\x04\xd2T\xc7\
\x00i\
\x00n\x00f\x00o\x00.\x00s\x00v\x00g\
\x00\x0d\
\x02-h\xe7\
\x00c\
\x00l\x00o\x00s\x00e\x00-\x00o\x00n\x00e\x00.\x00s\x00v\x00g\
\x00\x0d\
\x0e\xe4\xa7G\
\x00p\
\x00o\x00l\x00y\x00g\x00o\x00n\x00_\x000\x00.\x00s\x00v\x00g\
\x00\x09\
\x09\xc7\xabG\
\x00r\
\x00e\x00s\x00e\x00t\x00.\x00s\x00v\x00g\
\x00\x0c\
\x03(\x22\x87\
\x00t\
\x00i\x00m\x00e\x00l\x00i\x00n\x00e\x00.\x00s\x00v\x00g\
\x00\x0d\
\x05\xb5\xf3\xe7\
\x00c\
\x00h\x00a\x00n\x00n\x00e\x00l\x00_\x00r\x00.\x00s\x00v\x00g\
\x00\x11\
\x0d\xdaH\x07\
\x00m\
\x00o\x00u\x00s\x00e\x00_\x00p\x00o\x00i\x00n\x00t\x00e\x00r\x00.\x00s\x00v\x00g\
\
\x00\x19\
\x04\xf4\x8f\xa7\
\x00f\
\x00o\x00l\x00d\x00e\x00r\x00-\x00c\x00o\x00n\x00v\x00e\x00r\x00s\x00i\x00o\x00n\
\x00-\x00o\x00n\x00e\x00.\x00s\x00v\x00g\
\x00\x08\
\x05\xe2Y'\
\x00l\
\x00o\x00g\x00o\x00.\x00p\x00n\x00g\
\x00\x0d\
\x05\x85\xf3\xe7\
\x00c\
\x00h\x00a\x00n\x00n\x00e\x00l\x00_\x00b\x00.\x00s\x00v\x00g\
\x00\x10\
\x00&x\xc7\
\x00f\
\x00i\x00l\x00e\x00-\x00e\x00d\x00i\x00t\x00i\x00n\x00g\x00.\x00s\x00v\x00g\
\x00\x08\
\x06|W\x87\
\x00c\
\x00o\x00p\x00y\x00.\x00s\x00v\x00g\
\x00\x07\
\x0bgZ\x07\
\x00d\
\x00o\x00t\x00.\x00s\x00v\x00g\
\x00\x17\
\x0b\x06\x7fg\
\x00f\
\x00i\x00l\x00e\x00-\x00c\x00o\x00n\x00v\x00e\x00r\x00s\x00i\x00o\x00n\x00-\x00o\
\x00n\x00e\x00.\x00s\x00v\x00g\
\x00\x0d\
\x099\xc4\x87\
\x00m\
\x00a\x00g\x00n\x00i\x00f\x00i\x00e\x00r\x00.\x00s\x00v\x00g\
\x00\x06\
\x078Z\xc7\
\x00m\
\x00e\x00.\x00s\x00v\x00g\
\x00\x06\
\x07^Z\xc7\
\x00o\
\x00k\x00.\x00s\x00v\x00g\
\x00\x09\
\x08\x05\x83'\
\x00e\
\x00y\x00e\x00-\x002\x00.\x00s\x00v\x00g\
\x00\x0e\
\x03\xbb\x00\xe7\
\x00d\
\x00e\x00l\x00e\x00t\x00e\x00-\x00t\x00w\x00o\x00.\x00s\x00v\x00g\
\x00\x08\
\x00\xa7T\xa7\
\x00l\
\x00i\x00s\x00t\x00.\x00s\x00v\x00g\
\x00\x0a\
\x08\xafs\xa7\
\x00z\
\x00l\x00a\x00b\x00e\x00l\x00.\x00p\x00n\x00g\
\x00\x12\
\x07\xf1]g\
\x00r\
\x00e\x00s\x00e\x00t\x00_\x00s\x00e\x00t\x00t\x00i\x00n\x00g\x00s\x00.\x00s\x00v\
\x00g\
\x00\x0d\
\x09\x93d\xe7\
\x00c\
\x00h\x00e\x00c\x00k\x00-\x00o\x00n\x00e\x00.\x00s\x00v\x00g\
\x00\x07\
\x06\xf6Z'\
\x00p\
\x00i\x00c\x00.\x00s\x00v\x00g\
\x00\x0a\
\x0bi\x9aG\
\x00w\
\x00i\x00n\x00d\x00o\x00w\x00.\x00s\x00v\x00g\
\x00\x0c\
\x06\x08\x18\x07\
\x00d\
\x00o\x00c\x00k\x00_\x00t\x00o\x00p\x00.\x00s\x00v\x00g\
\x00\x0f\
\x0f\xd1\xe9\xa7\
\x00l\
\x00i\x00s\x00t\x00-\x00m\x00i\x00d\x00d\x00l\x00e\x00.\x00s\x00v\x00g\
\x00\x09\
\x08\x06\x83'\
\x00e\
\x00y\x00e\x00-\x003\x00.\x00s\x00v\x00g\
\x00\x0b\
\x0e\xcf\x9d'\
\x00p\
\x00o\x00l\x00y\x00g\x00o\x00n\x00.\x00s\x00v\x00g\
\x00\x11\
\x0c\xda\xf9g\
\x00l\
\x00a\x00b\x00e\x00l\x00m\x00e\x00_\x003\x002\x00x\x003\x002\x00.\x00p\x00n\x00g\
\
\x00\x08\
\x0b\xb2U\xc7\
\x00r\
\x00e\x00d\x00o\x00.\x00s\x00v\x00g\
\x00\x0d\
\x0d\x1bvG\
\x00t\
\x00o\x00-\x00b\x00o\x00t\x00t\x00o\x00m\x00.\x00s\x00v\x00g\
\x00\x09\
\x08\xbf\xbe'\
\x00l\
\x00a\x00b\x00e\x00l\x00.\x00s\x00v\x00g\
\x00\x08\
\x00(Wg\
\x00f\
\x00i\x00l\x00e\x00.\x00s\x00v\x00g\
\x00\x08\
\x05\xe2T\xa7\
\x00l\
\x00o\x00g\x00o\x00.\x00s\x00v\x00g\
\x00\x0d\
\x0d\x17\x1b\x07\
\x00V\
\x00O\x00C\x00_\x003\x002\x00x\x003\x002\x00.\x00p\x00n\x00g\
\x00\x0c\
\x0dy\xcaG\
\x00s\
\x00a\x00v\x00e\x00-\x00o\x00n\x00e\x00.\x00s\x00v\x00g\
\x00\x08\
\x0c3W\x07\
\x00h\
\x00e\x00l\x00p\x00.\x00s\x00v\x00g\
\x00\x08\
\x05\xa2B\xdf\
\x00c\
\x00o\x00c\x00o\x00.\x00i\x00c\x00o\
\x00\x0c\
\x0a\x9f\x02G\
\x00i\
\x00n\x00s\x00t\x00a\x00n\x00c\x00e\x00.\x00p\x00n\x00g\
\x00\x08\
\x08\xc9T'\
\x00p\
\x00r\x00e\x00v\x00.\x00s\x00v\x00g\
\x00\x0b\
\x03\x03\x96\xc7\
\x00z\
\x00o\x00o\x00m\x00-\x00i\x00n\x00.\x00s\x00v\x00g\
\x00\x0c\
\x05\xce'\xe7\
\x00s\
\x00e\x00m\x00a\x00n\x00t\x00i\x00c\x00.\x00p\x00n\x00g\
\x00\x0f\
\x04\x18O\x87\
\x00f\
\x00o\x00l\x00d\x00e\x00r\x00-\x00o\x00p\x00e\x00n\x00.\x00s\x00v\x00g\
\x00\x0e\
\x0fQ\xd8\xc7\
\x00o\
\x00n\x00e\x00-\x00t\x00o\x00-\x00o\x00n\x00e\x00.\x00s\x00v\x00g\
\x00\x12\
\x0a\xed\xfd\x07\
\x00e\
\x00f\x00f\x00e\x00r\x00e\x00n\x00t\x00-\x00t\x00h\x00r\x00e\x00e\x00.\x00s\x00v\
\x00g\
\x00\x0a\
\x0fhS\xe7\
\x00a\
\x00n\x00c\x00h\x00o\x00r\x00.\x00s\x00v\x00g\
\x00\x0d\
\x0f\xb8\xefg\
\x00t\
\x00r\x00a\x00n\x00s\x00l\x00a\x00t\x00e\x00.\x00s\x00v\x00g\
\x00\x0d\
\x00XW_\
\x00M\
\x00_\x00F\x00a\x00v\x00i\x00c\x00o\x00n\x00.\x00i\x00c\x00o\
\x00\x0e\
\x09\xa5/\x07\
\x00t\
\x00h\x00r\x00e\x00e\x00_\x00d\x00o\x00t\x00s\x00.\x00s\x00v\x00g\
\x00\x0d\
\x00- \x87\
\x00f\
\x00u\x00l\x00l\x00w\x00i\x00d\x00t\x00h\x00.\x00s\x00v\x00g\
\x00\x09\
\x08\xd8\xbdG\
\x00m\
\x00e\x00r\x00g\x00e\x00.\x00s\x00v\x00g\
\x00\x09\
\x06\xc3\x87\xe7\
\x00g\
\x00r\x00o\x00u\x00p\x00.\x00s\x00v\x00g\
\x00\x08\
\x0c\xf7TG\
\x00n\
\x00e\x00x\x00t\x00.\x00s\x00v\x00g\
\x00\x0a\
\x0bl>G\
\x00t\
\x00o\x00-\x00t\x00o\x00p\x00.\x00s\x00v\x00g\
\x00\x0e\
\x03\xe6t\xa7\
\x00f\
\x00u\x00l\x00l\x00s\x00c\x00r\x00e\x00e\x00n\x00.\x00s\x00v\x00g\
\x00\x0a\
\x08\xafk\x7f\
\x00z\
\x00l\x00a\x00b\x00e\x00l\x00.\x00i\x00c\x00o\
\x00\x10\
\x08\xed''\
\x00k\
\x00e\x00y\x00b\x00o\x00a\x00r\x00d\x00-\x00o\x00n\x00e\x00.\x00s\x00v\x00g\
\x00\x0a\
\x08\xaf~'\
\x00z\
\x00l\x00a\x00b\x00e\x00l\x00.\x00s\x00v\x00g\
\x00\x12\
\x09\xed\xfd\x07\
\x00a\
\x00f\x00f\x00e\x00r\x00e\x00n\x00t\x00-\x00t\x00h\x00r\x00e\x00e\x00.\x00s\x00v\
\x00g\
\x00\x18\
\x0e\xd1?g\
\x00r\
\x00e\x00c\x00t\x00a\x00n\x00g\x00l\x00e\x00_\x00t\x00w\x00o\x00_\x00p\x00o\x00i\
\x00n\x00t\x00s\x00.\x00s\x00v\x00g\
\x00\x0a\
\x05\xbc\xb6\xc7\
\x00p\
\x00o\x00i\x00n\x00t\x00s\x00.\x00s\x00v\x00g\
\x00\x0f\
\x0c\xc3!g\
\x00s\
\x00e\x00t\x00t\x00i\x00n\x00g\x00-\x00t\x00w\x00o\x00.\x00s\x00v\x00g\
\x00\x0d\
\x0dcw'\
\x00d\
\x00o\x00c\x00k\x00_\x00l\x00e\x00f\x00t\x00.\x00s\x00v\x00g\
\x00\x09\
\x0d\xc5\xb4\x07\
\x00p\
\x00o\x00w\x00e\x00r\x00.\x00s\x00v\x00g\
\x00\x0a\
\x06\x99R'\
\x00i\
\x00m\x00p\x00o\x00r\x00t\x00.\x00s\x00v\x00g\
\x00\x0b\
\x04l\x8ag\
\x00c\
\x00h\x00a\x00n\x00n\x00e\x00l\x00.\x00s\x00v\x00g\
\x00\x0f\
\x0fv\xda\xc7\
\x00d\
\x00o\x00c\x00k\x00_\x00b\x00o\x00t\x00t\x00o\x00m\x00.\x00s\x00v\x00g\
\x00\x08\
\x0f\xc6WG\
\x00e\
\x00y\x00e\x00s\x00.\x00s\x00v\x00g\
\x00\x0c\
\x06\xeb\x9ag\
\x00z\
\x00o\x00o\x00m\x00-\x00o\x00u\x00t\x00.\x00s\x00v\x00g\
\x00\x08\
\x08\xc8U\xe7\
\x00s\
\x00a\x00v\x00e\x00.\x00s\x00v\x00g\
"

qt_resource_struct = b"\
\x00\x00\x00\x00\x00\x02\x00\x00\x00\x01\x00\x00\x00\x01\
\x00\x00\x00\x00\x00\x00\x00\x00\
\x00\x00\x00\x00\x00\x02\x00\x00\x00\x01\x00\x00\x00\x02\
\x00\x00\x00\x00\x00\x00\x00\x00\
\x00\x00\x00\x0e\x00\x02\x00\x00\x00V\x00\x00\x00\x03\
\x00\x00\x00\x00\x00\x00\x00\x00\
\x00\x00\x02\xe8\x00\x00\x00\x00\x00\x01\x00\x00\xb1\x99\
\x00\x00\x01\x9f\xcd\x01\x888\
\x00\x00\x05~\x00\x00\x00\x00\x00\x01\x00\x01/)\
\x00\x00\x01\xa0B\x85\xdf\x12\
\x00\x00\x07n\x00\x00\x00\x00\x00\x01\x00\x01\x81\x1c\
\x00\x00\x01\x9f\xcd\x01\x888\
\x00\x00\x07,\x00\x01\x00\x00\x00\x01\x00\x01x\x99\
\x00\x00\x01\x9f\xcd\x01\x88$\
\x00\x00\x03\xea\x00\x00\x00\x00\x00\x01\x00\x00\xc9\xb0\
\x00\x00\x01\x9f\xcd\x01\x88C\
\x00\x00\x00p\x00\x01\x00\x00\x00\x01\x00\x00\x07\xde\
\x00\x00\x01\x9f\xcd\x01\x88-\
\x00\x00\x01\xbc\x00\x00\x00\x00\x00\x01\x00\x00i\xcd\
\x00\x00\x01\x9f\xcd\x01\x884\
\x00\x00\x06H\x00\x00\x00\x00\x00\x01\x00\x01g|\
\x00\x00\x01\x9f\xcd\x01\x88]\
\x00\x00\x02\x14\x00\x01\x00\x00\x00\x01\x00\x00r\xbc\
\x00\x00\x01\xa0G\xc1\xf37\
\x00\x00\x03\xc8\x00\x00\x00\x00\x00\x01\x00\x00\xc7\xc8\
\x00\x00\x01\x9f\xcd\x01\x884\
\x00\x00\x07\xee\x00\x00\x00\x00\x00\x01\x00\x01\x97\xe6\
\x00\x00\x01\xa0Az\x99\xf1\
\x00\x00\x06\x82\x00\x00\x00\x00\x00\x01\x00\x01m\x5c\
\x00\x00\x01\x9f\xcd\x01\x888\
\x00\x00\x09Z\x00\x00\x00\x00\x00\x01\x00\x01\xff\xac\
\x00\x00\x01\x9f\xcd\x01\x88%\
\x00\x00\x00\x1e\x00\x00\x00\x00\x00\x01\x00\x00\x00\x00\
\x00\x00\x01\x9f\xcd\x01\x88N\
\x00\x00\x00Z\x00\x00\x00\x00\x00\x01\x00\x00\x05\xf6\
\x00\x00\x01\x9f\xcd\x01\x88V\
\x00\x00\x01\xa6\x00\x00\x00\x00\x00\x01\x00\x00g@\
\x00\x00\x01\xa0G\xc3\xa1R\
\x00\x00\x02z\x00\x00\x00\x00\x00\x01\x00\x00\x82\xe0\
\x00\x00\x01\x9f\xcd\x01\x888\
\x00\x00\x02\xc8\x00\x01\x00\x00\x00\x01\x00\x00\xad\x91\
\x00\x00\x01\x9f\xcd\x01\x88%\
\x00\x00\x00\x96\x00\x01\x00\x00\x00\x01\x00\x00\x0b\xdc\
\x00\x00\x01\x9f\xcd\x01\x88%\
\x00\x00\x05\xfe\x00\x00\x00\x00\x00\x01\x00\x01X\xd1\
\x00\x00\x01\x9f\xcd\x01\x884\
\x00\x00\x01X\x00\x00\x00\x00\x00\x01\x00\x00\x5cu\
\x00\x00\x01\xa0B\xa2\xa9\x17\
\x00\x00\x022\x00\x01\x00\x00\x00\x01\x00\x00y\xfd\
\x00\x00\x01\x9f\xcd\x01\x88-\
\x00\x00\x08\xca\x00\x00\x00\x00\x00\x01\x00\x01\xea\xb3\
\x00\x00\x01\x9f\xcf\x9e\x7f\xaa\
\x00\x00\x06d\x00\x00\x00\x00\x00\x01\x00\x01j)\
\x00\x00\x01\x9f\xcd\x01\x88V\
\x00\x00\x05\x94\x00\x00\x00\x00\x00\x01\x00\x013\x08\
\x00\x00\x01\x9f\xcd\x01\x88E\
\x00\x00\x02\xb2\x00\x00\x00\x00\x00\x01\x00\x00\x85\xd9\
\x00\x00\x01\x9f\xcd\x01\x88E\
\x00\x00\x04\x92\x00\x00\x00\x00\x00\x01\x00\x00\xee\xdf\
\x00\x00\x01\x9f\xcd\x01\x888\
\x00\x00\x03\x0e\x00\x00\x00\x00\x00\x01\x00\x00\xb3\xeb\
\x00\x00\x01\xa0)\x9e-\xf6\
\x00\x00\x09@\x00\x00\x00\x00\x00\x01\x00\x01\xfa\x08\
\x00\x00\x01\x9f\xcd\x01\x888\
\x00\x00\x01>\x00\x00\x00\x00\x00\x01\x00\x00V\xc7\
\x00\x00\x01\x9f\xcd\x01\x888\
\x00\x00\x008\x00\x00\x00\x00\x00\x01\x00\x00\x03\xaa\
\x00\x00\x01\x9f\xcd\x01\x888\
\x00\x00\x07\xa6\x00\x00\x00\x00\x00\x01\x00\x01\x86\x0a\
\x00\x00\x01\xa0\x10N!r\
\x00\x00\x09\xb0\x00\x00\x00\x00\x00\x01\x00\x02\x12\xaa\
\x00\x00\x01\x9f\xcd\x01\x88]\
\x00\x00\x04d\x00\x00\x00\x00\x00\x01\x00\x00\xe8\xd5\
\x00\x00\x01\x9f\xcd\x01\x88O\
\x00\x00\x03\x8c\x00\x00\x00\x00\x00\x01\x00\x00\xbf\xfc\
\x00\x00\x01\x9f\xcd\x01\x88K\
\x00\x00\x03\x9e\x00\x00\x00\x00\x00\x01\x00\x00\xc3\x06\
\x00\x00\x01\x9f\xcd\x01\x88M\
\x00\x00\x04\x1a\x00\x01\x00\x00\x00\x01\x00\x00\xe1z\
\x00\x00\x01\x9f\xcd\x01\x88U\
\x00\x00\x03\xb0\x00\x00\x00\x00\x00\x01\x00\x00\xc5 \
\x00\x00\x01\x9f\xcd\x01\x888\
\x00\x00\x04\xd4\x00\x00\x00\x00\x00\x01\x00\x00\xf5\x0a\
\x00\x00\x01\xa0B\x8b\x8cI\
\x00\x00\x08\x10\x00\x00\x00\x00\x00\x01\x00\x01\x99\xcd\
\x00\x00\x01\xa0L\xb8Y\xdf\
\x00\x00\x04\x00\x00\x00\x00\x00\x00\x01\x00\x00\xcc\xbd\
\x00\x00\x01\x9f\xcd\x01\x88V\
\x00\x00\x08P\x00\x00\x00\x00\x00\x01\x00\x01\xd8\xf2\
\x00\x00\x01\x9f\xcd\x01\x88V\
\x00\x00\x05f\x00\x00\x00\x00\x00\x01\x00\x01+i\
\x00\x00\x01\xa0G\xc5r<\
\x00\x00\x09\xce\x00\x00\x00\x00\x00\x01\x00\x02\x14\xe3\
\x00\x00\x01\x9f\xcd\x01\x88V\
\x00\x00\x062\x00\x00\x00\x00\x00\x01\x00\x01`\xae\
\x00\x00\x01\x9f\xcd\x01\x88Q\
\x00\x00\x07\x8e\x00\x00\x00\x00\x00\x01\x00\x01\x82S\
\x00\x00\x01\x9f\xcd\x01\x88L\
\x00\x00\x08*\x00\x00\x00\x00\x00\x01\x00\x01\xd5\x0c\
\x00\x00\x01\x9f\xcd\x01\x888\
\x00\x00\x03l\x00\x00\x00\x00\x00\x01\x00\x00\xbd@\
\x00\x00\x01\xa0.\xdd{\x14\
\x00\x00\x00\xb6\x00\x00\x00\x00\x00\x01\x00\x00\x0f\xe5\
\x00\x00\x01\xa0)\x9e-\xf7\
\x00\x00\x04D\x00\x00\x00\x00\x00\x01\x00\x00\xe6S\
\x00\x00\x01\x9f\xcd\x01\x88-\
\x00\x00\x07L\x00\x00\x00\x00\x00\x01\x00\x01~\xb3\
\x00\x00\x01\x9f\xcd\x01\x88V\
\x00\x00\x01\xfc\x00\x00\x00\x00\x00\x01\x00\x00o\x06\
\x00\x00\x01\x9f\xcd\x01\x88S\
\x00\x00\x08j\x00\x00\x00\x00\x00\x01\x00\x01\xe6j\
\x00\x00\x01\x9f\xcd\x01\x88%\
\x00\x00\x01\x22\x00\x00\x00\x00\x00\x01\x00\x00%\xfb\
\x00\x00\x01\xa01\xb0\x1dq\
\x00\x00\x06\x14\x00\x00\x00\x00\x00\x01\x00\x01]S\
\x00\x00\x01\x9f\xcd\x01\x888\
\x00\x00\x06\xc8\x00\x00\x00\x00\x00\x01\x00\x01q\xe9\
\x00\x00\x01\x9f\xcd\x01\x888\
\x00\x00\x038\x00\x00\x00\x00\x00\x01\x00\x00\xb9\xfe\
\x00\x00\x01\x9f\xcd\x01\x888\
\x00\x00\x01v\x00\x00\x00\x00\x00\x01\x00\x00c)\
\x00\x00\x01\x9f\xcd\x01\x888\
\x00\x00\x01v\x00\x00\x00\x00\x00\x01\x00\x00a\xab\
\x00\x00\x01\x9f\xcd\x01\x888\
\x00\x00\x03$\x00\x00\x00\x00\x00\x01\x00\x00\xb7\x03\
\x00\x00\x01\xa01\xa4j\xea\
\x00\x00\x04x\x00\x00\x00\x00\x00\x01\x00\x00\xec\x1c\
\x00\x00\x01\xa0B\x8d6m\
\x00\x00\x07\xd4\x00\x00\x00\x00\x00\x01\x00\x01\x96\x0b\
\x00\x00\x01\x9f\xcd\x01\x88V\
\x00\x00\x050\x00\x00\x00\x00\x00\x01\x00\x01'\xac\
\x00\x00\x01\x9f\xcd\x01\x88S\
\x00\x00\x05\xe8\x00\x00\x00\x00\x00\x01\x00\x01P|\
\x00\x00\x01\xa0B\x8e\x0d \
\x00\x00\x01\x8c\x00\x00\x00\x00\x00\x01\x00\x00d\xa7\
\x00\x00\x01\x9f\xcd\x01\x884\
\x00\x00\x08\xe4\x00\x00\x00\x00\x00\x01\x00\x01\xef\xa7\
\x00\x00\x01\x9f\xcd\x01\x88V\
\x00\x00\x05\x08\x00\x00\x00\x00\x00\x01\x00\x01\x1dz\
\x00\x00\x01\x9f\xcd\x01\x88B\
\x00\x00\x07\xbe\x00\x00\x00\x00\x00\x01\x00\x01\x8fG\
\x00\x00\x01\x9f\xcd\x01\x88M\
\x00\x00\x07\xbe\x00\x00\x00\x00\x00\x01\x00\x01\x88\x83\
\x00\x00\x01\x9f\xcd\x01\x88M\
\x00\x00\x00\xde\x00\x00\x00\x00\x00\x01\x00\x00\x18\xd2\
\x00\x00\x01\xa0)\x9e-\xf7\
\x00\x00\x05\xaa\x00\x00\x00\x00\x00\x01\x00\x01F\xcf\
\x00\x00\x01\x9f\xcd\x01\x88%\
\x00\x00\x05F\x00\x00\x00\x00\x00\x01\x00\x01)\x93\
\x00\x00\x01\x9f\xcd\x01\x88V\
\x00\x00\x01\x04\x00\x00\x00\x00\x00\x01\x00\x00!\xaf\
\x00\x00\x01\x9f\xcd\x01\x884\
\x00\x00\x09\x08\x00\x00\x00\x00\x00\x01\x00\x01\xf5N\
\x00\x00\x01\x9f\xcd\x01\x888\
\x00\x00\x05\xca\x00\x00\x00\x00\x00\x01\x00\x01N\x07\
\x00\x00\x01\x9f\xcd\x01\x88U\
\x00\x00\x09(\x00\x00\x00\x00\x00\x01\x00\x01\xf7w\
\x00\x00\x01\x9f\xcd\x01\x88Q\
\x00\x00\x02R\x00\x00\x00\x00\x00\x01\x00\x00}\xf8\
\x00\x00\x01\x9f\xcd\x01\x88L\
\x00\x00\x04\xec\x00\x00\x00\x00\x00\x01\x00\x00\xfa=\
\x00\x00\x01\x9f\xcd\x01\x88O\
\x00\x00\x08\x94\x00\x00\x00\x00\x00\x01\x00\x01\xe8\x9a\
\x00\x00\x01\x9f\xcd\x01\x88R\
\x00\x00\x01\xdc\x00\x00\x00\x00\x00\x01\x00\x00l\x19\
\x00\x00\x01\x9f\xcd\x01\x88P\
\x00\x00\x06\xa6\x00\x00\x00\x00\x00\x01\x00\x01o&\
\x00\x00\x01\x9f\xcd\x01\x88N\
\x00\x00\x06\xf2\x00\x01\x00\x00\x00\x01\x00\x01t\x18\
\x00\x00\x01\x9f\xcd\x01\x88%\
\x00\x00\x09v\x00\x00\x00\x00\x00\x01\x00\x02\x0d\x0c\
\x00\x00\x01\x9f\xcd\x01\x884\
\x00\x00\x07\x0c\x00\x00\x00\x00\x00\x01\x00\x01u,\
\x00\x00\x01\x9f\xcd\x01\x88V\
\x00\x00\x09\x9a\x00\x00\x00\x00\x00\x01\x00\x02\x0fH\
\x00\x00\x01\x9f\xcd\x01\x888\
\x00\x00\x04\xb0\x00\x00\x00\x00\x00\x01\x00\x00\xf1\x18\
\x00\x00\x01\x9f\xcd\x01\x88B\
"

def qInitResources():
    QtCore.qRegisterResourceData(0x03, qt_resource_struct, qt_resource_name, qt_resource_data)

def qCleanupResources():
    QtCore.qUnregisterResourceData(0x03, qt_resource_struct, qt_resource_name, qt_resource_data)

qInitResources()
